,ID,State,City,Locality,Property_Type,BHK,Size_in_SqFt,Price_in_Lakhs,Price_per_SqFt,Year_Built,Furnished_Status,Floor_No,Total_Floors,Age_of_Property,Nearby_Schools,Nearby_Hospitals,Facing,Availability_Status
11,12,Karnataka,Bangalore,North-East,Apartment,5,3988,465.38,0.12,2022,Furnished,6,24,3,6,4,West,Ready_to_Move
56,57,Karnataka,Bangalore,East,Apartment,5,3276,139.64,0.04,1997,Semi-furnished,9,14,28,4,7,West,Under_Construction
83,84,Karnataka,Bangalore,North-East,Independent House,4,3936,401.88,0.1,1999,Furnished,2,6,26,3,6,West,Ready_to_Move
230,231,Karnataka,Bangalore,North-East,Apartment,1,999,342.81,0.34,2006,Semi-furnished,15,25,19,2,7,West,Under_Construction
249,250,Karnataka,Bangalore,East,Independent House,2,1022,68.09,0.07,2009,Furnished,17,9,16,4,3,South,Under_Construction
275,276,Karnataka,Bangalore,Central,Independent House,4,4668,337.41,0.07,2006,Semi-furnished,8,16,19,5,2,West,Ready_to_Move
281,282,Karnataka,Bangalore,Central,Apartment,3,4562,100.33,0.02,2019,Semi-furnished,7,20,6,5,2,South,Under_Construction
287,288,Karnataka,Bangalore,South-East,Villa,4,3519,117.88,0.03,2018,Furnished,4,15,7,10,9,North,Ready_to_Move
366,367,Karnataka,Bangalore,West,Independent House,1,4304,248.76,0.06,1992,Furnished,28,22,33,1,7,South,Under_Construction
455,456,Karnataka,Bangalore,North-East,Independent House,2,964,96.13,0.1,2006,Semi-furnished,7,18,19,1,9,West,Under_Construction
534,535,Karnataka,Bangalore,West,Villa,5,3828,264.56,0.07,1993,Semi-furnished,7,6,32,1,8,North,Under_Construction
583,584,Karnataka,Bangalore,South-East,Villa,3,1894,213.43,0.11,2019,Unfurnished,17,22,6,9,6,West,Ready_to_Move
645,646,Karnataka,Bangalore,North-East,Villa,2,2363,312.84,0.13,2008,Furnished,9,19,17,9,1,East,Under_Construction
794,795,Karnataka,Bangalore,South-East,Villa,3,2716,99.46,0.04,2004,Furnished,7,7,21,3,8,East,Ready_to_Move
817,818,Karnataka,Bangalore,South,Independent House,1,4942,30.14,0.01,2011,Unfurnished,8,24,14,8,5,East,Ready_to_Move
841,842,Karnataka,Bangalore,South-West,Villa,5,1287,383.83,0.3,2019,Semi-furnished,8,12,6,1,9,East,Under_Construction
878,879,Karnataka,Bangalore,West,Apartment,3,3674,218.51,0.06,1990,Unfurnished,22,12,35,8,10,North,Under_Construction
896,897,Karnataka,Bangalore,South,Apartment,5,1593,319.72,0.2,2019,Furnished,10,20,6,10,6,West,Under_Construction
946,947,Karnataka,Bangalore,South-East,Villa,2,2324,131.14,0.06,2023,Furnished,24,20,2,5,1,East,Ready_to_Move
953,954,Karnataka,Bangalore,West,Independent House,4,1981,156.54,0.08,2013,Semi-furnished,24,14,12,8,1,West,Ready_to_Move
1022,1023,Karnataka,Bangalore,South,Villa,1,3546,172.55,0.05,2008,Semi-furnished,18,22,17,9,4,North,Under_Construction
1128,1129,Karnataka,Bangalore,West,Independent House,4,4230,318.3,0.08,2023,Furnished,11,15,2,8,3,North,Ready_to_Move
1233,1234,Karnataka,Bangalore,North-East,Independent House,1,1037,193.8,0.19,2007,Furnished,21,19,18,6,6,South,Under_Construction
1353,1354,Karnataka,Bangalore,North,Villa,2,2598,99.11,0.04,1996,Semi-furnished,3,14,29,1,3,South,Under_Construction
1680,1681,Karnataka,Bangalore,North,Independent House,5,2047,166.17,0.08,2010,Furnished,2,30,15,6,8,North,Ready_to_Move
1798,1799,Karnataka,Bangalore,South-West,Apartment,1,1539,75.33,0.05,1998,Furnished,17,27,27,1,10,North,Under_Construction
1801,1802,Karnataka,Bangalore,South,Apartment,2,3537,403.11,0.11,2018,Unfurnished,16,17,7,9,6,West,Under_Construction
1875,1876,Karnataka,Bangalore,North,Villa,1,1322,219.3,0.17,1993,Semi-furnished,12,1,32,7,9,East,Under_Construction
2017,2018,Karnataka,Bangalore,Central,Apartment,2,2610,51.92,0.02,1994,Unfurnished,20,7,31,6,8,West,Under_Construction
2045,2046,Karnataka,Bangalore,West,Independent House,1,3127,492.71,0.16,1991,Semi-furnished,28,9,34,3,7,North,Under_Construction
2090,2091,Karnataka,Bangalore,North,Apartment,2,2287,465.81,0.2,2020,Unfurnished,2,3,5,4,1,East,Ready_to_Move
2119,2120,Karnataka,Bangalore,Central,Apartment,5,1090,62.58,0.06,2005,Unfurnished,20,5,20,8,4,East,Ready_to_Move
2228,2229,Karnataka,Bangalore,Central,Villa,2,4061,168.07,0.04,1997,Furnished,23,3,28,5,7,East,Under_Construction
2268,2269,Karnataka,Bangalore,North-East,Independent House,5,1827,138.44,0.08,2018,Unfurnished,10,2,7,2,10,North,Ready_to_Move
2273,2274,Karnataka,Bangalore,North-East,Villa,1,2824,344.77,0.12,2006,Furnished,8,4,19,2,3,South,Under_Construction
2277,2278,Karnataka,Bangalore,North-East,Villa,1,3734,159.37,0.04,1998,Furnished,1,28,27,3,9,West,Ready_to_Move
2338,2339,Karnataka,Bangalore,East,Apartment,5,3744,275.74,0.07,1994,Furnished,7,25,31,8,1,South,Ready_to_Move
2398,2399,Karnataka,Bangalore,Central,Independent House,5,809,498.33,0.62,1997,Semi-furnished,15,30,28,9,3,South,Ready_to_Move
2414,2415,Karnataka,Bangalore,North-East,Apartment,5,1465,480.12,0.33,2017,Unfurnished,26,5,8,3,1,North,Ready_to_Move
2417,2418,Karnataka,Bangalore,North-East,Villa,4,3729,425.13,0.11,2005,Furnished,8,5,20,10,8,North,Under_Construction
2475,2476,Karnataka,Bangalore,South-East,Independent House,4,4033,216.12,0.05,2006,Furnished,3,25,19,4,6,West,Under_Construction
2536,2537,Karnataka,Bangalore,South-East,Villa,1,3909,487.6,0.12,2013,Semi-furnished,14,18,12,8,4,East,Under_Construction
2541,2542,Karnataka,Bangalore,South,Independent House,4,2983,336.81,0.11,1994,Unfurnished,29,10,31,1,5,West,Under_Construction
2581,2582,Karnataka,Bangalore,North-East,Independent House,4,2896,347.74,0.12,1997,Unfurnished,25,6,28,10,10,South,Under_Construction
2614,2615,Karnataka,Bangalore,West,Villa,1,3636,328.8,0.09,2014,Unfurnished,22,9,11,1,6,East,Ready_to_Move
2616,2617,Karnataka,Bangalore,South-West,Villa,5,1493,309.4,0.21,2018,Semi-furnished,23,5,7,7,2,East,Under_Construction
2671,2672,Karnataka,Bangalore,East,Apartment,4,4225,305.5,0.07,2004,Unfurnished,18,27,21,6,6,North,Under_Construction
3051,3052,Karnataka,Bangalore,West,Villa,1,1800,209.84,0.12,1997,Furnished,27,23,28,9,3,South,Under_Construction
3368,3369,Karnataka,Bangalore,East,Villa,1,3118,385.49,0.12,1997,Furnished,8,14,28,3,7,South,Ready_to_Move
3457,3458,Karnataka,Bangalore,South-West,Apartment,4,1633,270.13,0.17,1991,Unfurnished,14,10,34,5,2,East,Ready_to_Move
3539,3540,Karnataka,Bangalore,South,Apartment,5,3575,399.52,0.11,1994,Semi-furnished,16,17,31,3,7,East,Under_Construction
3597,3598,Karnataka,Bangalore,North-East,Independent House,3,2798,336.01,0.12,2003,Unfurnished,29,22,22,7,4,East,Ready_to_Move
3609,3610,Karnataka,Bangalore,West,Villa,2,1690,448.67,0.27,2019,Furnished,9,16,6,6,3,North,Under_Construction
3635,3636,Karnataka,Bangalore,South-West,Villa,2,2524,333.84,0.13,1996,Furnished,24,29,29,2,5,South,Ready_to_Move
3757,3758,Karnataka,Bangalore,North-East,Villa,4,2717,56.24,0.02,2019,Unfurnished,25,28,6,4,3,South,Ready_to_Move
3770,3771,Karnataka,Bangalore,North,Villa,2,2097,499.59,0.24,1993,Semi-furnished,21,27,32,5,8,South,Under_Construction
3815,3816,Karnataka,Bangalore,South-West,Apartment,2,4043,197.73,0.05,2004,Unfurnished,29,27,21,5,9,West,Ready_to_Move
3837,3838,Karnataka,Bangalore,South-East,Independent House,4,1556,395.78,0.25,2003,Furnished,21,6,22,2,6,North,Under_Construction
3851,3852,Karnataka,Bangalore,Central,Villa,5,1356,475.13,0.35,2019,Semi-furnished,30,19,6,4,9,South,Under_Construction
3951,3952,Karnataka,Bangalore,East,Independent House,2,3759,239.43,0.06,1995,Semi-furnished,3,3,30,8,2,South,Under_Construction
3980,3981,Karnataka,Bangalore,South,Apartment,4,3525,216.89,0.06,2020,Semi-furnished,11,1,5,5,10,West,Ready_to_Move
4036,4037,Karnataka,Bangalore,South,Apartment,3,2286,146.82,0.06,1994,Semi-furnished,1,21,31,3,5,South,Ready_to_Move
4097,4098,Karnataka,Bangalore,Central,Villa,2,1448,69.05,0.05,1991,Unfurnished,6,4,34,9,9,North,Under_Construction
4113,4114,Karnataka,Bangalore,East,Independent House,5,3814,17.8,0.0,2002,Semi-furnished,19,23,23,9,3,South,Under_Construction
4154,4155,Karnataka,Bangalore,Central,Independent House,2,3688,311.3,0.08,2022,Furnished,23,14,3,8,4,West,Under_Construction
4181,4182,Karnataka,Bangalore,West,Villa,3,3844,453.64,0.12,2004,Furnished,15,21,21,3,2,North,Under_Construction
4186,4187,Karnataka,Bangalore,South,Apartment,5,3430,176.56,0.05,1992,Semi-furnished,29,24,33,9,1,South,Ready_to_Move
4257,4258,Karnataka,Bangalore,North,Apartment,4,3873,496.04,0.13,1992,Semi-furnished,11,3,33,8,2,North,Under_Construction
4308,4309,Karnataka,Bangalore,Central,Apartment,2,4151,343.67,0.08,2013,Unfurnished,2,26,12,4,3,West,Ready_to_Move
4365,4366,Karnataka,Bangalore,South-West,Apartment,3,4350,68.25,0.02,2002,Semi-furnished,13,9,23,8,7,West,Ready_to_Move
4379,4380,Karnataka,Bangalore,South,Independent House,3,794,274.37,0.35,2004,Unfurnished,0,23,21,8,10,East,Under_Construction
4400,4401,Karnataka,Bangalore,North,Independent House,3,3373,38.8,0.01,1991,Semi-furnished,10,18,34,1,9,South,Under_Construction
4490,4491,Karnataka,Bangalore,South-East,Apartment,3,558,11.47,0.02,2008,Unfurnished,25,6,17,4,1,South,Under_Construction
4514,4515,Karnataka,Bangalore,West,Apartment,2,560,486.75,0.87,2003,Unfurnished,6,9,22,5,7,South,Under_Construction
4520,4521,Karnataka,Bangalore,West,Independent House,5,2590,21.53,0.01,2016,Semi-furnished,20,26,9,3,6,West,Ready_to_Move
4788,4789,Karnataka,Bangalore,Central,Villa,2,4194,190.12,0.05,2021,Semi-furnished,18,11,4,6,4,East,Under_Construction
4838,4839,Karnataka,Bangalore,South-East,Independent House,3,4185,38.43,0.01,1991,Furnished,9,16,34,2,10,South,Ready_to_Move
4893,4894,Karnataka,Bangalore,Central,Independent House,3,4199,279.99,0.07,2002,Unfurnished,17,5,23,9,1,South,Under_Construction
4966,4967,Karnataka,Bangalore,Central,Independent House,1,2687,317.29,0.12,2022,Semi-furnished,8,22,3,3,9,South,Ready_to_Move
5040,5041,Karnataka,Bangalore,South-West,Apartment,2,2848,73.58,0.03,2000,Unfurnished,7,15,25,10,9,West,Under_Construction
5072,5073,Karnataka,Bangalore,South-West,Apartment,3,4124,419.25,0.1,2014,Unfurnished,8,20,11,9,2,East,Ready_to_Move
5201,5202,Karnataka,Bangalore,East,Villa,5,4662,403.53,0.09,2010,Semi-furnished,14,14,15,10,8,South,Under_Construction
5462,5463,Karnataka,Bangalore,North,Villa,5,3594,36.38,0.01,2011,Semi-furnished,12,20,14,10,8,West,Under_Construction
5484,5485,Karnataka,Bangalore,Central,Apartment,4,4067,273.5,0.07,1996,Furnished,19,16,29,2,4,South,Under_Construction
5504,5505,Karnataka,Bangalore,South,Apartment,1,3844,209.52,0.05,1990,Unfurnished,11,16,35,4,5,North,Under_Construction
5538,5539,Karnataka,Bangalore,West,Villa,4,4811,323.23,0.07,1995,Furnished,12,7,30,5,4,North,Under_Construction
5627,5628,Karnataka,Bangalore,East,Apartment,1,4269,247.86,0.06,1994,Unfurnished,23,7,31,6,8,East,Ready_to_Move
5633,5634,Karnataka,Bangalore,East,Villa,5,1627,423.38,0.26,2020,Furnished,24,14,5,8,9,North,Ready_to_Move
5641,5642,Karnataka,Bangalore,South-East,Villa,5,692,277.91,0.4,2002,Semi-furnished,12,8,23,9,2,South,Ready_to_Move
5651,5652,Karnataka,Bangalore,North,Apartment,2,862,485.32,0.56,2020,Unfurnished,29,11,5,3,3,East,Under_Construction
5656,5657,Karnataka,Bangalore,West,Independent House,2,2633,236.21,0.09,1997,Semi-furnished,26,18,28,10,8,East,Under_Construction
5660,5661,Karnataka,Bangalore,South-West,Independent House,5,2934,45.75,0.02,2018,Semi-furnished,26,11,7,7,9,East,Under_Construction
5738,5739,Karnataka,Bangalore,North,Apartment,4,640,228.42,0.36,2021,Unfurnished,10,8,4,9,3,East,Ready_to_Move
5778,5779,Karnataka,Bangalore,South,Apartment,2,1866,116.21,0.06,2013,Semi-furnished,0,18,12,2,5,North,Under_Construction
5896,5897,Karnataka,Bangalore,South,Apartment,1,1571,321.93,0.2,2020,Unfurnished,16,26,5,5,2,East,Ready_to_Move
5938,5939,Karnataka,Bangalore,East,Villa,2,2940,203.64,0.07,2007,Semi-furnished,16,12,18,5,9,South,Under_Construction
6054,6055,Karnataka,Bangalore,Central,Villa,1,3421,334.61,0.1,2007,Unfurnished,1,18,18,8,1,North,Ready_to_Move
6064,6065,Karnataka,Bangalore,East,Villa,3,1770,219.71,0.12,2014,Semi-furnished,10,16,11,8,1,East,Under_Construction
6120,6121,Karnataka,Bangalore,North-East,Independent House,3,3551,168.05,0.05,2023,Furnished,21,14,2,10,10,East,Under_Construction
6128,6129,Karnataka,Bangalore,Central,Villa,1,3771,157.41,0.04,2004,Furnished,23,14,21,1,8,East,Ready_to_Move
6166,6167,Karnataka,Bangalore,South-East,Villa,3,1582,207.79,0.13,1993,Semi-furnished,29,1,32,8,6,West,Under_Construction
6169,6170,Karnataka,Bangalore,North-East,Independent House,5,1520,366.45,0.24,2001,Unfurnished,13,22,24,10,9,West,Ready_to_Move
6193,6194,Karnataka,Bangalore,East,Villa,5,3627,342.24,0.09,2010,Unfurnished,10,25,15,1,4,North,Under_Construction
6252,6253,Karnataka,Bangalore,East,Independent House,4,1772,406.18,0.23,2016,Furnished,2,19,9,8,6,West,Ready_to_Move
6281,6282,Karnataka,Bangalore,South-West,Apartment,3,1298,248.67,0.19,2002,Furnished,7,20,23,3,4,West,Ready_to_Move
6290,6291,Karnataka,Bangalore,North,Villa,4,3325,134.37,0.04,2013,Semi-furnished,2,14,12,1,3,East,Under_Construction
6318,6319,Karnataka,Bangalore,East,Independent House,4,1950,495.01,0.25,1994,Unfurnished,4,9,31,6,5,North,Ready_to_Move
6365,6366,Karnataka,Bangalore,Central,Independent House,5,2734,262.22,0.1,1993,Furnished,8,29,32,10,6,East,Under_Construction
6409,6410,Karnataka,Bangalore,South-West,Independent House,5,3061,448.65,0.15,2019,Unfurnished,16,10,6,2,1,North,Under_Construction
6413,6414,Karnataka,Bangalore,North-East,Villa,1,3106,186.94,0.06,2003,Furnished,30,28,22,6,1,North,Under_Construction
6518,6519,Karnataka,Bangalore,West,Independent House,2,4158,66.93,0.02,2022,Semi-furnished,0,30,3,7,2,East,Under_Construction
6549,6550,Karnataka,Bangalore,West,Independent House,4,4377,375.85,0.09,2014,Unfurnished,20,13,11,2,10,North,Ready_to_Move
6618,6619,Karnataka,Bangalore,East,Villa,2,3621,172.2,0.05,2007,Unfurnished,7,10,18,10,8,North,Under_Construction
6668,6669,Karnataka,Bangalore,East,Apartment,5,1735,104.52,0.06,1997,Semi-furnished,26,20,28,1,6,South,Under_Construction
6714,6715,Karnataka,Bangalore,West,Independent House,4,3444,19.55,0.01,1991,Unfurnished,27,9,34,5,1,West,Ready_to_Move
6739,6740,Karnataka,Bangalore,East,Villa,3,2042,371.33,0.18,2006,Furnished,12,2,19,8,9,North,Ready_to_Move
6806,6807,Karnataka,Bangalore,South-West,Independent House,5,4726,220.65,0.05,2013,Semi-furnished,2,14,12,1,8,East,Ready_to_Move
6842,6843,Karnataka,Bangalore,West,Villa,3,3722,268.23,0.07,2009,Furnished,26,2,16,9,3,East,Ready_to_Move
6868,6869,Karnataka,Bangalore,West,Villa,1,4045,273.94,0.07,2009,Furnished,29,19,16,4,3,South,Ready_to_Move
6905,6906,Karnataka,Bangalore,West,Villa,5,3687,148.14,0.04,2013,Semi-furnished,5,27,12,7,9,East,Under_Construction
6920,6921,Karnataka,Bangalore,West,Villa,2,3298,331.05,0.1,2016,Semi-furnished,19,1,9,10,8,West,Under_Construction
6973,6974,Karnataka,Bangalore,South,Apartment,1,4869,56.8,0.01,2003,Unfurnished,4,5,22,1,3,East,Under_Construction
7033,7034,Karnataka,Bangalore,North,Independent House,2,1481,444.12,0.3,1991,Furnished,1,20,34,9,1,South,Under_Construction
7044,7045,Karnataka,Bangalore,Central,Independent House,4,2726,155.13,0.06,2004,Furnished,7,3,21,5,4,East,Ready_to_Move
7134,7135,Karnataka,Bangalore,North-East,Apartment,1,2897,305.77,0.11,2016,Unfurnished,30,20,9,9,1,East,Under_Construction
7138,7139,Karnataka,Bangalore,North,Villa,2,4511,358.09,0.08,2017,Unfurnished,15,17,8,8,6,East,Under_Construction
7307,7308,Karnataka,Bangalore,Central,Apartment,4,683,219.11,0.32,1996,Unfurnished,6,18,29,4,8,West,Ready_to_Move
7640,7641,Karnataka,Bangalore,East,Independent House,2,598,473.44,0.79,2016,Semi-furnished,27,30,9,10,3,North,Under_Construction
7737,7738,Karnataka,Bangalore,North,Independent House,2,3492,487.97,0.14,1997,Semi-furnished,28,29,28,7,1,West,Ready_to_Move
7779,7780,Karnataka,Bangalore,North,Villa,2,553,175.4,0.32,2004,Unfurnished,26,22,21,5,7,East,Under_Construction
7782,7783,Karnataka,Bangalore,North,Villa,1,4351,208.14,0.05,2012,Furnished,18,19,13,8,6,North,Ready_to_Move
7811,7812,Karnataka,Bangalore,Central,Independent House,2,4393,213.52,0.05,2013,Semi-furnished,7,12,12,3,3,North,Under_Construction
7942,7943,Karnataka,Bangalore,Central,Apartment,3,3374,32.73,0.01,2020,Unfurnished,3,17,5,8,9,East,Under_Construction
7983,7984,Karnataka,Bangalore,South,Independent House,5,1689,238.31,0.14,2005,Unfurnished,20,10,20,8,8,West,Under_Construction
8046,8047,Karnataka,Bangalore,South-West,Villa,3,1442,33.9,0.02,2006,Furnished,12,9,19,7,9,West,Under_Construction
8152,8153,Karnataka,Bangalore,East,Independent House,4,984,458.34,0.47,1999,Unfurnished,16,23,26,3,6,North,Under_Construction
8171,8172,Karnataka,Bangalore,Central,Independent House,3,4442,337.51,0.08,1999,Furnished,22,15,26,6,4,South,Under_Construction
8208,8209,Karnataka,Bangalore,East,Independent House,5,2209,472.8,0.21,1990,Semi-furnished,3,2,35,6,6,South,Ready_to_Move
8211,8212,Karnataka,Bangalore,South,Independent House,4,736,162.1,0.22,2012,Unfurnished,21,13,13,6,3,South,Ready_to_Move
8222,8223,Karnataka,Bangalore,Central,Independent House,3,4460,414.96,0.09,2004,Unfurnished,16,12,21,2,7,West,Ready_to_Move
8279,8280,Karnataka,Bangalore,South-East,Villa,3,2867,408.84,0.14,1999,Furnished,4,16,26,4,5,West,Ready_to_Move
8282,8283,Karnataka,Bangalore,South,Independent House,1,2099,241.29,0.11,1995,Unfurnished,16,29,30,2,10,South,Ready_to_Move
8377,8378,Karnataka,Bangalore,Central,Independent House,4,2388,157.0,0.07,2013,Unfurnished,18,21,12,5,9,North,Under_Construction
8471,8472,Karnataka,Bangalore,West,Independent House,2,3558,156.26,0.04,1990,Furnished,23,7,35,5,6,South,Ready_to_Move
8527,8528,Karnataka,Bangalore,West,Independent House,2,4728,131.59,0.03,1993,Semi-furnished,14,15,32,4,10,North,Ready_to_Move
8535,8536,Karnataka,Bangalore,South,Independent House,1,2625,34.89,0.01,2004,Semi-furnished,22,5,21,2,8,West,Ready_to_Move
8565,8566,Karnataka,Bangalore,South-East,Independent House,4,538,196.48,0.37,2002,Semi-furnished,24,29,23,1,2,South,Ready_to_Move
8622,8623,Karnataka,Bangalore,South,Independent House,4,4084,198.63,0.05,2018,Semi-furnished,24,20,7,9,8,South,Ready_to_Move
8627,8628,Karnataka,Bangalore,South-West,Apartment,2,3705,165.06,0.04,2006,Furnished,2,13,19,5,8,West,Ready_to_Move
8679,8680,Karnataka,Bangalore,South,Independent House,1,2494,464.12,0.19,1990,Semi-furnished,4,9,35,2,3,North,Under_Construction
8836,8837,Karnataka,Bangalore,South-West,Independent House,3,3638,366.05,0.1,2019,Furnished,22,22,6,7,8,West,Under_Construction
8889,8890,Karnataka,Bangalore,South-West,Apartment,4,3760,192.69,0.05,2017,Furnished,5,18,8,6,10,North,Under_Construction
8946,8947,Karnataka,Bangalore,South-West,Independent House,3,2151,178.25,0.08,2007,Unfurnished,23,14,18,8,2,East,Ready_to_Move
9075,9076,Karnataka,Bangalore,South,Independent House,1,2879,228.89,0.08,2017,Semi-furnished,1,28,8,1,1,North,Under_Construction
9088,9089,Karnataka,Bangalore,South-West,Apartment,3,3686,108.24,0.03,2013,Furnished,30,29,12,5,4,East,Ready_to_Move
9123,9124,Karnataka,Bangalore,Central,Independent House,4,2445,392.67,0.16,2015,Unfurnished,29,28,10,6,6,West,Ready_to_Move
9136,9137,Karnataka,Bangalore,South-West,Independent House,5,3027,48.65,0.02,1991,Semi-furnished,25,26,34,10,2,North,Ready_to_Move
9152,9153,Karnataka,Bangalore,Central,Independent House,1,4421,71.4,0.02,1995,Semi-furnished,29,9,30,6,3,West,Under_Construction
9196,9197,Karnataka,Bangalore,West,Apartment,1,764,241.88,0.32,2005,Semi-furnished,12,16,20,8,9,East,Ready_to_Move
9197,9198,Karnataka,Bangalore,South,Villa,5,4869,210.45,0.04,1998,Unfurnished,23,28,27,6,4,South,Ready_to_Move
9246,9247,Karnataka,Bangalore,South-West,Apartment,3,1207,459.42,0.38,2006,Furnished,29,25,19,6,7,South,Under_Construction
9276,9277,Karnataka,Bangalore,North,Villa,3,4809,77.1,0.02,1992,Semi-furnished,23,23,33,9,3,South,Ready_to_Move
9331,9332,Karnataka,Bangalore,West,Villa,2,4681,451.01,0.1,1994,Furnished,23,30,31,1,7,North,Ready_to_Move
9513,9514,Karnataka,Bangalore,South,Villa,4,1433,111.82,0.08,2005,Furnished,28,10,20,10,7,West,Under_Construction
9528,9529,Karnataka,Bangalore,East,Independent House,4,2347,495.62,0.21,2004,Unfurnished,30,6,21,4,3,West,Ready_to_Move
9627,9628,Karnataka,Bangalore,East,Villa,1,4845,470.47,0.1,2013,Unfurnished,0,4,12,8,5,North,Under_Construction
9667,9668,Karnataka,Bangalore,South,Apartment,3,1412,107.26,0.08,1993,Unfurnished,24,28,32,2,6,West,Under_Construction
9673,9674,Karnataka,Bangalore,North,Independent House,4,2499,121.5,0.05,2017,Furnished,8,3,8,4,5,North,Under_Construction
9695,9696,Karnataka,Bangalore,North,Independent House,2,511,141.28,0.28,2003,Semi-furnished,11,4,22,4,1,East,Under_Construction
9770,9771,Karnataka,Bangalore,South-West,Villa,4,724,423.49,0.58,1995,Furnished,3,20,30,6,2,North,Ready_to_Move
9982,9983,Karnataka,Bangalore,South-East,Apartment,4,1926,181.2,0.09,2011,Furnished,19,23,14,10,5,East,Under_Construction
10006,10007,Karnataka,Bangalore,East,Independent House,1,3572,364.19,0.1,1995,Furnished,17,18,30,7,8,North,Under_Construction
10058,10059,Karnataka,Bangalore,South,Villa,4,1747,123.55,0.07,2018,Semi-furnished,29,28,7,5,1,North,Under_Construction
10079,10080,Karnataka,Bangalore,North,Apartment,1,2554,328.84,0.13,2003,Unfurnished,26,26,22,2,1,East,Ready_to_Move
10169,10170,Karnataka,Bangalore,South-West,Independent House,4,2479,101.31,0.04,2017,Furnished,14,4,8,2,4,East,Under_Construction
10187,10188,Karnataka,Bangalore,South-West,Apartment,5,1684,447.73,0.27,1996,Unfurnished,2,23,29,4,7,East,Under_Construction
10234,10235,Karnataka,Bangalore,South-East,Independent House,5,4625,431.18,0.09,2015,Unfurnished,11,17,10,6,4,North,Under_Construction
10349,10350,Karnataka,Bangalore,South-East,Villa,5,2240,170.34,0.08,2021,Unfurnished,13,20,4,6,9,South,Ready_to_Move
10455,10456,Karnataka,Bangalore,South-East,Independent House,4,3119,447.5,0.14,2017,Unfurnished,23,8,8,6,6,North,Under_Construction
10508,10509,Karnataka,Bangalore,South,Independent House,5,1882,453.31,0.24,1993,Furnished,9,28,32,2,6,South,Under_Construction
10520,10521,Karnataka,Bangalore,North-East,Apartment,4,2194,464.71,0.21,1995,Unfurnished,10,16,30,5,6,East,Under_Construction
10543,10544,Karnataka,Bangalore,South-East,Apartment,1,1302,120.5,0.09,2013,Unfurnished,18,2,12,1,6,North,Under_Construction
10665,10666,Karnataka,Bangalore,Central,Apartment,2,1735,164.52,0.09,1994,Semi-furnished,9,17,31,2,2,East,Under_Construction
10674,10675,Karnataka,Bangalore,South-East,Independent House,3,583,265.36,0.46,2014,Semi-furnished,25,11,11,8,7,North,Under_Construction
10684,10685,Karnataka,Bangalore,North-East,Independent House,2,1288,396.7,0.31,2007,Unfurnished,1,21,18,5,7,East,Ready_to_Move
10701,10702,Karnataka,Bangalore,South-East,Apartment,3,4833,480.32,0.1,2011,Unfurnished,17,1,14,10,10,South,Ready_to_Move
10738,10739,Karnataka,Bangalore,Central,Apartment,1,835,486.19,0.58,2019,Semi-furnished,19,19,6,10,4,North,Ready_to_Move
10778,10779,Karnataka,Bangalore,South-East,Apartment,2,4674,109.15,0.02,2014,Furnished,0,9,11,7,9,North,Ready_to_Move
10819,10820,Karnataka,Bangalore,East,Villa,4,2640,157.93,0.06,1990,Unfurnished,24,4,35,9,2,East,Ready_to_Move
10908,10909,Karnataka,Bangalore,South-East,Independent House,3,4310,468.5,0.11,2014,Furnished,2,30,11,9,3,North,Ready_to_Move
10932,10933,Karnataka,Bangalore,North-East,Apartment,4,1052,494.1,0.47,2000,Semi-furnished,14,30,25,8,1,West,Ready_to_Move
11101,11102,Karnataka,Bangalore,North-East,Independent House,2,3259,399.96,0.12,1994,Furnished,17,27,31,7,4,East,Under_Construction
11164,11165,Karnataka,Bangalore,South-West,Apartment,1,3151,286.12,0.09,2014,Furnished,9,22,11,6,2,East,Under_Construction
11170,11171,Karnataka,Bangalore,South,Villa,5,2709,104.51,0.04,1994,Unfurnished,1,25,31,8,5,North,Under_Construction
11174,11175,Karnataka,Bangalore,South,Villa,5,1313,422.22,0.32,2014,Furnished,28,9,11,2,10,East,Under_Construction
11331,11332,Karnataka,Bangalore,South-West,Apartment,4,937,336.18,0.36,2009,Semi-furnished,29,12,16,1,3,West,Ready_to_Move
11334,11335,Karnataka,Bangalore,East,Villa,4,4829,284.28,0.06,1995,Furnished,0,2,30,7,6,North,Under_Construction
11464,11465,Karnataka,Bangalore,South-East,Apartment,4,3446,428.27,0.12,2019,Semi-furnished,30,3,6,8,4,East,Ready_to_Move
11729,11730,Karnataka,Bangalore,North-East,Villa,3,4987,301.71,0.06,1998,Semi-furnished,22,5,27,4,9,West,Under_Construction
11757,11758,Karnataka,Bangalore,East,Independent House,5,2867,456.36,0.16,1994,Unfurnished,24,25,31,2,9,North,Ready_to_Move
11774,11775,Karnataka,Bangalore,North-East,Independent House,1,3649,483.84,0.13,1996,Unfurnished,27,14,29,7,10,East,Ready_to_Move
11785,11786,Karnataka,Bangalore,South-East,Apartment,5,4610,460.18,0.1,2002,Semi-furnished,28,14,23,3,2,West,Under_Construction
11798,11799,Karnataka,Bangalore,East,Villa,1,2965,337.49,0.11,2019,Furnished,28,10,6,8,2,North,Ready_to_Move
11800,11801,Karnataka,Bangalore,Central,Villa,2,620,52.25,0.08,2003,Unfurnished,28,8,22,3,3,East,Ready_to_Move
11843,11844,Karnataka,Bangalore,Central,Apartment,2,929,419.36,0.45,2023,Unfurnished,24,12,2,2,5,South,Ready_to_Move
11934,11935,Karnataka,Bangalore,West,Independent House,1,1928,88.32,0.05,1990,Semi-furnished,6,4,35,5,8,North,Under_Construction
12090,12091,Karnataka,Bangalore,South-East,Apartment,5,4071,62.91,0.02,2002,Semi-furnished,29,4,23,2,4,West,Under_Construction
12187,12188,Karnataka,Bangalore,North,Apartment,4,1697,215.37,0.13,2010,Furnished,19,21,15,10,7,North,Under_Construction
12199,12200,Karnataka,Bangalore,East,Independent House,3,3665,366.65,0.1,2015,Semi-furnished,0,30,10,5,8,North,Under_Construction
12285,12286,Karnataka,Bangalore,North,Villa,1,3368,193.17,0.06,2002,Unfurnished,24,16,23,6,9,North,Under_Construction
12418,12419,Karnataka,Bangalore,East,Independent House,3,3577,334.6,0.09,2019,Unfurnished,16,10,6,3,6,East,Ready_to_Move
12441,12442,Karnataka,Bangalore,South,Independent House,2,1257,221.7,0.18,2000,Semi-furnished,24,15,25,9,6,North,Under_Construction
12476,12477,Karnataka,Bangalore,West,Independent House,3,2055,12.58,0.01,2004,Furnished,28,2,21,10,4,South,Ready_to_Move
12497,12498,Karnataka,Bangalore,West,Villa,2,3367,211.28,0.06,2020,Unfurnished,28,11,5,6,5,West,Under_Construction
12529,12530,Karnataka,Bangalore,Central,Apartment,1,2736,145.67,0.05,2011,Semi-furnished,7,12,14,9,6,East,Ready_to_Move
12534,12535,Karnataka,Bangalore,South-West,Independent House,5,4391,63.02,0.01,2013,Furnished,27,12,12,10,5,South,Under_Construction
12582,12583,Karnataka,Bangalore,South,Apartment,3,550,439.48,0.8,1992,Unfurnished,16,23,33,9,8,West,Ready_to_Move
12612,12613,Karnataka,Bangalore,South-East,Independent House,1,1306,207.02,0.16,2000,Unfurnished,11,29,25,4,7,South,Under_Construction
12675,12676,Karnataka,Bangalore,North-East,Apartment,1,2431,189.79,0.08,1998,Semi-furnished,8,29,27,6,2,West,Under_Construction
12709,12710,Karnataka,Bangalore,North-East,Apartment,5,950,150.55,0.16,1995,Unfurnished,27,30,30,6,3,South,Ready_to_Move
12718,12719,Karnataka,Bangalore,Central,Independent House,2,3556,382.96,0.11,2010,Semi-furnished,17,15,15,8,4,West,Under_Construction
12752,12753,Karnataka,Bangalore,North-East,Independent House,5,4898,103.03,0.02,1992,Furnished,21,25,33,10,10,West,Ready_to_Move
12849,12850,Karnataka,Bangalore,North-East,Villa,5,4685,382.03,0.08,2023,Unfurnished,1,10,2,2,6,West,Ready_to_Move
12904,12905,Karnataka,Bangalore,East,Apartment,3,4822,153.0,0.03,2002,Semi-furnished,8,12,23,1,8,South,Under_Construction
12950,12951,Karnataka,Bangalore,East,Apartment,2,4100,309.46,0.08,2012,Furnished,3,25,13,2,1,West,Ready_to_Move
12990,12991,Karnataka,Bangalore,West,Apartment,2,4152,72.42,0.02,1990,Unfurnished,10,29,35,8,9,East,Under_Construction
12997,12998,Karnataka,Bangalore,Central,Apartment,2,3087,433.41,0.14,2008,Semi-furnished,28,21,17,3,2,West,Under_Construction
13025,13026,Karnataka,Bangalore,South-East,Villa,2,1998,292.17,0.15,2012,Unfurnished,16,15,13,8,2,East,Under_Construction
13075,13076,Karnataka,Bangalore,West,Villa,2,4971,427.32,0.09,2023,Furnished,29,11,2,10,8,East,Under_Construction
13086,13087,Karnataka,Bangalore,Central,Apartment,3,532,475.89,0.89,2014,Semi-furnished,11,9,11,10,5,North,Under_Construction
13115,13116,Karnataka,Bangalore,South-East,Villa,5,3659,432.18,0.12,2003,Semi-furnished,22,8,22,7,6,North,Ready_to_Move
13134,13135,Karnataka,Bangalore,North-East,Apartment,4,2468,58.95,0.02,2016,Semi-furnished,23,24,9,10,10,South,Under_Construction
13148,13149,Karnataka,Bangalore,North,Villa,2,4104,206.34,0.05,2002,Furnished,19,2,23,7,10,East,Ready_to_Move
13240,13241,Karnataka,Bangalore,West,Independent House,4,4107,83.89,0.02,2002,Furnished,22,27,23,8,7,South,Ready_to_Move
13457,13458,Karnataka,Bangalore,West,Villa,2,3057,55.19,0.02,2011,Semi-furnished,24,25,14,6,6,East,Under_Construction
13500,13501,Karnataka,Bangalore,North,Independent House,3,3609,25.45,0.01,2006,Unfurnished,10,23,19,3,10,East,Under_Construction
13667,13668,Karnataka,Bangalore,North,Apartment,5,1017,129.1,0.13,2015,Semi-furnished,14,28,10,7,10,East,Under_Construction
13753,13754,Karnataka,Bangalore,South-East,Apartment,3,1898,186.15,0.1,2022,Furnished,29,2,3,6,9,West,Ready_to_Move
13810,13811,Karnataka,Bangalore,South-East,Villa,3,1153,154.21,0.13,2017,Furnished,28,25,8,6,7,West,Under_Construction
13857,13858,Karnataka,Bangalore,South,Apartment,4,4499,125.15,0.03,1999,Furnished,15,22,26,10,5,North,Under_Construction
13861,13862,Karnataka,Bangalore,North-East,Apartment,4,3848,321.29,0.08,2004,Semi-furnished,3,5,21,4,7,East,Ready_to_Move
14102,14103,Karnataka,Bangalore,South-East,Villa,3,1170,415.21,0.35,1996,Semi-furnished,22,13,29,10,1,West,Ready_to_Move
14219,14220,Karnataka,Bangalore,South,Independent House,3,2091,82.65,0.04,2007,Unfurnished,23,10,18,8,3,South,Ready_to_Move
14242,14243,Karnataka,Bangalore,South-West,Villa,2,1954,169.47,0.09,2009,Unfurnished,16,18,16,1,10,South,Ready_to_Move
14419,14420,Karnataka,Bangalore,East,Apartment,2,874,231.06,0.26,1998,Furnished,11,8,27,3,2,North,Under_Construction
14579,14580,Karnataka,Bangalore,East,Independent House,1,922,274.4,0.3,1999,Semi-furnished,20,27,26,5,5,South,Ready_to_Move
14631,14632,Karnataka,Bangalore,South,Villa,3,4286,137.39,0.03,2002,Furnished,12,6,23,9,4,South,Under_Construction
14674,14675,Karnataka,Bangalore,Central,Villa,1,4927,277.25,0.06,2004,Furnished,15,21,21,1,8,West,Ready_to_Move
14746,14747,Karnataka,Bangalore,South,Villa,1,3087,128.38,0.04,2020,Semi-furnished,19,1,5,6,7,East,Ready_to_Move
14822,14823,Karnataka,Bangalore,West,Apartment,1,3561,165.3,0.05,1993,Furnished,0,2,32,6,2,North,Ready_to_Move
14861,14862,Karnataka,Bangalore,North-East,Villa,1,2994,117.62,0.04,1998,Unfurnished,17,14,27,10,8,East,Ready_to_Move
14959,14960,Karnataka,Bangalore,South,Apartment,3,4271,130.3,0.03,1990,Unfurnished,8,4,35,10,2,East,Under_Construction
15183,15184,Karnataka,Bangalore,East,Independent House,3,2048,314.15,0.15,1998,Furnished,18,16,27,1,10,South,Under_Construction
15237,15238,Karnataka,Bangalore,South-East,Independent House,2,3508,115.56,0.03,2017,Semi-furnished,23,5,8,1,2,North,Ready_to_Move
15274,15275,Karnataka,Bangalore,South,Villa,2,2898,133.99,0.05,1990,Furnished,2,8,35,1,5,North,Under_Construction
15309,15310,Karnataka,Bangalore,South-East,Villa,3,2713,26.9,0.01,1990,Furnished,26,2,35,3,5,South,Ready_to_Move
15401,15402,Karnataka,Bangalore,West,Villa,4,3842,133.7,0.03,2003,Furnished,27,12,22,8,6,East,Under_Construction
15425,15426,Karnataka,Bangalore,North,Independent House,3,3368,307.4,0.09,1994,Semi-furnished,4,15,31,10,3,West,Under_Construction
15457,15458,Karnataka,Bangalore,South,Villa,3,1866,349.46,0.19,1992,Semi-furnished,27,16,33,7,1,South,Ready_to_Move
15526,15527,Karnataka,Bangalore,South-East,Villa,1,2258,253.44,0.11,1993,Unfurnished,30,29,32,10,10,East,Ready_to_Move
15574,15575,Karnataka,Bangalore,Central,Independent House,1,3790,342.06,0.09,2012,Furnished,11,1,13,2,10,West,Under_Construction
15653,15654,Karnataka,Bangalore,South-East,Apartment,3,4665,404.45,0.09,2001,Furnished,7,8,24,9,5,South,Ready_to_Move
15659,15660,Karnataka,Bangalore,South,Independent House,4,642,128.19,0.2,2020,Semi-furnished,3,26,5,1,2,West,Ready_to_Move
15758,15759,Karnataka,Bangalore,North,Independent House,1,3774,477.37,0.13,1996,Semi-furnished,15,10,29,1,9,North,Ready_to_Move
15824,15825,Karnataka,Bangalore,South-West,Independent House,4,1850,469.42,0.25,1993,Unfurnished,28,21,32,6,6,West,Under_Construction
15887,15888,Karnataka,Bangalore,South-West,Independent House,5,3835,236.32,0.06,2021,Semi-furnished,0,25,4,1,3,South,Ready_to_Move
15919,15920,Karnataka,Bangalore,South,Independent House,3,2670,377.05,0.14,2009,Furnished,27,24,16,1,4,South,Under_Construction
16119,16120,Karnataka,Bangalore,West,Villa,4,1921,315.06,0.16,2013,Unfurnished,19,3,12,1,6,South,Ready_to_Move
16181,16182,Karnataka,Bangalore,West,Apartment,2,2408,473.04,0.2,1991,Semi-furnished,9,11,34,9,9,West,Ready_to_Move
16250,16251,Karnataka,Bangalore,North-East,Apartment,4,1538,347.31,0.23,2004,Unfurnished,5,7,21,4,10,West,Under_Construction
16413,16414,Karnataka,Bangalore,Central,Villa,4,4436,152.87,0.03,1997,Furnished,4,24,28,5,10,East,Under_Construction
16502,16503,Karnataka,Bangalore,West,Independent House,5,2906,49.04,0.02,1993,Semi-furnished,30,24,32,2,10,South,Under_Construction
16558,16559,Karnataka,Bangalore,South,Villa,5,1918,126.44,0.07,2006,Furnished,13,23,19,2,1,South,Under_Construction
16697,16698,Karnataka,Bangalore,North-East,Apartment,3,1149,228.54,0.2,2008,Semi-furnished,18,5,17,3,9,North,Ready_to_Move
16699,16700,Karnataka,Bangalore,South-East,Apartment,3,598,334.79,0.56,2007,Unfurnished,1,28,18,5,9,South,Ready_to_Move
16850,16851,Karnataka,Bangalore,North-East,Apartment,5,4482,393.31,0.09,2006,Semi-furnished,18,3,19,7,5,East,Ready_to_Move
16864,16865,Karnataka,Bangalore,North,Independent House,4,4786,162.79,0.03,2000,Furnished,6,9,25,9,3,East,Ready_to_Move
17011,17012,Karnataka,Bangalore,East,Independent House,3,2953,466.64,0.16,2009,Furnished,5,4,16,7,3,South,Under_Construction
17032,17033,Karnataka,Bangalore,South-West,Independent House,5,3848,423.22,0.11,2012,Furnished,5,11,13,1,6,North,Ready_to_Move
17205,17206,Karnataka,Bangalore,South-East,Villa,3,3854,245.89,0.06,2007,Unfurnished,4,9,18,7,5,North,Ready_to_Move
17213,17214,Karnataka,Bangalore,East,Apartment,4,4715,436.48,0.09,1996,Semi-furnished,28,22,29,1,4,South,Under_Construction
17232,17233,Karnataka,Bangalore,Central,Apartment,2,1484,88.59,0.06,2023,Unfurnished,20,21,2,2,4,West,Under_Construction
17251,17252,Karnataka,Bangalore,Central,Apartment,4,758,469.7,0.62,2009,Semi-furnished,1,22,16,7,9,East,Under_Construction
17318,17319,Karnataka,Bangalore,South-East,Villa,4,3860,323.86,0.08,2004,Furnished,29,21,21,10,2,North,Ready_to_Move
17360,17361,Karnataka,Bangalore,West,Apartment,1,4612,29.43,0.01,1999,Unfurnished,10,1,26,9,1,North,Ready_to_Move
17379,17380,Karnataka,Bangalore,South,Apartment,5,1406,458.19,0.33,1994,Unfurnished,3,6,31,2,6,North,Under_Construction
17459,17460,Karnataka,Bangalore,North,Villa,3,3902,98.36,0.03,1995,Semi-furnished,21,5,30,7,10,South,Ready_to_Move
17460,17461,Karnataka,Bangalore,South-East,Villa,4,2713,60.89,0.02,2009,Semi-furnished,21,3,16,1,2,North,Under_Construction
17704,17705,Karnataka,Bangalore,West,Villa,2,3083,23.24,0.01,1998,Furnished,7,17,27,5,9,West,Under_Construction
17754,17755,Karnataka,Bangalore,South-East,Apartment,3,3365,207.51,0.06,2019,Furnished,19,28,6,3,9,East,Ready_to_Move
17768,17769,Karnataka,Bangalore,South-West,Apartment,2,4358,211.71,0.05,2023,Furnished,8,22,2,10,10,North,Ready_to_Move
17774,17775,Karnataka,Bangalore,East,Apartment,5,903,110.67,0.12,2014,Unfurnished,12,7,11,9,2,West,Under_Construction
17892,17893,Karnataka,Bangalore,South-West,Independent House,1,658,203.96,0.31,2019,Semi-furnished,15,26,6,6,1,West,Under_Construction
18049,18050,Karnataka,Bangalore,South,Independent House,2,2832,64.48,0.02,1992,Furnished,29,1,33,10,4,North,Ready_to_Move
18095,18096,Karnataka,Bangalore,South-West,Independent House,4,1059,215.42,0.2,2003,Semi-furnished,3,26,22,7,1,South,Ready_to_Move
18109,18110,Karnataka,Bangalore,North,Villa,3,2907,486.95,0.17,2023,Furnished,3,4,2,7,1,North,Ready_to_Move
18193,18194,Karnataka,Bangalore,East,Apartment,4,4491,257.82,0.06,2010,Furnished,12,6,15,6,2,South,Under_Construction
18302,18303,Karnataka,Bangalore,East,Villa,1,3006,115.88,0.04,2014,Unfurnished,6,2,11,8,9,North,Under_Construction
18424,18425,Karnataka,Bangalore,South,Apartment,5,1080,189.82,0.18,2023,Unfurnished,21,7,2,9,10,South,Under_Construction
18552,18553,Karnataka,Bangalore,South-East,Apartment,4,1426,453.89,0.32,1991,Furnished,22,23,34,7,1,East,Under_Construction
18558,18559,Karnataka,Bangalore,South,Villa,2,907,376.03,0.41,2009,Semi-furnished,5,7,16,7,2,East,Ready_to_Move
18576,18577,Karnataka,Bangalore,South-East,Independent House,4,4259,443.47,0.1,2002,Unfurnished,22,27,23,2,5,North,Ready_to_Move
18597,18598,Karnataka,Bangalore,South,Independent House,3,4573,344.38,0.08,2018,Unfurnished,10,11,7,10,7,East,Under_Construction
18615,18616,Karnataka,Bangalore,West,Villa,4,792,316.07,0.4,2014,Furnished,10,18,11,6,2,East,Ready_to_Move
18632,18633,Karnataka,Bangalore,East,Apartment,2,1854,147.29,0.08,1996,Semi-furnished,28,18,29,4,3,South,Ready_to_Move
18638,18639,Karnataka,Bangalore,Central,Apartment,3,2954,484.05,0.16,2019,Semi-furnished,21,8,6,4,9,South,Ready_to_Move
18798,18799,Karnataka,Bangalore,South-West,Apartment,5,2091,279.48,0.13,2016,Unfurnished,6,8,9,4,2,West,Ready_to_Move
18821,18822,Karnataka,Bangalore,West,Villa,4,3121,183.09,0.06,2023,Unfurnished,23,8,2,7,7,North,Ready_to_Move
18831,18832,Karnataka,Bangalore,South-East,Independent House,1,1855,210.19,0.11,1992,Unfurnished,22,18,33,1,5,North,Under_Construction
18930,18931,Karnataka,Bangalore,West,Villa,5,3277,323.67,0.1,1999,Semi-furnished,17,12,26,2,2,South,Under_Construction
18996,18997,Karnataka,Bangalore,South,Independent House,2,3235,165.71,0.05,2019,Semi-furnished,28,4,6,2,1,South,Ready_to_Move
19054,19055,Karnataka,Bangalore,South-East,Apartment,3,3828,46.15,0.01,2009,Furnished,1,9,16,5,1,South,Under_Construction
19234,19235,Karnataka,Bangalore,South,Independent House,3,2039,489.52,0.24,1998,Unfurnished,21,8,27,9,5,North,Ready_to_Move
19289,19290,Karnataka,Bangalore,North-East,Villa,4,2010,62.06,0.03,1994,Semi-furnished,28,13,31,2,4,East,Ready_to_Move
19309,19310,Karnataka,Bangalore,North-East,Villa,1,3209,401.17,0.13,2020,Unfurnished,9,16,5,6,6,North,Ready_to_Move
19346,19347,Karnataka,Bangalore,North,Apartment,5,4041,418.03,0.1,2010,Unfurnished,5,24,15,9,5,West,Under_Construction
19347,19348,Karnataka,Bangalore,Central,Apartment,4,2513,267.26,0.11,1995,Furnished,23,22,30,8,3,West,Under_Construction
19467,19468,Karnataka,Bangalore,East,Apartment,4,3610,189.45,0.05,1991,Semi-furnished,25,1,34,10,5,South,Ready_to_Move
19667,19668,Karnataka,Bangalore,West,Villa,4,1358,437.37,0.32,1997,Furnished,15,3,28,7,5,South,Ready_to_Move
19794,19795,Karnataka,Bangalore,South,Independent House,3,695,382.58,0.55,2013,Furnished,28,4,12,6,8,North,Under_Construction
19832,19833,Karnataka,Bangalore,East,Independent House,1,4559,452.99,0.1,2018,Unfurnished,20,30,7,6,6,North,Under_Construction
19847,19848,Karnataka,Bangalore,West,Apartment,5,3298,499.45,0.15,2009,Unfurnished,18,21,16,9,3,East,Under_Construction
19870,19871,Karnataka,Bangalore,North-East,Independent House,3,4443,441.7,0.1,2022,Furnished,18,7,3,4,5,West,Under_Construction
19875,19876,Karnataka,Bangalore,East,Villa,2,1009,139.08,0.14,2012,Semi-furnished,25,18,13,4,8,South,Ready_to_Move
19928,19929,Karnataka,Bangalore,South-West,Apartment,4,3231,264.97,0.08,2012,Unfurnished,11,15,13,7,6,South,Under_Construction
19929,19930,Karnataka,Bangalore,Central,Independent House,2,3007,197.41,0.07,2004,Semi-furnished,21,13,21,2,9,South,Ready_to_Move
19941,19942,Karnataka,Bangalore,East,Villa,3,1699,447.02,0.26,1990,Unfurnished,12,11,35,8,8,South,Ready_to_Move
19965,19966,Karnataka,Bangalore,North,Independent House,1,1450,97.14,0.07,1995,Semi-furnished,17,10,30,2,7,West,Under_Construction
19970,19971,Karnataka,Bangalore,South-West,Villa,3,800,481.06,0.6,2000,Semi-furnished,2,30,25,7,8,East,Ready_to_Move
20037,20038,Karnataka,Bangalore,South-East,Independent House,4,920,200.04,0.22,2003,Unfurnished,30,13,22,3,6,East,Ready_to_Move
20090,20091,Karnataka,Bangalore,North,Independent House,4,2668,187.42,0.07,2014,Semi-furnished,0,22,11,9,1,North,Ready_to_Move
20238,20239,Karnataka,Bangalore,South,Apartment,2,1023,448.65,0.44,2008,Furnished,20,12,17,5,1,East,Ready_to_Move
20323,20324,Karnataka,Bangalore,Central,Apartment,3,4484,499.87,0.11,1997,Furnished,11,16,28,1,9,North,Ready_to_Move
20330,20331,Karnataka,Bangalore,North-East,Villa,2,3971,271.53,0.07,2017,Semi-furnished,15,25,8,7,7,North,Ready_to_Move
20342,20343,Karnataka,Bangalore,South,Independent House,4,4968,66.35,0.01,1994,Furnished,10,27,31,4,4,East,Under_Construction
20361,20362,Karnataka,Bangalore,South,Apartment,2,3294,170.74,0.05,2010,Furnished,13,25,15,5,7,North,Under_Construction
20431,20432,Karnataka,Bangalore,Central,Apartment,4,1872,171.27,0.09,2016,Semi-furnished,7,9,9,2,9,South,Under_Construction
20497,20498,Karnataka,Bangalore,West,Villa,2,1230,319.34,0.26,2000,Furnished,23,11,25,5,10,North,Ready_to_Move
20510,20511,Karnataka,Bangalore,North-East,Villa,3,4373,21.76,0.0,1998,Furnished,26,14,27,4,8,South,Under_Construction
20581,20582,Karnataka,Bangalore,South-West,Villa,5,2012,144.71,0.07,2021,Furnished,4,10,4,7,9,East,Ready_to_Move
20617,20618,Karnataka,Bangalore,East,Independent House,3,1644,330.04,0.2,1992,Semi-furnished,28,9,33,9,5,East,Ready_to_Move
20652,20653,Karnataka,Bangalore,East,Independent House,5,1448,210.69,0.15,2010,Semi-furnished,6,30,15,10,1,North,Under_Construction
20705,20706,Karnataka,Bangalore,North,Apartment,5,1515,131.41,0.09,2015,Semi-furnished,18,24,10,9,10,North,Ready_to_Move
20759,20760,Karnataka,Bangalore,South,Independent House,2,4430,350.86,0.08,2017,Furnished,29,18,8,6,6,East,Ready_to_Move
20776,20777,Karnataka,Bangalore,South-West,Villa,5,2293,443.48,0.19,2019,Semi-furnished,12,1,6,6,7,West,Ready_to_Move
20803,20804,Karnataka,Bangalore,Central,Independent House,4,4386,419.54,0.1,1993,Semi-furnished,14,13,32,4,10,East,Ready_to_Move
20929,20930,Karnataka,Bangalore,South-East,Villa,4,4022,74.41,0.02,1996,Semi-furnished,14,21,29,10,5,North,Ready_to_Move
20950,20951,Karnataka,Bangalore,South-West,Independent House,4,2201,112.45,0.05,1994,Furnished,8,28,31,1,9,West,Ready_to_Move
20965,20966,Karnataka,Bangalore,West,Villa,5,3762,425.28,0.11,2015,Unfurnished,9,3,10,7,7,West,Under_Construction
21062,21063,Karnataka,Bangalore,South-West,Villa,1,2419,90.91,0.04,2002,Semi-furnished,16,7,23,2,1,East,Ready_to_Move
21113,21114,Karnataka,Bangalore,Central,Villa,3,1659,484.59,0.29,1990,Semi-furnished,30,2,35,8,3,East,Under_Construction
21133,21134,Karnataka,Bangalore,East,Independent House,3,858,395.17,0.46,2012,Furnished,16,28,13,3,2,West,Ready_to_Move
21196,21197,Karnataka,Bangalore,West,Apartment,3,1587,75.31,0.05,1990,Semi-furnished,8,25,35,2,5,North,Under_Construction
21199,21200,Karnataka,Bangalore,Central,Apartment,1,901,301.8,0.33,2021,Unfurnished,21,25,4,10,9,East,Under_Construction
21260,21261,Karnataka,Bangalore,South-West,Independent House,1,4048,175.01,0.04,2011,Unfurnished,14,12,14,5,10,East,Under_Construction
21279,21280,Karnataka,Bangalore,South-West,Independent House,2,4788,496.87,0.1,1994,Unfurnished,19,21,31,8,7,East,Under_Construction
21323,21324,Karnataka,Bangalore,North-East,Apartment,5,4267,318.74,0.07,1991,Furnished,26,2,34,3,7,South,Under_Construction
21336,21337,Karnataka,Bangalore,North,Independent House,4,1330,306.16,0.23,2023,Semi-furnished,3,5,2,2,7,West,Ready_to_Move
21446,21447,Karnataka,Bangalore,South-East,Apartment,4,1875,445.5,0.24,1999,Furnished,24,23,26,3,4,North,Ready_to_Move
21447,21448,Karnataka,Bangalore,East,Villa,5,3886,488.2,0.13,2000,Semi-furnished,1,21,25,8,7,North,Under_Construction
21475,21476,Karnataka,Bangalore,South-East,Villa,2,4353,127.8,0.03,1991,Furnished,24,8,34,7,2,East,Ready_to_Move
21486,21487,Karnataka,Bangalore,Central,Independent House,2,2443,367.09,0.15,2006,Semi-furnished,4,8,19,8,4,East,Under_Construction
21509,21510,Karnataka,Bangalore,North-East,Independent House,3,3216,24.4,0.01,2015,Semi-furnished,27,28,10,6,1,West,Ready_to_Move
21529,21530,Karnataka,Bangalore,North-East,Apartment,1,507,11.46,0.02,2005,Semi-furnished,15,8,20,9,4,East,Under_Construction
21561,21562,Karnataka,Bangalore,North,Villa,3,3351,207.85,0.06,2009,Unfurnished,1,4,16,9,9,North,Under_Construction
21594,21595,Karnataka,Bangalore,Central,Villa,2,3486,16.14,0.0,2016,Semi-furnished,26,4,9,8,7,South,Ready_to_Move
21605,21606,Karnataka,Bangalore,North,Apartment,4,799,131.74,0.16,1997,Furnished,13,3,28,8,10,West,Ready_to_Move
21781,21782,Karnataka,Bangalore,West,Independent House,3,4684,287.97,0.06,1998,Furnished,9,3,27,2,6,South,Under_Construction
21855,21856,Karnataka,Bangalore,South-West,Independent House,3,3171,405.1,0.13,2008,Semi-furnished,12,27,17,1,6,East,Under_Construction
22005,22006,Karnataka,Bangalore,East,Apartment,1,852,384.85,0.45,2006,Unfurnished,20,7,19,10,5,West,Under_Construction
22013,22014,Karnataka,Bangalore,North,Apartment,3,3214,216.87,0.07,1997,Unfurnished,17,2,28,6,9,East,Under_Construction
22205,22206,Karnataka,Bangalore,South-West,Independent House,2,970,429.44,0.44,1992,Furnished,30,23,33,3,7,West,Under_Construction
22214,22215,Karnataka,Bangalore,Central,Apartment,1,525,48.52,0.09,2002,Furnished,19,28,23,6,8,East,Under_Construction
22328,22329,Karnataka,Bangalore,North,Villa,3,4502,461.24,0.1,2007,Semi-furnished,21,4,18,9,5,West,Ready_to_Move
22402,22403,Karnataka,Bangalore,South-East,Villa,3,1260,282.11,0.22,1993,Unfurnished,12,27,32,10,10,East,Ready_to_Move
22431,22432,Karnataka,Bangalore,South-West,Villa,5,3008,261.54,0.09,2000,Furnished,24,21,25,1,5,South,Under_Construction
22439,22440,Karnataka,Bangalore,West,Apartment,5,2861,477.7,0.17,1993,Semi-furnished,29,14,32,7,8,East,Ready_to_Move
22453,22454,Karnataka,Bangalore,South-East,Villa,4,2522,198.06,0.08,2020,Semi-furnished,1,29,5,5,10,South,Ready_to_Move
22545,22546,Karnataka,Bangalore,South-West,Independent House,3,1540,176.17,0.11,1990,Unfurnished,28,14,35,6,9,West,Under_Construction
22547,22548,Karnataka,Bangalore,South,Apartment,4,4177,143.3,0.03,2023,Unfurnished,1,29,2,1,8,South,Under_Construction
22603,22604,Karnataka,Bangalore,South,Apartment,4,4129,124.9,0.03,2002,Furnished,8,9,23,9,8,South,Ready_to_Move
22608,22609,Karnataka,Bangalore,West,Apartment,3,4629,447.26,0.1,2002,Unfurnished,1,4,23,4,9,East,Ready_to_Move
22617,22618,Karnataka,Bangalore,Central,Independent House,3,2146,478.31,0.22,1994,Unfurnished,8,15,31,8,6,East,Ready_to_Move
22759,22760,Karnataka,Bangalore,Central,Villa,3,4895,489.97,0.1,2018,Semi-furnished,3,8,7,5,3,South,Under_Construction
22776,22777,Karnataka,Bangalore,East,Villa,1,992,116.38,0.12,2000,Unfurnished,29,3,25,3,2,West,Under_Construction
22813,22814,Karnataka,Bangalore,North,Villa,3,2420,204.04,0.08,1993,Semi-furnished,8,27,32,3,10,North,Under_Construction
22856,22857,Karnataka,Bangalore,Central,Independent House,1,1777,146.43,0.08,2001,Semi-furnished,1,29,24,2,4,West,Ready_to_Move
22992,22993,Karnataka,Bangalore,South-East,Apartment,3,2463,313.98,0.13,2012,Unfurnished,3,14,13,3,5,West,Under_Construction
23214,23215,Karnataka,Bangalore,South-West,Apartment,4,1293,182.63,0.14,2023,Unfurnished,29,14,2,7,4,North,Ready_to_Move
23241,23242,Karnataka,Bangalore,Central,Villa,4,1448,204.84,0.14,2000,Semi-furnished,21,6,25,1,5,West,Under_Construction
23344,23345,Karnataka,Bangalore,South-West,Villa,1,4674,467.89,0.1,2018,Unfurnished,30,16,7,4,6,West,Under_Construction
23348,23349,Karnataka,Bangalore,South-West,Villa,1,790,414.69,0.52,1990,Furnished,26,12,35,5,2,North,Ready_to_Move
23476,23477,Karnataka,Bangalore,North,Apartment,2,2308,237.16,0.1,2012,Semi-furnished,22,27,13,8,4,East,Ready_to_Move
23632,23633,Karnataka,Bangalore,East,Villa,5,2241,411.88,0.18,2012,Furnished,13,9,13,6,5,East,Under_Construction
23672,23673,Karnataka,Bangalore,South,Independent House,3,2225,467.48,0.21,1999,Semi-furnished,27,21,26,8,3,North,Under_Construction
23701,23702,Karnataka,Bangalore,Central,Independent House,2,4494,410.47,0.09,1994,Semi-furnished,5,12,31,2,9,East,Ready_to_Move
23729,23730,Karnataka,Bangalore,North,Villa,3,3005,337.42,0.11,2004,Furnished,28,14,21,5,2,South,Ready_to_Move
23814,23815,Karnataka,Bangalore,North-East,Villa,5,1570,146.55,0.09,2022,Furnished,22,19,3,8,1,East,Under_Construction
23859,23860,Karnataka,Bangalore,North,Apartment,4,2109,298.53,0.14,2003,Furnished,29,23,22,8,7,West,Under_Construction
23889,23890,Karnataka,Bangalore,South-West,Villa,1,3190,280.19,0.09,2007,Furnished,29,18,18,4,7,West,Ready_to_Move
23929,23930,Karnataka,Bangalore,South-East,Villa,1,1235,49.62,0.04,2021,Unfurnished,29,18,4,10,9,South,Under_Construction
23938,23939,Karnataka,Bangalore,West,Villa,2,1859,245.37,0.13,2007,Unfurnished,2,22,18,3,5,South,Ready_to_Move
24079,24080,Karnataka,Bangalore,South,Apartment,1,2743,126.53,0.05,2010,Unfurnished,8,19,15,8,10,West,Ready_to_Move
24134,24135,Karnataka,Bangalore,Central,Villa,3,3225,114.9,0.04,1991,Unfurnished,28,30,34,3,8,East,Ready_to_Move
24152,24153,Karnataka,Bangalore,South-East,Apartment,4,3893,253.48,0.07,2023,Semi-furnished,11,7,2,3,4,West,Ready_to_Move
24357,24358,Karnataka,Bangalore,South,Villa,3,2024,75.18,0.04,2018,Furnished,13,11,7,2,9,North,Under_Construction
24401,24402,Karnataka,Bangalore,North,Villa,1,3347,358.98,0.11,2018,Unfurnished,6,5,7,8,1,East,Under_Construction
24548,24549,Karnataka,Bangalore,North,Villa,5,4134,59.49,0.01,1995,Unfurnished,22,18,30,2,10,West,Ready_to_Move
24687,24688,Karnataka,Bangalore,South,Independent House,1,2479,471.04,0.19,2009,Unfurnished,20,16,16,3,5,East,Under_Construction
24828,24829,Karnataka,Bangalore,North,Independent House,3,3927,237.82,0.06,2005,Furnished,16,22,20,5,9,North,Ready_to_Move
24898,24899,Karnataka,Bangalore,West,Independent House,5,2942,218.49,0.07,1994,Furnished,15,7,31,6,5,South,Ready_to_Move
24938,24939,Karnataka,Bangalore,South-East,Apartment,3,2829,208.38,0.07,1996,Semi-furnished,5,19,29,8,2,North,Ready_to_Move
25047,25048,Karnataka,Bangalore,North-East,Villa,1,1849,136.63,0.07,2023,Furnished,10,23,2,7,7,East,Under_Construction
25060,25061,Karnataka,Bangalore,West,Independent House,2,1282,43.49,0.03,1991,Furnished,3,4,34,9,7,East,Under_Construction
25090,25091,Karnataka,Bangalore,North-East,Apartment,4,1685,324.21,0.19,1999,Unfurnished,13,24,26,9,2,North,Ready_to_Move
25094,25095,Karnataka,Bangalore,Central,Villa,3,1110,499.67,0.45,2004,Furnished,11,12,21,3,7,East,Under_Construction
25119,25120,Karnataka,Bangalore,South-West,Villa,5,4338,116.71,0.03,1997,Furnished,12,10,28,10,8,South,Under_Construction
25157,25158,Karnataka,Bangalore,North,Villa,5,3482,67.31,0.02,2023,Furnished,26,15,2,8,1,West,Under_Construction
25164,25165,Karnataka,Bangalore,Central,Villa,5,4137,496.58,0.12,1992,Furnished,9,7,33,8,10,West,Under_Construction
25177,25178,Karnataka,Bangalore,North-East,Independent House,1,4672,374.98,0.08,2014,Furnished,25,5,11,2,3,West,Ready_to_Move
25317,25318,Karnataka,Bangalore,South-West,Villa,2,4542,90.57,0.02,2013,Unfurnished,28,11,12,8,9,South,Ready_to_Move
25465,25466,Karnataka,Bangalore,Central,Independent House,3,3977,266.98,0.07,2020,Semi-furnished,7,11,5,10,10,West,Ready_to_Move
25472,25473,Karnataka,Bangalore,West,Villa,4,2860,211.73,0.07,2010,Semi-furnished,22,20,15,9,7,West,Under_Construction
25481,25482,Karnataka,Bangalore,West,Apartment,4,1177,443.35,0.38,2023,Semi-furnished,3,3,2,1,5,North,Under_Construction
25603,25604,Karnataka,Bangalore,East,Independent House,2,4990,459.42,0.09,2001,Semi-furnished,29,1,24,6,2,East,Under_Construction
25714,25715,Karnataka,Bangalore,North,Apartment,2,3940,398.72,0.1,2020,Unfurnished,16,4,5,8,2,West,Ready_to_Move
25895,25896,Karnataka,Bangalore,Central,Independent House,1,2583,316.82,0.12,2004,Semi-furnished,25,6,21,4,5,North,Under_Construction
25933,25934,Karnataka,Bangalore,Central,Independent House,5,2693,91.46,0.03,2003,Unfurnished,2,2,22,8,4,East,Under_Construction
25995,25996,Karnataka,Bangalore,North-East,Independent House,2,522,72.42,0.14,2015,Semi-furnished,13,29,10,6,5,North,Ready_to_Move
26189,26190,Karnataka,Bangalore,South-West,Independent House,2,1995,261.82,0.13,2021,Unfurnished,11,16,4,1,9,North,Ready_to_Move
26221,26222,Karnataka,Bangalore,North,Apartment,3,2813,433.99,0.15,1996,Furnished,14,13,29,10,2,East,Ready_to_Move
26283,26284,Karnataka,Bangalore,West,Independent House,3,4606,180.95,0.04,2005,Furnished,23,4,20,10,3,East,Under_Construction
26312,26313,Karnataka,Bangalore,East,Apartment,2,4340,19.02,0.0,2011,Semi-furnished,8,29,14,1,8,North,Ready_to_Move
26343,26344,Karnataka,Bangalore,North,Villa,1,3553,233.24,0.07,2003,Unfurnished,18,22,22,9,7,South,Ready_to_Move
26382,26383,Karnataka,Bangalore,North-East,Villa,4,3801,450.19,0.12,1990,Furnished,15,27,35,10,8,East,Ready_to_Move
26386,26387,Karnataka,Bangalore,East,Independent House,5,1361,377.05,0.28,2013,Semi-furnished,24,21,12,7,10,East,Ready_to_Move
26455,26456,Karnataka,Bangalore,South-West,Apartment,4,814,454.91,0.56,2017,Furnished,11,18,8,10,8,West,Ready_to_Move
26460,26461,Karnataka,Bangalore,South-East,Independent House,5,4112,482.91,0.12,2000,Unfurnished,25,6,25,3,6,East,Ready_to_Move
26513,26514,Karnataka,Bangalore,North-East,Independent House,3,1719,406.36,0.24,1995,Unfurnished,1,14,30,1,8,West,Under_Construction
26590,26591,Karnataka,Bangalore,East,Independent House,1,3599,304.21,0.08,1993,Furnished,25,25,32,6,2,South,Under_Construction
26613,26614,Karnataka,Bangalore,South-West,Apartment,5,3589,422.81,0.12,2006,Unfurnished,14,5,19,7,9,East,Under_Construction
26629,26630,Karnataka,Bangalore,North-East,Villa,5,3908,485.46,0.12,2023,Furnished,27,3,2,8,9,South,Ready_to_Move
26666,26667,Karnataka,Bangalore,North-East,Apartment,5,3182,346.04,0.11,2018,Unfurnished,3,21,7,6,4,East,Under_Construction
26714,26715,Karnataka,Bangalore,South-West,Independent House,1,4738,208.69,0.04,2019,Semi-furnished,7,16,6,5,5,West,Ready_to_Move
26738,26739,Karnataka,Bangalore,South-West,Villa,4,1280,18.02,0.01,2001,Semi-furnished,21,23,24,10,8,East,Under_Construction
26803,26804,Karnataka,Bangalore,South,Independent House,3,1726,297.3,0.17,2011,Unfurnished,6,29,14,9,10,South,Under_Construction
26827,26828,Karnataka,Bangalore,South-West,Apartment,1,2419,387.51,0.16,2005,Semi-furnished,9,20,20,2,7,North,Ready_to_Move
27054,27055,Karnataka,Bangalore,North-East,Apartment,4,4949,251.51,0.05,2021,Semi-furnished,12,9,4,1,6,West,Under_Construction
27090,27091,Karnataka,Bangalore,South-East,Independent House,2,815,359.95,0.44,2007,Semi-furnished,17,30,18,1,6,South,Ready_to_Move
27175,27176,Karnataka,Bangalore,North-East,Villa,3,1816,114.5,0.06,2001,Unfurnished,16,15,24,6,5,North,Ready_to_Move
27225,27226,Karnataka,Bangalore,North-East,Independent House,1,4046,436.37,0.11,2015,Semi-furnished,21,30,10,4,5,East,Under_Construction
27253,27254,Karnataka,Bangalore,North-East,Villa,4,1093,341.44,0.31,2018,Furnished,10,9,7,2,2,East,Ready_to_Move
27269,27270,Karnataka,Bangalore,North,Villa,4,2561,138.7,0.05,2006,Unfurnished,0,29,19,4,10,West,Ready_to_Move
27372,27373,Karnataka,Bangalore,North,Villa,4,1309,441.51,0.34,2003,Furnished,28,9,22,5,5,South,Under_Construction
27379,27380,Karnataka,Bangalore,East,Apartment,2,1829,425.66,0.23,2010,Furnished,11,5,15,5,8,South,Ready_to_Move
27400,27401,Karnataka,Bangalore,South,Villa,3,4415,326.64,0.07,2001,Semi-furnished,0,28,24,5,10,West,Ready_to_Move
27492,27493,Karnataka,Bangalore,South-West,Apartment,5,1604,384.02,0.24,2009,Furnished,1,22,16,10,7,North,Ready_to_Move
27533,27534,Karnataka,Bangalore,South-West,Villa,5,4077,469.88,0.12,2002,Furnished,22,25,23,4,2,East,Under_Construction
27550,27551,Karnataka,Bangalore,East,Independent House,5,4101,249.63,0.06,2018,Furnished,5,30,7,6,4,East,Ready_to_Move
27730,27731,Karnataka,Bangalore,North-East,Villa,2,2468,365.61,0.15,2021,Semi-furnished,19,9,4,1,8,North,Ready_to_Move
27878,27879,Karnataka,Bangalore,West,Apartment,3,2240,458.43,0.2,1996,Unfurnished,29,6,29,8,6,North,Ready_to_Move
27907,27908,Karnataka,Bangalore,South-East,Villa,5,4100,250.31,0.06,2021,Furnished,24,29,4,4,2,South,Under_Construction
27933,27934,Karnataka,Bangalore,North-East,Independent House,3,3746,412.69,0.11,2017,Semi-furnished,7,21,8,1,6,West,Under_Construction
27937,27938,Karnataka,Bangalore,South-West,Independent House,1,3665,292.09,0.08,1999,Unfurnished,17,6,26,10,9,South,Under_Construction
27956,27957,Karnataka,Bangalore,East,Apartment,3,4376,14.69,0.0,2014,Unfurnished,6,5,11,1,4,West,Under_Construction
27977,27978,Karnataka,Bangalore,South,Apartment,5,3783,175.14,0.05,1999,Furnished,7,29,26,7,5,West,Ready_to_Move
27985,27986,Karnataka,Bangalore,North-East,Apartment,2,556,292.83,0.53,1991,Furnished,14,6,34,4,7,East,Under_Construction
27992,27993,Karnataka,Bangalore,West,Villa,3,3759,415.42,0.11,2023,Furnished,11,2,2,8,1,West,Under_Construction
28276,28277,Karnataka,Bangalore,Central,Apartment,2,4201,11.99,0.0,1995,Unfurnished,28,2,30,7,10,North,Under_Construction
28335,28336,Karnataka,Bangalore,South,Independent House,4,1106,293.05,0.26,1990,Semi-furnished,25,21,35,1,4,South,Under_Construction
28409,28410,Karnataka,Bangalore,North-East,Independent House,3,2760,388.61,0.14,2010,Furnished,25,15,15,7,6,South,Under_Construction
28490,28491,Karnataka,Bangalore,East,Villa,1,1696,228.06,0.13,2019,Furnished,3,8,6,8,9,North,Under_Construction
28585,28586,Karnataka,Bangalore,South-West,Apartment,5,2455,470.13,0.19,2011,Unfurnished,29,25,14,1,2,North,Under_Construction
28679,28680,Karnataka,Bangalore,North-East,Apartment,5,4180,310.96,0.07,1998,Semi-furnished,11,2,27,5,8,North,Under_Construction
28832,28833,Karnataka,Bangalore,West,Independent House,3,1684,486.76,0.29,1997,Furnished,14,23,28,2,3,West,Ready_to_Move
28846,28847,Karnataka,Bangalore,East,Apartment,1,1833,183.61,0.1,2022,Unfurnished,17,28,3,9,10,South,Under_Construction
28946,28947,Karnataka,Bangalore,South,Villa,1,1358,237.82,0.18,1993,Furnished,13,21,32,8,9,South,Ready_to_Move
28990,28991,Karnataka,Bangalore,South,Independent House,5,565,432.69,0.77,1997,Furnished,22,25,28,8,2,East,Under_Construction
29094,29095,Karnataka,Bangalore,South-East,Villa,3,1740,92.21,0.05,2009,Furnished,9,6,16,2,1,West,Ready_to_Move
29138,29139,Karnataka,Bangalore,West,Apartment,2,3687,72.54,0.02,1996,Unfurnished,1,11,29,7,6,East,Under_Construction
29248,29249,Karnataka,Bangalore,South-East,Villa,2,2685,206.91,0.08,2010,Furnished,13,17,15,8,1,West,Under_Construction
29252,29253,Karnataka,Bangalore,South-East,Independent House,5,4608,161.27,0.03,2007,Unfurnished,12,3,18,6,10,South,Ready_to_Move
29334,29335,Karnataka,Bangalore,South-East,Apartment,2,4842,58.46,0.01,2013,Unfurnished,27,13,12,9,4,South,Under_Construction
29521,29522,Karnataka,Bangalore,South,Apartment,5,2148,497.23,0.23,2005,Semi-furnished,17,5,20,7,8,East,Under_Construction
29637,29638,Karnataka,Bangalore,Central,Villa,1,4931,126.76,0.03,2003,Unfurnished,18,5,22,4,5,East,Ready_to_Move
29639,29640,Karnataka,Bangalore,South,Apartment,5,4559,416.1,0.09,2004,Furnished,15,2,21,3,2,East,Ready_to_Move
29641,29642,Karnataka,Bangalore,North,Independent House,4,856,253.39,0.3,2003,Semi-furnished,15,7,22,3,4,West,Ready_to_Move
29654,29655,Karnataka,Bangalore,South-East,Villa,5,770,340.43,0.44,2005,Semi-furnished,7,25,20,6,6,East,Under_Construction
29669,29670,Karnataka,Bangalore,East,Independent House,3,1897,454.66,0.24,1991,Semi-furnished,19,10,34,5,7,South,Ready_to_Move
29700,29701,Karnataka,Bangalore,North-East,Villa,2,1078,364.73,0.34,2011,Unfurnished,26,14,14,2,8,North,Under_Construction
29856,29857,Karnataka,Bangalore,South-West,Apartment,1,2109,292.9,0.14,2009,Unfurnished,20,2,16,7,6,South,Ready_to_Move
29995,29996,Karnataka,Bangalore,South-West,Apartment,2,1635,96.65,0.06,2018,Unfurnished,12,4,7,6,2,North,Ready_to_Move
30034,30035,Karnataka,Bangalore,West,Independent House,4,2119,325.3,0.15,2007,Furnished,6,28,18,2,3,North,Under_Construction
30110,30111,Karnataka,Bangalore,South-West,Apartment,2,4807,418.98,0.09,2022,Unfurnished,28,27,3,7,3,South,Under_Construction
30149,30150,Karnataka,Bangalore,South,Independent House,3,2938,464.2,0.16,2022,Furnished,3,15,3,8,10,West,Under_Construction
30168,30169,Karnataka,Bangalore,East,Villa,1,943,75.33,0.08,1993,Furnished,23,13,32,9,4,North,Ready_to_Move
30193,30194,Karnataka,Bangalore,North-East,Villa,1,3234,477.8,0.15,2012,Furnished,0,27,13,10,1,East,Ready_to_Move
30238,30239,Karnataka,Bangalore,East,Villa,2,2917,140.15,0.05,2023,Furnished,4,7,2,10,2,South,Ready_to_Move
30266,30267,Karnataka,Bangalore,West,Villa,3,2970,487.74,0.16,2003,Furnished,2,20,22,6,8,South,Ready_to_Move
30303,30304,Karnataka,Bangalore,South-West,Villa,4,1278,243.23,0.19,2018,Furnished,14,5,7,9,5,North,Ready_to_Move
30359,30360,Karnataka,Bangalore,Central,Apartment,1,3570,295.94,0.08,2019,Semi-furnished,25,30,6,8,4,West,Under_Construction
30366,30367,Karnataka,Bangalore,North,Apartment,3,4587,82.29,0.02,2011,Semi-furnished,20,4,14,4,2,East,Under_Construction
30381,30382,Karnataka,Bangalore,West,Villa,5,1907,498.98,0.26,2014,Unfurnished,24,28,11,10,9,North,Under_Construction
30410,30411,Karnataka,Bangalore,South-West,Apartment,1,3690,132.87,0.04,2016,Semi-furnished,6,22,9,2,10,South,Under_Construction
30417,30418,Karnataka,Bangalore,East,Apartment,2,4516,382.8,0.08,1994,Semi-furnished,6,8,31,1,2,East,Under_Construction
30581,30582,Karnataka,Bangalore,South,Independent House,4,4191,316.97,0.08,2021,Unfurnished,18,11,4,3,4,North,Under_Construction
30605,30606,Karnataka,Bangalore,South-East,Villa,3,3598,354.85,0.1,1994,Unfurnished,3,24,31,8,8,East,Ready_to_Move
30683,30684,Karnataka,Bangalore,South,Independent House,1,3133,498.55,0.16,2010,Semi-furnished,30,25,15,2,5,South,Ready_to_Move
30709,30710,Karnataka,Bangalore,South-East,Apartment,5,1206,198.67,0.16,2023,Semi-furnished,6,25,2,8,3,South,Ready_to_Move
30712,30713,Karnataka,Bangalore,Central,Apartment,4,4065,59.55,0.01,2013,Unfurnished,25,22,12,8,10,East,Under_Construction
30787,30788,Karnataka,Bangalore,West,Apartment,2,901,367.47,0.41,1997,Unfurnished,0,10,28,2,9,East,Under_Construction
30892,30893,Karnataka,Bangalore,East,Apartment,1,4504,489.44,0.11,2003,Furnished,2,19,22,1,6,West,Ready_to_Move
30977,30978,Karnataka,Bangalore,West,Villa,5,2789,292.08,0.1,2022,Semi-furnished,21,19,3,4,4,North,Under_Construction
31024,31025,Karnataka,Bangalore,North-East,Apartment,4,2128,438.7,0.21,2008,Furnished,7,13,17,9,10,North,Ready_to_Move
31064,31065,Karnataka,Bangalore,North-East,Apartment,5,4116,347.7,0.08,2008,Semi-furnished,2,15,17,2,4,North,Under_Construction
31119,31120,Karnataka,Bangalore,North-East,Villa,4,4527,155.06,0.03,1998,Unfurnished,29,5,27,8,10,East,Ready_to_Move
31221,31222,Karnataka,Bangalore,West,Villa,1,2038,478.57,0.23,1995,Semi-furnished,10,2,30,6,10,East,Under_Construction
31241,31242,Karnataka,Bangalore,Central,Independent House,3,1290,240.75,0.19,2016,Furnished,20,28,9,1,5,North,Under_Construction
31295,31296,Karnataka,Bangalore,South,Villa,4,2136,200.69,0.09,2018,Unfurnished,23,1,7,5,7,North,Ready_to_Move
31303,31304,Karnataka,Bangalore,Central,Villa,1,3088,139.28,0.05,2005,Unfurnished,4,18,20,10,5,North,Under_Construction
31328,31329,Karnataka,Bangalore,Central,Villa,3,2188,64.45,0.03,2019,Unfurnished,20,25,6,1,1,West,Ready_to_Move
31335,31336,Karnataka,Bangalore,Central,Villa,4,834,245.72,0.29,2006,Semi-furnished,30,14,19,6,5,West,Ready_to_Move
31426,31427,Karnataka,Bangalore,South-East,Apartment,4,1171,163.47,0.14,1995,Unfurnished,21,14,30,10,2,South,Ready_to_Move
31530,31531,Karnataka,Bangalore,East,Villa,4,2164,18.58,0.01,1991,Semi-furnished,2,29,34,1,10,East,Under_Construction
31573,31574,Karnataka,Bangalore,South-East,Villa,1,2665,63.26,0.02,1998,Furnished,1,22,27,1,5,East,Ready_to_Move
31577,31578,Karnataka,Bangalore,South,Villa,4,1266,52.61,0.04,1997,Furnished,14,19,28,1,1,East,Under_Construction
31631,31632,Karnataka,Bangalore,North-East,Independent House,5,1266,256.77,0.2,2018,Unfurnished,10,1,7,6,8,East,Under_Construction
31805,31806,Karnataka,Bangalore,South-West,Independent House,1,3848,341.17,0.09,1997,Semi-furnished,26,1,28,9,8,North,Under_Construction
31819,31820,Karnataka,Bangalore,North,Independent House,4,1961,129.0,0.07,2010,Semi-furnished,27,10,15,6,2,West,Ready_to_Move
31968,31969,Karnataka,Bangalore,East,Villa,5,1418,141.17,0.1,2022,Semi-furnished,24,27,3,5,6,South,Ready_to_Move
32033,32034,Karnataka,Bangalore,Central,Villa,4,2292,303.33,0.13,2019,Semi-furnished,1,18,6,9,10,West,Ready_to_Move
32150,32151,Karnataka,Bangalore,South-East,Villa,4,3687,26.71,0.01,2017,Unfurnished,23,4,8,1,4,West,Ready_to_Move
32252,32253,Karnataka,Bangalore,North-East,Villa,3,3070,278.56,0.09,2011,Furnished,27,14,14,1,10,South,Under_Construction
32266,32267,Karnataka,Bangalore,South,Independent House,1,2635,352.88,0.13,2017,Furnished,7,25,8,8,8,North,Ready_to_Move
32309,32310,Karnataka,Bangalore,Central,Apartment,4,2218,353.31,0.16,2004,Furnished,29,22,21,10,3,North,Ready_to_Move
32351,32352,Karnataka,Bangalore,South-West,Villa,2,3858,44.35,0.01,1993,Unfurnished,21,19,32,2,10,East,Under_Construction
32456,32457,Karnataka,Bangalore,East,Apartment,1,591,181.27,0.31,2022,Furnished,16,7,3,5,6,North,Under_Construction
32474,32475,Karnataka,Bangalore,South,Villa,3,1088,186.6,0.17,2001,Semi-furnished,23,28,24,7,4,East,Ready_to_Move
32512,32513,Karnataka,Bangalore,South-West,Villa,5,2887,221.28,0.08,2023,Unfurnished,25,1,2,6,7,North,Under_Construction
32624,32625,Karnataka,Bangalore,South,Apartment,2,573,381.72,0.67,2014,Furnished,16,14,11,6,9,North,Under_Construction
32651,32652,Karnataka,Bangalore,South,Independent House,3,3216,187.73,0.06,1993,Unfurnished,7,5,32,5,3,East,Ready_to_Move
32717,32718,Karnataka,Bangalore,Central,Apartment,2,1760,166.16,0.09,2011,Semi-furnished,30,11,14,3,4,West,Ready_to_Move
32877,32878,Karnataka,Bangalore,Central,Apartment,3,1349,85.14,0.06,2005,Unfurnished,29,21,20,4,6,North,Ready_to_Move
32930,32931,Karnataka,Bangalore,East,Independent House,2,4372,226.14,0.05,1991,Furnished,30,7,34,9,7,West,Under_Construction
33026,33027,Karnataka,Bangalore,South,Apartment,1,724,304.76,0.42,1995,Semi-furnished,14,8,30,8,9,West,Under_Construction
33069,33070,Karnataka,Bangalore,South-East,Villa,1,2954,278.16,0.09,1993,Unfurnished,19,15,32,10,1,East,Under_Construction
33177,33178,Karnataka,Bangalore,South-East,Independent House,2,2926,429.25,0.15,1990,Unfurnished,3,10,35,1,7,East,Ready_to_Move
33286,33287,Karnataka,Bangalore,North,Apartment,3,2741,311.49,0.11,2001,Unfurnished,0,14,24,7,2,South,Under_Construction
33294,33295,Karnataka,Bangalore,North-East,Apartment,1,1421,450.53,0.32,2023,Unfurnished,6,17,2,7,10,West,Ready_to_Move
33320,33321,Karnataka,Bangalore,North-East,Independent House,3,4015,117.83,0.03,2020,Unfurnished,6,23,5,8,9,North,Under_Construction
33387,33388,Karnataka,Bangalore,North-East,Independent House,4,2545,87.71,0.03,1995,Semi-furnished,18,15,30,6,6,North,Under_Construction
33404,33405,Karnataka,Bangalore,North-East,Villa,3,1974,340.22,0.17,2006,Unfurnished,19,1,19,4,9,East,Under_Construction
33498,33499,Karnataka,Bangalore,Central,Apartment,5,4426,106.84,0.02,1992,Semi-furnished,3,28,33,8,6,North,Under_Construction
33500,33501,Karnataka,Bangalore,West,Independent House,1,2065,373.85,0.18,2000,Furnished,23,18,25,8,9,North,Under_Construction
33505,33506,Karnataka,Bangalore,West,Apartment,1,639,175.79,0.28,2004,Unfurnished,17,24,21,4,7,South,Under_Construction
33551,33552,Karnataka,Bangalore,South,Independent House,1,2955,198.88,0.07,2015,Furnished,14,5,10,3,5,South,Under_Construction
33576,33577,Karnataka,Bangalore,South-East,Apartment,3,4160,346.1,0.08,2017,Unfurnished,18,24,8,2,7,South,Under_Construction
33618,33619,Karnataka,Bangalore,West,Apartment,5,4600,183.97,0.04,1994,Semi-furnished,29,23,31,5,9,South,Under_Construction
33634,33635,Karnataka,Bangalore,South,Villa,5,4494,155.76,0.03,2009,Unfurnished,26,22,16,3,5,East,Ready_to_Move
33679,33680,Karnataka,Bangalore,Central,Villa,2,3292,460.77,0.14,1996,Furnished,1,18,29,7,4,East,Under_Construction
33706,33707,Karnataka,Bangalore,East,Villa,5,3553,106.68,0.03,2009,Unfurnished,7,29,16,6,3,West,Under_Construction
33748,33749,Karnataka,Bangalore,West,Independent House,4,1367,307.19,0.22,1992,Semi-furnished,4,10,33,9,7,South,Under_Construction
33795,33796,Karnataka,Bangalore,South,Apartment,5,563,56.69,0.1,1999,Unfurnished,23,12,26,1,8,South,Ready_to_Move
33832,33833,Karnataka,Bangalore,North,Independent House,4,1293,35.8,0.03,2021,Semi-furnished,28,3,4,1,7,North,Under_Construction
33909,33910,Karnataka,Bangalore,North-East,Apartment,2,1966,83.63,0.04,1998,Furnished,6,5,27,6,2,East,Ready_to_Move
34050,34051,Karnataka,Bangalore,West,Independent House,5,2496,14.76,0.01,2012,Unfurnished,13,13,13,7,6,East,Under_Construction
34086,34087,Karnataka,Bangalore,North-East,Apartment,4,831,462.22,0.56,1990,Furnished,15,28,35,1,8,North,Ready_to_Move
34138,34139,Karnataka,Bangalore,West,Villa,2,582,46.53,0.08,2015,Semi-furnished,29,18,10,3,7,West,Ready_to_Move
34195,34196,Karnataka,Bangalore,East,Villa,2,896,460.61,0.51,2009,Unfurnished,7,19,16,7,10,West,Ready_to_Move
34201,34202,Karnataka,Bangalore,East,Independent House,5,4257,43.7,0.01,1992,Semi-furnished,8,3,33,10,10,South,Ready_to_Move
34226,34227,Karnataka,Bangalore,West,Apartment,4,1860,59.98,0.03,1996,Semi-furnished,17,10,29,8,6,West,Ready_to_Move
34244,34245,Karnataka,Bangalore,North-East,Apartment,4,1373,196.88,0.14,2018,Semi-furnished,14,6,7,3,7,East,Under_Construction
34362,34363,Karnataka,Bangalore,South-East,Apartment,4,1240,59.42,0.05,2011,Semi-furnished,10,3,14,5,7,East,Under_Construction
34369,34370,Karnataka,Bangalore,West,Independent House,5,2437,239.57,0.1,1993,Unfurnished,22,19,32,6,4,West,Ready_to_Move
34516,34517,Karnataka,Bangalore,North-East,Independent House,2,4060,304.24,0.07,2010,Furnished,23,2,15,7,7,North,Ready_to_Move
34528,34529,Karnataka,Bangalore,South-East,Villa,5,2871,329.64,0.11,1995,Furnished,7,20,30,3,4,West,Ready_to_Move
34645,34646,Karnataka,Bangalore,East,Apartment,5,2309,261.32,0.11,2016,Furnished,13,29,9,2,10,West,Under_Construction
34672,34673,Karnataka,Bangalore,West,Apartment,2,4522,457.32,0.1,2010,Semi-furnished,8,1,15,8,7,East,Ready_to_Move
34753,34754,Karnataka,Bangalore,North,Apartment,1,3450,76.86,0.02,2002,Furnished,21,13,23,1,10,North,Under_Construction
34785,34786,Karnataka,Bangalore,West,Villa,2,2028,59.13,0.03,2001,Furnished,16,12,24,2,6,East,Under_Construction
34879,34880,Karnataka,Bangalore,East,Villa,2,3931,27.41,0.01,2005,Semi-furnished,28,10,20,3,9,West,Ready_to_Move
34950,34951,Karnataka,Bangalore,North-East,Apartment,3,3391,323.68,0.1,2020,Furnished,17,24,5,4,4,South,Under_Construction
34961,34962,Karnataka,Bangalore,East,Apartment,1,1547,284.75,0.18,2000,Semi-furnished,11,20,25,8,2,West,Under_Construction
35064,35065,Karnataka,Bangalore,East,Apartment,5,1752,247.57,0.14,2013,Furnished,16,20,12,4,2,North,Under_Construction
35073,35074,Karnataka,Bangalore,South-West,Apartment,3,1855,459.54,0.25,2017,Furnished,21,23,8,2,8,West,Under_Construction
35149,35150,Karnataka,Bangalore,West,Villa,5,4928,226.55,0.05,2004,Unfurnished,4,11,21,4,8,West,Ready_to_Move
35195,35196,Karnataka,Bangalore,Central,Apartment,4,3868,69.33,0.02,2004,Unfurnished,5,10,21,2,4,West,Under_Construction
35210,35211,Karnataka,Bangalore,East,Apartment,2,3184,110.22,0.03,2007,Unfurnished,18,9,18,2,6,South,Ready_to_Move
35283,35284,Karnataka,Bangalore,South-West,Villa,2,3869,401.83,0.1,2016,Unfurnished,25,7,9,5,3,East,Ready_to_Move
35310,35311,Karnataka,Bangalore,East,Villa,1,4902,157.62,0.03,1996,Unfurnished,25,16,29,10,2,West,Ready_to_Move
35313,35314,Karnataka,Bangalore,South-East,Villa,1,1620,271.26,0.17,2011,Unfurnished,21,28,14,10,4,North,Under_Construction
35315,35316,Karnataka,Bangalore,South,Apartment,5,3771,428.04,0.11,2010,Furnished,17,25,15,10,7,South,Ready_to_Move
35469,35470,Karnataka,Bangalore,East,Villa,4,1067,103.43,0.1,2000,Unfurnished,19,1,25,1,3,West,Ready_to_Move
35603,35604,Karnataka,Bangalore,North,Villa,5,2214,446.84,0.2,1992,Unfurnished,13,30,33,4,8,West,Ready_to_Move
35616,35617,Karnataka,Bangalore,South-East,Apartment,2,3098,496.58,0.16,2011,Furnished,23,8,14,6,7,East,Ready_to_Move
35701,35702,Karnataka,Bangalore,West,Independent House,2,1106,87.9,0.08,2007,Unfurnished,17,9,18,1,1,North,Ready_to_Move
35770,35771,Karnataka,Bangalore,Central,Villa,4,3993,27.3,0.01,1995,Semi-furnished,8,1,30,5,7,North,Ready_to_Move
35780,35781,Karnataka,Bangalore,South-West,Villa,3,764,333.73,0.44,2001,Unfurnished,3,5,24,1,7,East,Ready_to_Move
35894,35895,Karnataka,Bangalore,South-East,Independent House,4,2022,249.08,0.12,2001,Unfurnished,1,9,24,3,7,South,Under_Construction
35898,35899,Karnataka,Bangalore,South-West,Independent House,2,1816,157.68,0.09,2003,Semi-furnished,17,28,22,2,1,South,Under_Construction
35984,35985,Karnataka,Bangalore,West,Independent House,1,1552,492.98,0.32,2016,Furnished,30,11,9,3,6,West,Under_Construction
35997,35998,Karnataka,Bangalore,North,Apartment,4,3182,328.97,0.1,2014,Furnished,3,28,11,7,10,East,Under_Construction
36111,36112,Karnataka,Bangalore,South-West,Apartment,1,4630,251.79,0.05,2020,Semi-furnished,7,21,5,10,4,East,Under_Construction
36194,36195,Karnataka,Bangalore,North,Independent House,1,3320,463.74,0.14,2009,Semi-furnished,0,30,16,1,6,West,Under_Construction
36294,36295,Karnataka,Bangalore,North,Independent House,4,2502,385.79,0.15,2001,Unfurnished,10,17,24,3,3,North,Ready_to_Move
36560,36561,Karnataka,Bangalore,North,Villa,2,4823,262.81,0.05,2009,Semi-furnished,17,3,16,8,10,North,Ready_to_Move
36577,36578,Karnataka,Bangalore,Central,Villa,5,4084,325.1,0.08,2012,Unfurnished,6,20,13,7,9,South,Under_Construction
36643,36644,Karnataka,Bangalore,East,Independent House,4,2922,440.34,0.15,1991,Unfurnished,14,2,34,3,6,North,Under_Construction
36686,36687,Karnataka,Bangalore,Central,Villa,3,4155,184.98,0.04,2001,Unfurnished,28,21,24,6,1,West,Ready_to_Move
36707,36708,Karnataka,Bangalore,South,Villa,2,3720,498.65,0.13,1999,Furnished,3,28,26,7,7,East,Ready_to_Move
36741,36742,Karnataka,Bangalore,West,Apartment,2,2234,145.46,0.07,2022,Furnished,25,10,3,4,6,East,Ready_to_Move
36824,36825,Karnataka,Bangalore,East,Independent House,1,1247,173.11,0.14,2011,Unfurnished,29,5,14,10,7,North,Ready_to_Move
36939,36940,Karnataka,Bangalore,East,Independent House,5,1100,311.2,0.28,1998,Unfurnished,8,20,27,5,8,South,Ready_to_Move
37009,37010,Karnataka,Bangalore,South-West,Independent House,2,3180,207.46,0.07,2015,Furnished,29,16,10,7,10,South,Ready_to_Move
37041,37042,Karnataka,Bangalore,West,Villa,5,2740,235.22,0.09,2001,Unfurnished,13,30,24,9,8,East,Under_Construction
37069,37070,Karnataka,Bangalore,West,Villa,4,1251,109.63,0.09,1993,Semi-furnished,22,6,32,3,10,West,Ready_to_Move
37098,37099,Karnataka,Bangalore,South-East,Villa,5,1391,271.33,0.2,1990,Furnished,18,13,35,6,6,West,Under_Construction
37205,37206,Karnataka,Bangalore,North,Villa,2,3649,130.36,0.04,2016,Unfurnished,28,29,9,3,7,South,Ready_to_Move
37216,37217,Karnataka,Bangalore,South-East,Independent House,2,4606,128.36,0.03,1998,Unfurnished,6,29,27,5,2,West,Ready_to_Move
37258,37259,Karnataka,Bangalore,North-East,Independent House,5,2417,439.02,0.18,2012,Unfurnished,29,14,13,5,8,North,Under_Construction
37317,37318,Karnataka,Bangalore,East,Independent House,4,3032,447.94,0.15,2020,Furnished,12,29,5,2,9,South,Ready_to_Move
37344,37345,Karnataka,Bangalore,West,Apartment,2,4262,334.56,0.08,1996,Semi-furnished,17,12,29,8,9,East,Under_Construction
37346,37347,Karnataka,Bangalore,South-East,Apartment,2,2236,164.15,0.07,2017,Furnished,13,13,8,8,8,East,Ready_to_Move
37409,37410,Karnataka,Bangalore,South-East,Independent House,4,3145,457.92,0.15,1990,Semi-furnished,30,8,35,9,3,South,Ready_to_Move
37423,37424,Karnataka,Bangalore,North-East,Villa,5,4849,24.13,0.0,2012,Unfurnished,9,3,13,6,3,North,Ready_to_Move
37430,37431,Karnataka,Bangalore,West,Apartment,1,2207,175.18,0.08,1997,Furnished,4,24,28,9,9,West,Ready_to_Move
37447,37448,Karnataka,Bangalore,South-West,Villa,2,2753,410.64,0.15,2016,Semi-furnished,28,27,9,3,6,South,Under_Construction
37462,37463,Karnataka,Bangalore,South,Apartment,3,1049,251.58,0.24,1990,Furnished,23,16,35,4,10,West,Ready_to_Move
37492,37493,Karnataka,Bangalore,South-East,Villa,4,830,377.37,0.45,2000,Unfurnished,24,10,25,8,9,South,Ready_to_Move
37534,37535,Karnataka,Bangalore,Central,Independent House,4,587,73.02,0.12,2013,Unfurnished,24,2,12,1,6,South,Ready_to_Move
37626,37627,Karnataka,Bangalore,West,Apartment,1,3647,183.42,0.05,1991,Semi-furnished,5,23,34,9,1,East,Under_Construction
37741,37742,Karnataka,Bangalore,South,Villa,1,665,288.6,0.43,2016,Unfurnished,25,22,9,10,4,North,Under_Construction
37829,37830,Karnataka,Bangalore,North,Villa,4,3457,158.46,0.05,1999,Furnished,25,27,26,3,9,East,Ready_to_Move
38079,38080,Karnataka,Bangalore,East,Apartment,5,2676,412.56,0.15,2014,Furnished,25,24,11,1,3,West,Under_Construction
38239,38240,Karnataka,Bangalore,South-East,Independent House,5,1367,377.13,0.28,1991,Furnished,24,30,34,6,1,West,Under_Construction
38285,38286,Karnataka,Bangalore,North,Villa,1,2395,38.33,0.02,1997,Semi-furnished,24,13,28,2,7,North,Under_Construction
38295,38296,Karnataka,Bangalore,South-East,Independent House,4,1075,231.99,0.22,1994,Furnished,22,20,31,3,6,South,Ready_to_Move
38382,38383,Karnataka,Bangalore,South-East,Villa,4,4632,55.88,0.01,1992,Furnished,29,3,33,8,7,South,Under_Construction
38442,38443,Karnataka,Bangalore,South-West,Apartment,5,4833,37.87,0.01,1995,Unfurnished,23,17,30,10,1,North,Under_Construction
38493,38494,Karnataka,Bangalore,East,Independent House,2,729,260.42,0.36,2022,Semi-furnished,25,13,3,5,10,East,Ready_to_Move
38519,38520,Karnataka,Bangalore,West,Villa,4,2432,74.7,0.03,2022,Semi-furnished,19,20,3,5,1,South,Ready_to_Move
38579,38580,Karnataka,Bangalore,South-East,Apartment,3,973,488.86,0.5,2009,Semi-furnished,5,27,16,5,2,East,Ready_to_Move
38660,38661,Karnataka,Bangalore,North-East,Villa,3,2096,24.62,0.01,1990,Semi-furnished,25,26,35,1,1,North,Under_Construction
38773,38774,Karnataka,Bangalore,South,Apartment,5,542,402.17,0.74,2020,Furnished,30,4,5,2,6,West,Under_Construction
38803,38804,Karnataka,Bangalore,East,Apartment,1,4872,12.1,0.0,2017,Semi-furnished,10,12,8,2,7,East,Ready_to_Move
38804,38805,Karnataka,Bangalore,Central,Independent House,5,4277,333.41,0.08,2006,Furnished,15,10,19,3,4,North,Ready_to_Move
38944,38945,Karnataka,Bangalore,South-West,Independent House,1,4800,188.96,0.04,2018,Unfurnished,3,6,7,2,4,North,Under_Construction
39000,39001,Karnataka,Bangalore,South-West,Villa,5,3387,398.36,0.12,1995,Unfurnished,9,25,30,6,9,North,Under_Construction
39001,39002,Karnataka,Bangalore,South-West,Villa,5,3868,461.26,0.12,1994,Furnished,7,18,31,5,3,South,Ready_to_Move
39048,39049,Karnataka,Bangalore,South,Independent House,3,979,403.02,0.41,2009,Unfurnished,18,1,16,10,6,East,Ready_to_Move
39057,39058,Karnataka,Bangalore,Central,Villa,4,4810,407.57,0.08,1997,Unfurnished,8,12,28,1,8,West,Under_Construction
39063,39064,Karnataka,Bangalore,East,Villa,4,3182,492.13,0.15,2011,Semi-furnished,16,9,14,4,6,East,Under_Construction
39167,39168,Karnataka,Bangalore,South-West,Villa,3,2803,402.63,0.14,2020,Unfurnished,11,16,5,2,1,North,Ready_to_Move
39243,39244,Karnataka,Bangalore,North-East,Villa,3,1671,10.91,0.01,1998,Semi-furnished,28,12,27,10,6,East,Under_Construction
39265,39266,Karnataka,Bangalore,South-East,Apartment,4,2885,151.43,0.05,2010,Unfurnished,14,8,15,5,2,West,Under_Construction
39316,39317,Karnataka,Bangalore,North-East,Independent House,4,3162,345.54,0.11,2009,Semi-furnished,0,11,16,3,3,East,Ready_to_Move
39440,39441,Karnataka,Bangalore,South-East,Villa,2,1885,344.45,0.18,2004,Semi-furnished,26,18,21,2,6,North,Under_Construction
39624,39625,Karnataka,Bangalore,East,Villa,4,3546,103.84,0.03,2023,Furnished,26,8,2,10,1,North,Under_Construction
39859,39860,Karnataka,Bangalore,South-West,Villa,1,4772,144.55,0.03,1993,Furnished,25,21,32,1,9,South,Ready_to_Move
39904,39905,Karnataka,Bangalore,East,Villa,2,3764,268.4,0.07,1990,Furnished,9,8,35,2,2,South,Ready_to_Move
39967,39968,Karnataka,Bangalore,Central,Villa,2,2396,63.27,0.03,2007,Furnished,5,2,18,8,10,South,Under_Construction
40044,40045,Karnataka,Bangalore,West,Villa,5,4129,240.52,0.06,1999,Furnished,21,19,26,4,8,East,Ready_to_Move
40197,40198,Karnataka,Bangalore,North,Apartment,1,930,478.13,0.51,2013,Furnished,9,15,12,2,4,North,Under_Construction
40198,40199,Karnataka,Bangalore,East,Independent House,1,1340,87.53,0.07,2019,Unfurnished,5,30,6,2,10,North,Ready_to_Move
40356,40357,Karnataka,Bangalore,South,Independent House,1,2410,201.3,0.08,2006,Furnished,21,14,19,8,9,North,Under_Construction
40379,40380,Karnataka,Bangalore,South,Villa,4,2657,53.45,0.02,1998,Furnished,20,26,27,6,10,North,Ready_to_Move
40487,40488,Karnataka,Bangalore,North-East,Villa,3,2895,298.58,0.1,1994,Furnished,7,13,31,6,7,East,Under_Construction
40577,40578,Karnataka,Bangalore,South,Apartment,2,4679,192.14,0.04,2010,Furnished,5,15,15,5,2,South,Under_Construction
40578,40579,Karnataka,Bangalore,West,Independent House,2,2437,307.95,0.13,2009,Unfurnished,29,20,16,5,1,East,Under_Construction
40653,40654,Karnataka,Bangalore,Central,Apartment,4,3451,147.37,0.04,2000,Furnished,12,24,25,1,2,West,Ready_to_Move
40683,40684,Karnataka,Bangalore,Central,Apartment,2,866,327.42,0.38,2002,Semi-furnished,22,24,23,4,6,West,Under_Construction
40684,40685,Karnataka,Bangalore,South,Villa,3,2994,309.61,0.1,2000,Unfurnished,8,19,25,4,9,West,Ready_to_Move
40725,40726,Karnataka,Bangalore,West,Independent House,2,1571,494.29,0.31,2012,Furnished,27,13,13,5,1,North,Ready_to_Move
40728,40729,Karnataka,Bangalore,North,Apartment,2,2337,254.44,0.11,2015,Unfurnished,12,5,10,5,5,South,Under_Construction
40748,40749,Karnataka,Bangalore,Central,Villa,3,4181,185.8,0.04,2011,Unfurnished,12,21,14,10,2,West,Under_Construction
40815,40816,Karnataka,Bangalore,South-East,Independent House,5,3598,34.64,0.01,1999,Semi-furnished,5,29,26,4,2,North,Ready_to_Move
40930,40931,Karnataka,Bangalore,Central,Villa,5,4268,457.67,0.11,2003,Furnished,25,12,22,6,6,East,Under_Construction
40943,40944,Karnataka,Bangalore,West,Apartment,5,2049,147.64,0.07,1998,Furnished,8,22,27,5,5,North,Under_Construction
41001,41002,Karnataka,Bangalore,East,Apartment,3,2186,250.12,0.11,1996,Unfurnished,22,12,29,5,2,East,Ready_to_Move
41043,41044,Karnataka,Bangalore,North-East,Apartment,3,1570,451.78,0.29,2012,Unfurnished,11,9,13,2,9,North,Under_Construction
41083,41084,Karnataka,Bangalore,Central,Independent House,1,4069,258.42,0.06,1997,Furnished,3,16,28,4,2,East,Ready_to_Move
41221,41222,Karnataka,Bangalore,South-East,Villa,4,3431,404.64,0.12,2004,Unfurnished,16,7,21,3,3,West,Ready_to_Move
41381,41382,Karnataka,Bangalore,North,Apartment,2,2728,211.39,0.08,2000,Unfurnished,22,6,25,5,10,South,Ready_to_Move
41483,41484,Karnataka,Bangalore,South-East,Independent House,1,1475,193.29,0.13,2001,Semi-furnished,30,6,24,7,2,West,Ready_to_Move
41523,41524,Karnataka,Bangalore,South-East,Villa,3,4493,266.51,0.06,2013,Furnished,8,5,12,4,4,West,Under_Construction
41559,41560,Karnataka,Bangalore,North-East,Villa,2,4235,25.64,0.01,2023,Furnished,11,4,2,9,1,North,Under_Construction
41574,41575,Karnataka,Bangalore,South,Villa,3,1163,460.7,0.4,1990,Furnished,4,10,35,8,4,West,Ready_to_Move
41677,41678,Karnataka,Bangalore,South,Apartment,4,1051,99.29,0.09,1997,Semi-furnished,18,20,28,9,2,North,Under_Construction
41720,41721,Karnataka,Bangalore,South-West,Independent House,4,2376,424.27,0.18,2016,Furnished,26,19,9,4,1,North,Under_Construction
41725,41726,Karnataka,Bangalore,West,Villa,3,3334,389.44,0.12,1993,Furnished,28,22,32,2,5,West,Ready_to_Move
41773,41774,Karnataka,Bangalore,East,Apartment,5,2427,465.59,0.19,1994,Semi-furnished,2,23,31,7,6,South,Ready_to_Move
41778,41779,Karnataka,Bangalore,South,Villa,4,3997,127.88,0.03,2014,Semi-furnished,9,29,11,3,3,North,Ready_to_Move
41887,41888,Karnataka,Bangalore,North-East,Apartment,4,2620,76.41,0.03,2004,Semi-furnished,13,20,21,7,7,West,Ready_to_Move
41910,41911,Karnataka,Bangalore,West,Apartment,1,824,53.2,0.06,2023,Unfurnished,8,12,2,4,9,West,Ready_to_Move
41989,41990,Karnataka,Bangalore,Central,Apartment,3,2517,116.2,0.05,2002,Furnished,18,22,23,10,9,East,Ready_to_Move
42009,42010,Karnataka,Bangalore,West,Villa,4,3688,448.37,0.12,2009,Semi-furnished,4,12,16,6,9,South,Ready_to_Move
42040,42041,Karnataka,Bangalore,North-East,Villa,4,901,249.39,0.28,2015,Furnished,2,1,10,5,5,East,Under_Construction
42111,42112,Karnataka,Bangalore,South-West,Independent House,2,3386,14.29,0.0,2013,Unfurnished,19,24,12,4,4,East,Ready_to_Move
42283,42284,Karnataka,Bangalore,North-East,Independent House,5,1414,308.82,0.22,2021,Semi-furnished,26,15,4,9,10,East,Ready_to_Move
42301,42302,Karnataka,Bangalore,North-East,Independent House,2,1496,249.07,0.17,2000,Semi-furnished,1,15,25,1,9,East,Ready_to_Move
42374,42375,Karnataka,Bangalore,South-West,Independent House,4,3671,191.92,0.05,2014,Furnished,27,20,11,7,1,South,Under_Construction
42438,42439,Karnataka,Bangalore,West,Villa,4,4318,477.62,0.11,2020,Unfurnished,21,24,5,6,10,East,Under_Construction
42540,42541,Karnataka,Bangalore,Central,Independent House,2,3415,408.0,0.12,2004,Semi-furnished,1,30,21,5,9,West,Under_Construction
42648,42649,Karnataka,Bangalore,Central,Independent House,1,659,120.21,0.18,2020,Furnished,18,10,5,4,10,East,Ready_to_Move
42709,42710,Karnataka,Bangalore,South,Villa,2,2897,279.93,0.1,1990,Furnished,16,2,35,8,3,North,Under_Construction
42731,42732,Karnataka,Bangalore,South,Apartment,3,3737,225.43,0.06,1990,Unfurnished,9,13,35,1,10,South,Under_Construction
42845,42846,Karnataka,Bangalore,North,Independent House,5,2170,193.4,0.09,2020,Furnished,21,11,5,1,10,North,Ready_to_Move
42914,42915,Karnataka,Bangalore,West,Independent House,5,2124,263.54,0.12,2016,Semi-furnished,26,9,9,7,6,West,Ready_to_Move
42953,42954,Karnataka,Bangalore,North-East,Villa,5,3208,291.13,0.09,2007,Semi-furnished,24,19,18,7,8,North,Under_Construction
43014,43015,Karnataka,Bangalore,East,Villa,1,3626,326.56,0.09,2023,Furnished,5,21,2,10,1,South,Under_Construction
43038,43039,Karnataka,Bangalore,South,Villa,2,1055,258.99,0.25,2012,Unfurnished,3,27,13,5,6,East,Under_Construction
43060,43061,Karnataka,Bangalore,Central,Villa,3,3385,99.5,0.03,2021,Furnished,26,19,4,1,6,South,Ready_to_Move
43109,43110,Karnataka,Bangalore,North,Independent House,2,4481,379.4,0.08,2021,Furnished,0,11,4,10,7,West,Under_Construction
43113,43114,Karnataka,Bangalore,North-East,Independent House,1,4026,109.5,0.03,2009,Furnished,2,8,16,2,8,North,Ready_to_Move
43204,43205,Karnataka,Bangalore,North-East,Apartment,5,2151,442.3,0.21,1993,Unfurnished,15,1,32,7,6,East,Ready_to_Move
43214,43215,Karnataka,Bangalore,South,Apartment,4,2902,356.35,0.12,1991,Unfurnished,18,6,34,1,5,West,Under_Construction
43247,43248,Karnataka,Bangalore,North,Villa,2,4901,195.02,0.04,2017,Semi-furnished,12,19,8,10,9,South,Ready_to_Move
43327,43328,Karnataka,Bangalore,South,Villa,5,2760,70.2,0.03,1995,Unfurnished,22,4,30,6,7,South,Under_Construction
43473,43474,Karnataka,Bangalore,South-West,Villa,5,2952,437.66,0.15,2021,Semi-furnished,5,14,4,7,7,West,Ready_to_Move
43497,43498,Karnataka,Bangalore,North,Independent House,3,2390,297.42,0.12,1997,Semi-furnished,27,9,28,10,4,East,Ready_to_Move
43581,43582,Karnataka,Bangalore,Central,Apartment,1,4787,376.57,0.08,2001,Furnished,20,25,24,4,7,South,Ready_to_Move
43617,43618,Karnataka,Bangalore,West,Villa,1,759,483.26,0.64,1995,Unfurnished,14,9,30,1,4,South,Under_Construction
43688,43689,Karnataka,Bangalore,South-East,Independent House,3,1531,152.37,0.1,2011,Furnished,25,6,14,1,8,South,Ready_to_Move
43710,43711,Karnataka,Bangalore,South,Villa,4,599,422.36,0.71,2018,Semi-furnished,3,4,7,9,6,South,Ready_to_Move
43726,43727,Karnataka,Bangalore,Central,Apartment,3,2142,306.71,0.14,2009,Furnished,12,27,16,9,4,West,Ready_to_Move
43730,43731,Karnataka,Bangalore,South-East,Villa,4,4951,190.64,0.04,2017,Unfurnished,5,25,8,3,4,East,Under_Construction
43731,43732,Karnataka,Bangalore,Central,Independent House,4,4598,41.15,0.01,2006,Unfurnished,14,7,19,3,8,East,Under_Construction
43867,43868,Karnataka,Bangalore,South-West,Apartment,2,764,62.07,0.08,2005,Semi-furnished,4,17,20,6,5,South,Under_Construction
43944,43945,Karnataka,Bangalore,North,Apartment,3,2359,286.62,0.12,2002,Unfurnished,30,5,23,7,1,East,Under_Construction
43988,43989,Karnataka,Bangalore,North,Independent House,1,3332,252.05,0.08,2023,Semi-furnished,3,8,2,6,1,North,Under_Construction
44007,44008,Karnataka,Bangalore,South,Independent House,5,2562,398.84,0.16,1993,Furnished,9,18,32,4,3,North,Under_Construction
44139,44140,Karnataka,Bangalore,South,Apartment,4,2860,404.62,0.14,1999,Furnished,29,9,26,6,5,East,Under_Construction
44180,44181,Karnataka,Bangalore,South-East,Independent House,2,2911,224.65,0.08,2013,Furnished,11,17,12,1,6,West,Under_Construction
44229,44230,Karnataka,Bangalore,South-West,Independent House,4,1654,325.81,0.2,2014,Furnished,11,26,11,3,4,South,Ready_to_Move
44232,44233,Karnataka,Bangalore,South-East,Independent House,3,1112,141.89,0.13,2002,Unfurnished,25,6,23,6,3,West,Ready_to_Move
44331,44332,Karnataka,Bangalore,South,Villa,2,3755,302.01,0.08,2018,Semi-furnished,30,1,7,7,4,West,Ready_to_Move
44378,44379,Karnataka,Bangalore,South-East,Independent House,5,1028,112.63,0.11,2006,Unfurnished,19,2,19,4,6,East,Ready_to_Move
44407,44408,Karnataka,Bangalore,South-West,Apartment,1,4597,235.53,0.05,2000,Semi-furnished,4,18,25,5,8,East,Ready_to_Move
44580,44581,Karnataka,Bangalore,Central,Independent House,5,2274,156.12,0.07,2017,Unfurnished,25,13,8,7,6,East,Ready_to_Move
44602,44603,Karnataka,Bangalore,North,Villa,1,2673,409.67,0.15,2009,Unfurnished,2,4,16,1,1,East,Under_Construction
44624,44625,Karnataka,Bangalore,Central,Apartment,4,2766,261.92,0.09,2012,Semi-furnished,21,17,13,1,7,South,Ready_to_Move
44719,44720,Karnataka,Bangalore,West,Apartment,1,1306,57.24,0.04,2011,Unfurnished,18,19,14,8,9,East,Ready_to_Move
44721,44722,Karnataka,Bangalore,South-West,Apartment,2,3164,444.97,0.14,1997,Semi-furnished,28,1,28,1,2,South,Under_Construction
44725,44726,Karnataka,Bangalore,South,Apartment,5,1305,370.63,0.28,2012,Unfurnished,18,29,13,2,10,South,Under_Construction
44729,44730,Karnataka,Bangalore,North,Apartment,3,3180,229.87,0.07,2020,Unfurnished,21,17,5,2,1,North,Under_Construction
44773,44774,Karnataka,Bangalore,South-West,Villa,1,598,435.74,0.73,1991,Unfurnished,6,5,34,9,5,West,Ready_to_Move
44780,44781,Karnataka,Bangalore,North,Apartment,1,2515,316.44,0.13,2018,Semi-furnished,10,1,7,6,10,East,Ready_to_Move
44796,44797,Karnataka,Bangalore,South-West,Villa,2,2096,114.98,0.05,2000,Unfurnished,18,20,25,3,7,West,Ready_to_Move
44865,44866,Karnataka,Bangalore,North-East,Independent House,2,752,255.11,0.34,1999,Semi-furnished,4,16,26,2,8,West,Under_Construction
44958,44959,Karnataka,Bangalore,East,Apartment,1,3878,82.55,0.02,2006,Furnished,21,21,19,1,9,West,Ready_to_Move
45105,45106,Karnataka,Bangalore,West,Apartment,2,4061,261.36,0.06,2015,Unfurnished,16,3,10,6,1,East,Under_Construction
45135,45136,Karnataka,Bangalore,East,Villa,1,4332,428.06,0.1,2011,Furnished,30,14,14,2,5,North,Ready_to_Move
45327,45328,Karnataka,Bangalore,South,Independent House,4,2479,385.34,0.16,1998,Furnished,18,16,27,6,10,South,Under_Construction
45388,45389,Karnataka,Bangalore,East,Villa,5,643,43.15,0.07,1996,Unfurnished,14,19,29,1,9,South,Ready_to_Move
45415,45416,Karnataka,Bangalore,East,Independent House,5,3643,257.84,0.07,1997,Semi-furnished,26,25,28,2,7,East,Under_Construction
45463,45464,Karnataka,Bangalore,North,Independent House,4,1424,278.84,0.2,2022,Furnished,17,10,3,1,3,West,Under_Construction
45545,45546,Karnataka,Bangalore,South-West,Villa,3,762,174.12,0.23,1993,Semi-furnished,30,4,32,5,3,South,Under_Construction
45620,45621,Karnataka,Bangalore,South-West,Apartment,4,3181,302.48,0.1,2013,Unfurnished,11,26,12,6,4,South,Under_Construction
45641,45642,Karnataka,Bangalore,South-West,Independent House,5,4478,271.22,0.06,1992,Unfurnished,3,16,33,1,5,West,Under_Construction
45673,45674,Karnataka,Bangalore,South,Villa,2,4976,467.78,0.09,1999,Furnished,0,24,26,3,6,North,Ready_to_Move
45683,45684,Karnataka,Bangalore,South-East,Apartment,4,2997,437.58,0.15,2011,Furnished,17,6,14,10,6,West,Ready_to_Move
45698,45699,Karnataka,Bangalore,North-East,Apartment,1,1718,256.93,0.15,2022,Unfurnished,7,17,3,1,3,East,Under_Construction
46036,46037,Karnataka,Bangalore,West,Independent House,3,4785,485.94,0.1,2006,Unfurnished,18,19,19,7,1,East,Under_Construction
46070,46071,Karnataka,Bangalore,North-East,Villa,3,1594,35.55,0.02,1996,Semi-furnished,19,24,29,6,4,East,Under_Construction
46107,46108,Karnataka,Bangalore,South-East,Villa,1,1578,160.42,0.1,1993,Unfurnished,16,22,32,9,9,East,Under_Construction
46131,46132,Karnataka,Bangalore,West,Independent House,5,3742,156.86,0.04,2010,Semi-furnished,16,12,15,2,3,North,Ready_to_Move
46256,46257,Karnataka,Bangalore,South-West,Villa,1,3632,52.57,0.01,2004,Furnished,5,19,21,6,1,West,Under_Construction
46295,46296,Karnataka,Bangalore,North,Villa,5,2123,452.14,0.21,2006,Unfurnished,20,26,19,6,4,East,Under_Construction
46353,46354,Karnataka,Bangalore,West,Independent House,1,1305,222.39,0.17,2022,Unfurnished,27,14,3,10,5,South,Ready_to_Move
46354,46355,Karnataka,Bangalore,West,Apartment,5,4525,427.76,0.09,2008,Furnished,8,9,17,9,7,South,Under_Construction
46381,46382,Karnataka,Bangalore,Central,Villa,5,881,261.84,0.3,2002,Semi-furnished,27,16,23,10,4,South,Ready_to_Move
46414,46415,Karnataka,Bangalore,Central,Villa,2,1948,380.52,0.2,2019,Semi-furnished,20,19,6,2,3,North,Under_Construction
46436,46437,Karnataka,Bangalore,Central,Apartment,1,518,486.23,0.94,2020,Semi-furnished,6,17,5,1,2,East,Under_Construction
46500,46501,Karnataka,Bangalore,South-East,Independent House,5,1245,436.33,0.35,2015,Semi-furnished,21,8,10,10,5,West,Under_Construction
46527,46528,Karnataka,Bangalore,West,Apartment,5,1975,307.25,0.16,2022,Furnished,28,24,3,1,1,West,Under_Construction
46637,46638,Karnataka,Bangalore,North-East,Villa,4,1420,84.06,0.06,2008,Unfurnished,25,5,17,5,10,North,Ready_to_Move
46716,46717,Karnataka,Bangalore,South,Apartment,3,4626,251.32,0.05,1991,Semi-furnished,10,1,34,4,8,North,Ready_to_Move
46739,46740,Karnataka,Bangalore,East,Apartment,1,1627,39.67,0.02,2018,Semi-furnished,2,17,7,9,4,North,Under_Construction
46775,46776,Karnataka,Bangalore,West,Independent House,3,2046,131.45,0.06,2022,Furnished,30,10,3,3,6,North,Under_Construction
46797,46798,Karnataka,Bangalore,West,Independent House,1,3946,392.84,0.1,2001,Furnished,7,6,24,9,8,North,Ready_to_Move
46801,46802,Karnataka,Bangalore,Central,Apartment,4,1943,263.35,0.14,1991,Semi-furnished,17,26,34,6,2,South,Under_Construction
46828,46829,Karnataka,Bangalore,South,Independent House,5,4083,123.55,0.03,1997,Furnished,15,25,28,1,7,South,Ready_to_Move
47023,47024,Karnataka,Bangalore,North,Independent House,2,2167,129.94,0.06,1991,Unfurnished,20,23,34,2,8,South,Under_Construction
47081,47082,Karnataka,Bangalore,East,Apartment,1,3784,422.96,0.11,2023,Semi-furnished,4,23,2,10,2,West,Ready_to_Move
47193,47194,Karnataka,Bangalore,East,Independent House,2,2321,334.7,0.14,2021,Semi-furnished,4,26,4,4,4,East,Ready_to_Move
47285,47286,Karnataka,Bangalore,West,Villa,1,3603,341.37,0.09,2006,Unfurnished,7,26,19,2,1,North,Under_Construction
47346,47347,Karnataka,Bangalore,South-East,Independent House,1,4657,217.0,0.05,2020,Furnished,9,13,5,1,6,West,Under_Construction
47443,47444,Karnataka,Bangalore,Central,Independent House,2,3618,353.88,0.1,1998,Furnished,10,22,27,10,2,West,Ready_to_Move
47459,47460,Karnataka,Bangalore,South-West,Apartment,3,4139,310.33,0.07,2016,Furnished,30,6,9,4,4,East,Under_Construction
47508,47509,Karnataka,Bangalore,South,Villa,4,2080,435.21,0.21,2012,Furnished,9,2,13,3,6,East,Under_Construction
47768,47769,Karnataka,Bangalore,North-East,Apartment,2,3318,51.55,0.02,2007,Semi-furnished,27,10,18,10,6,West,Ready_to_Move
47790,47791,Karnataka,Bangalore,South-East,Villa,2,827,287.66,0.35,2002,Unfurnished,25,21,23,5,7,North,Ready_to_Move
47816,47817,Karnataka,Bangalore,South-East,Apartment,5,4112,175.5,0.04,2022,Unfurnished,30,30,3,8,2,South,Under_Construction
47818,47819,Karnataka,Bangalore,West,Villa,2,884,43.41,0.05,2018,Furnished,8,24,7,2,3,North,Under_Construction
47978,47979,Karnataka,Bangalore,South-West,Apartment,1,3211,158.68,0.05,2014,Unfurnished,27,9,11,2,5,West,Under_Construction
48180,48181,Karnataka,Bangalore,South-West,Villa,4,3186,49.81,0.02,2017,Furnished,25,2,8,10,5,East,Ready_to_Move
48404,48405,Karnataka,Bangalore,North-East,Villa,1,1106,332.53,0.3,2016,Furnished,21,4,9,2,3,South,Ready_to_Move
48428,48429,Karnataka,Bangalore,North,Independent House,1,1514,471.23,0.31,2001,Unfurnished,2,20,24,3,6,West,Under_Construction
48455,48456,Karnataka,Bangalore,South-West,Independent House,4,3176,30.39,0.01,2005,Unfurnished,15,1,20,4,8,East,Ready_to_Move
48483,48484,Karnataka,Bangalore,West,Independent House,4,4020,439.79,0.11,2002,Furnished,3,6,23,2,2,East,Ready_to_Move
48495,48496,Karnataka,Bangalore,North-East,Villa,1,993,166.96,0.17,2021,Unfurnished,26,9,4,1,2,East,Ready_to_Move
48534,48535,Karnataka,Bangalore,West,Villa,5,4330,82.64,0.02,2009,Furnished,16,24,16,9,5,South,Under_Construction
48552,48553,Karnataka,Bangalore,North-East,Apartment,5,1147,24.82,0.02,1996,Semi-furnished,3,10,29,7,10,South,Under_Construction
48602,48603,Karnataka,Bangalore,West,Apartment,5,3782,477.8,0.13,2019,Unfurnished,15,24,6,3,7,North,Under_Construction
48710,48711,Karnataka,Bangalore,South-East,Independent House,3,2348,336.54,0.14,2000,Furnished,21,3,25,4,7,South,Ready_to_Move
48790,48791,Karnataka,Bangalore,South-West,Apartment,1,1272,418.26,0.33,2013,Semi-furnished,10,18,12,9,6,South,Ready_to_Move
48827,48828,Karnataka,Bangalore,North-East,Apartment,1,2581,317.38,0.12,2018,Furnished,8,12,7,4,6,North,Under_Construction
48831,48832,Karnataka,Bangalore,South-East,Independent House,1,4679,464.01,0.1,2009,Semi-furnished,19,11,16,3,10,West,Ready_to_Move
48924,48925,Karnataka,Bangalore,North-East,Independent House,3,1741,249.98,0.14,1994,Furnished,19,25,31,10,10,South,Under_Construction
48950,48951,Karnataka,Bangalore,North-East,Villa,4,4900,365.79,0.07,2005,Unfurnished,2,29,20,9,3,West,Under_Construction
49004,49005,Karnataka,Bangalore,Central,Independent House,4,2592,37.06,0.01,1999,Unfurnished,25,23,26,4,9,North,Under_Construction
49158,49159,Karnataka,Bangalore,South-East,Independent House,5,2081,282.94,0.14,2008,Furnished,20,8,17,5,3,East,Ready_to_Move
49199,49200,Karnataka,Bangalore,North-East,Apartment,5,749,259.49,0.35,2013,Semi-furnished,8,30,12,8,5,North,Under_Construction
49306,49307,Karnataka,Bangalore,East,Villa,2,1154,362.96,0.31,1991,Unfurnished,8,20,34,9,3,South,Under_Construction
49314,49315,Karnataka,Bangalore,South-East,Independent House,3,4146,346.42,0.08,2018,Furnished,4,26,7,6,5,North,Under_Construction
49393,49394,Karnataka,Bangalore,South-West,Apartment,1,3507,172.99,0.05,2011,Unfurnished,20,15,14,1,2,East,Ready_to_Move
49405,49406,Karnataka,Bangalore,East,Independent House,2,4552,82.15,0.02,2001,Unfurnished,6,29,24,7,10,South,Ready_to_Move
49497,49498,Karnataka,Bangalore,Central,Independent House,3,1999,157.31,0.08,2022,Furnished,6,23,3,6,1,East,Ready_to_Move
49506,49507,Karnataka,Bangalore,South,Independent House,3,4188,305.21,0.07,1993,Unfurnished,3,21,32,7,5,West,Ready_to_Move
49552,49553,Karnataka,Bangalore,East,Independent House,5,3275,464.09,0.14,2006,Unfurnished,25,24,19,9,3,South,Ready_to_Move
49580,49581,Karnataka,Bangalore,Central,Apartment,4,648,271.07,0.42,2011,Semi-furnished,4,28,14,2,6,South,Under_Construction
49685,49686,Karnataka,Bangalore,West,Independent House,1,4458,150.44,0.03,2009,Unfurnished,21,10,16,10,8,East,Ready_to_Move
49900,49901,Karnataka,Bangalore,North,Apartment,1,2728,285.24,0.1,2022,Furnished,15,29,3,3,9,West,Under_Construction
49977,49978,Karnataka,Bangalore,Central,Apartment,3,4876,358.55,0.07,2013,Semi-furnished,30,7,12,5,9,North,Under_Construction
49983,49984,Karnataka,Bangalore,North-East,Apartment,4,4063,64.14,0.02,2010,Furnished,8,26,15,3,2,West,Under_Construction
50007,50008,Karnataka,Bangalore,North,Independent House,1,2719,228.65,0.08,2023,Furnished,14,18,2,10,10,North,Under_Construction
50093,50094,Karnataka,Bangalore,West,Apartment,1,2042,440.85,0.22,2022,Furnished,19,29,3,8,5,West,Ready_to_Move
50122,50123,Karnataka,Bangalore,North-East,Villa,3,4794,327.82,0.07,2015,Unfurnished,5,6,10,8,3,South,Ready_to_Move
50155,50156,Karnataka,Bangalore,South-East,Apartment,1,2760,459.32,0.17,2017,Semi-furnished,6,3,8,1,3,West,Ready_to_Move
50176,50177,Karnataka,Bangalore,East,Apartment,1,3822,226.98,0.06,2004,Unfurnished,28,15,21,3,1,East,Under_Construction
50198,50199,Karnataka,Bangalore,West,Independent House,1,3460,291.59,0.08,2005,Unfurnished,23,9,20,5,9,North,Under_Construction
50232,50233,Karnataka,Bangalore,South-East,Apartment,2,1524,436.87,0.29,2018,Semi-furnished,10,13,7,8,4,South,Under_Construction
50331,50332,Karnataka,Bangalore,East,Apartment,5,3331,87.67,0.03,1990,Semi-furnished,26,16,35,1,9,North,Under_Construction
50449,50450,Karnataka,Bangalore,North,Apartment,1,2020,138.4,0.07,1998,Semi-furnished,10,23,27,7,2,South,Ready_to_Move
50498,50499,Karnataka,Bangalore,South-East,Independent House,3,3466,388.41,0.11,1990,Unfurnished,20,21,35,4,7,South,Ready_to_Move
50579,50580,Karnataka,Bangalore,East,Villa,1,3416,42.26,0.01,2004,Furnished,28,17,21,10,10,West,Under_Construction
50600,50601,Karnataka,Bangalore,North,Villa,5,2092,15.73,0.01,2022,Semi-furnished,15,10,3,7,8,South,Ready_to_Move
50647,50648,Karnataka,Bangalore,North,Apartment,2,4773,104.94,0.02,2015,Furnished,18,25,10,10,4,East,Under_Construction
50718,50719,Karnataka,Bangalore,Central,Independent House,5,4970,402.62,0.08,1996,Furnished,26,1,29,8,10,South,Ready_to_Move
50821,50822,Karnataka,Bangalore,West,Apartment,4,1485,281.37,0.19,2020,Semi-furnished,13,20,5,8,3,South,Under_Construction
50884,50885,Karnataka,Bangalore,South-West,Villa,1,4586,362.24,0.08,2019,Semi-furnished,24,13,6,6,3,North,Ready_to_Move
50906,50907,Karnataka,Bangalore,South,Independent House,1,1117,449.37,0.4,2009,Semi-furnished,9,27,16,2,7,North,Ready_to_Move
50914,50915,Karnataka,Bangalore,South,Independent House,1,1556,383.23,0.25,1997,Furnished,5,4,28,6,3,South,Under_Construction
50930,50931,Karnataka,Bangalore,East,Apartment,2,4527,487.74,0.11,1995,Semi-furnished,5,18,30,10,3,West,Ready_to_Move
50957,50958,Karnataka,Bangalore,South,Apartment,2,3789,250.38,0.07,2002,Unfurnished,23,5,23,6,1,West,Ready_to_Move
50963,50964,Karnataka,Bangalore,North-East,Apartment,3,2874,419.72,0.15,1997,Furnished,12,12,28,4,4,South,Under_Construction
50989,50990,Karnataka,Bangalore,North-East,Independent House,3,4850,228.88,0.05,2006,Unfurnished,7,18,19,5,9,North,Ready_to_Move
51056,51057,Karnataka,Bangalore,South-West,Villa,2,3730,315.57,0.08,2002,Unfurnished,23,2,23,6,6,East,Under_Construction
51140,51141,Karnataka,Bangalore,South,Villa,4,2554,61.33,0.02,2006,Semi-furnished,18,27,19,9,7,West,Ready_to_Move
51265,51266,Karnataka,Bangalore,North-East,Apartment,4,2694,157.12,0.06,2004,Furnished,7,21,21,6,5,West,Under_Construction
51352,51353,Karnataka,Bangalore,West,Independent House,1,1753,100.56,0.06,2017,Furnished,18,27,8,6,9,East,Under_Construction
51453,51454,Karnataka,Bangalore,East,Apartment,4,3085,97.14,0.03,1995,Semi-furnished,11,8,30,4,10,South,Ready_to_Move
51540,51541,Karnataka,Bangalore,North-East,Villa,1,2887,381.6,0.13,2007,Unfurnished,3,26,18,4,8,North,Ready_to_Move
51551,51552,Karnataka,Bangalore,South-East,Independent House,5,2729,483.84,0.18,1994,Semi-furnished,3,18,31,7,2,North,Ready_to_Move
51618,51619,Karnataka,Bangalore,North-East,Villa,4,1524,362.07,0.24,2012,Semi-furnished,23,8,13,1,9,East,Under_Construction
51759,51760,Karnataka,Bangalore,South,Independent House,2,1854,83.33,0.04,2008,Unfurnished,6,26,17,8,10,East,Under_Construction
51895,51896,Karnataka,Bangalore,South-East,Villa,2,3152,84.12,0.03,2002,Unfurnished,22,30,23,9,10,South,Ready_to_Move
52086,52087,Karnataka,Bangalore,North,Villa,5,3035,28.05,0.01,2018,Unfurnished,10,22,7,7,4,West,Under_Construction
52166,52167,Karnataka,Bangalore,Central,Villa,1,518,478.13,0.92,2011,Unfurnished,10,16,14,2,9,East,Ready_to_Move
52215,52216,Karnataka,Bangalore,West,Apartment,3,1341,470.81,0.35,2021,Furnished,16,27,4,3,7,North,Under_Construction
52321,52322,Karnataka,Bangalore,East,Villa,3,2747,269.48,0.1,2006,Furnished,11,11,19,8,10,West,Under_Construction
52325,52326,Karnataka,Bangalore,West,Apartment,3,4239,159.23,0.04,1997,Unfurnished,24,24,28,4,8,East,Ready_to_Move
52329,52330,Karnataka,Bangalore,East,Villa,4,3644,194.54,0.05,1990,Semi-furnished,8,16,35,1,9,North,Ready_to_Move
52344,52345,Karnataka,Bangalore,South-West,Apartment,1,4483,482.31,0.11,2019,Semi-furnished,1,23,6,8,1,South,Under_Construction
52418,52419,Karnataka,Bangalore,South-West,Independent House,1,4143,431.09,0.1,1995,Semi-furnished,18,22,30,1,4,South,Under_Construction
52438,52439,Karnataka,Bangalore,North,Villa,2,2111,39.65,0.02,2013,Unfurnished,26,14,12,5,2,South,Ready_to_Move
52679,52680,Karnataka,Bangalore,North,Independent House,2,1916,388.32,0.2,1993,Unfurnished,17,18,32,10,5,East,Under_Construction
52776,52777,Karnataka,Bangalore,North-East,Villa,3,2796,181.68,0.06,2008,Furnished,14,8,17,10,3,East,Under_Construction
52863,52864,Karnataka,Bangalore,West,Apartment,5,1849,36.24,0.02,2020,Furnished,21,6,5,6,6,North,Under_Construction
52960,52961,Karnataka,Bangalore,North-East,Independent House,5,3956,452.6,0.11,1990,Semi-furnished,16,22,35,6,6,South,Ready_to_Move
52984,52985,Karnataka,Bangalore,Central,Villa,2,1860,239.39,0.13,2012,Furnished,18,8,13,8,1,North,Ready_to_Move
53203,53204,Karnataka,Bangalore,South-East,Independent House,3,1044,15.1,0.01,2003,Semi-furnished,13,18,22,3,7,West,Under_Construction
53209,53210,Karnataka,Bangalore,East,Villa,2,3383,202.25,0.06,1996,Furnished,13,7,29,4,8,South,Ready_to_Move
53216,53217,Karnataka,Bangalore,West,Independent House,3,1814,277.17,0.15,2001,Furnished,21,16,24,2,10,East,Under_Construction
53253,53254,Karnataka,Bangalore,East,Apartment,2,2133,464.7,0.22,1990,Furnished,24,24,35,4,2,West,Under_Construction
53328,53329,Karnataka,Bangalore,East,Villa,1,4593,121.11,0.03,1993,Unfurnished,4,9,32,3,6,West,Ready_to_Move
53519,53520,Karnataka,Bangalore,North,Villa,5,2911,164.54,0.06,2021,Furnished,1,9,4,1,9,West,Ready_to_Move
53582,53583,Karnataka,Bangalore,South-West,Villa,1,1083,48.75,0.05,2008,Semi-furnished,20,26,17,10,4,East,Under_Construction
53600,53601,Karnataka,Bangalore,North,Independent House,2,3445,110.91,0.03,1992,Furnished,20,8,33,7,9,North,Ready_to_Move
53667,53668,Karnataka,Bangalore,West,Villa,4,2384,324.97,0.14,1998,Unfurnished,22,15,27,4,9,East,Ready_to_Move
53680,53681,Karnataka,Bangalore,East,Independent House,5,987,300.68,0.3,1993,Semi-furnished,4,16,32,7,7,South,Ready_to_Move
53791,53792,Karnataka,Bangalore,Central,Villa,1,841,300.75,0.36,2012,Semi-furnished,23,1,13,8,3,East,Ready_to_Move
53796,53797,Karnataka,Bangalore,South-West,Villa,2,1516,159.63,0.11,2020,Semi-furnished,17,5,5,8,8,South,Ready_to_Move
53907,53908,Karnataka,Bangalore,South-West,Apartment,5,3105,487.18,0.16,1991,Semi-furnished,24,3,34,8,3,South,Under_Construction
54019,54020,Karnataka,Bangalore,Central,Apartment,1,1802,426.61,0.24,1997,Unfurnished,25,1,28,3,4,West,Ready_to_Move
54059,54060,Karnataka,Bangalore,South-East,Independent House,1,2233,205.72,0.09,1997,Unfurnished,11,8,28,9,4,North,Ready_to_Move
54085,54086,Karnataka,Bangalore,East,Apartment,5,4152,249.34,0.06,2004,Semi-furnished,4,10,21,8,9,West,Under_Construction
54102,54103,Karnataka,Bangalore,Central,Apartment,1,1192,363.9,0.31,2005,Furnished,13,11,20,7,6,East,Ready_to_Move
54150,54151,Karnataka,Bangalore,South,Independent House,5,3848,295.04,0.08,2008,Unfurnished,30,3,17,10,3,East,Under_Construction
54187,54188,Karnataka,Bangalore,North-East,Independent House,4,2847,277.52,0.1,2017,Furnished,12,10,8,8,3,West,Under_Construction
54256,54257,Karnataka,Bangalore,South,Villa,5,4509,256.3,0.06,2014,Furnished,2,30,11,6,9,South,Under_Construction
54273,54274,Karnataka,Bangalore,South,Independent House,5,703,32.3,0.05,1993,Semi-furnished,11,21,32,5,9,North,Ready_to_Move
54302,54303,Karnataka,Bangalore,South,Villa,5,1610,435.22,0.27,2006,Semi-furnished,30,22,19,10,8,East,Under_Construction
54376,54377,Karnataka,Bangalore,South-East,Apartment,4,4495,196.09,0.04,2018,Furnished,6,3,7,6,8,South,Under_Construction
54378,54379,Karnataka,Bangalore,South,Apartment,3,4866,445.75,0.09,2003,Furnished,19,6,22,6,2,North,Under_Construction
54391,54392,Karnataka,Bangalore,North-East,Apartment,1,4464,156.6,0.04,2003,Unfurnished,28,7,22,7,4,South,Ready_to_Move
54498,54499,Karnataka,Bangalore,South,Apartment,4,4349,133.7,0.03,2005,Furnished,10,30,20,1,5,North,Under_Construction
54561,54562,Karnataka,Bangalore,South-East,Independent House,4,724,480.28,0.66,2015,Semi-furnished,12,26,10,4,6,East,Ready_to_Move
54656,54657,Karnataka,Bangalore,East,Villa,4,1403,227.57,0.16,1992,Semi-furnished,22,26,33,3,10,South,Ready_to_Move
54703,54704,Karnataka,Bangalore,East,Villa,3,3412,210.67,0.06,2001,Unfurnished,20,4,24,7,1,West,Under_Construction
54722,54723,Karnataka,Bangalore,South-West,Apartment,4,3077,303.02,0.1,2009,Semi-furnished,11,21,16,10,3,South,Ready_to_Move
54779,54780,Karnataka,Bangalore,North,Independent House,4,2856,412.37,0.14,1999,Semi-furnished,24,24,26,6,9,North,Ready_to_Move
54841,54842,Karnataka,Bangalore,East,Villa,3,1170,457.96,0.39,2000,Furnished,24,23,25,10,9,South,Under_Construction
55053,55054,Karnataka,Bangalore,North-East,Villa,5,769,70.91,0.09,2004,Semi-furnished,7,16,21,3,7,East,Ready_to_Move
55076,55077,Karnataka,Bangalore,East,Villa,3,2863,367.16,0.13,2019,Semi-furnished,10,14,6,5,4,East,Ready_to_Move
55169,55170,Karnataka,Bangalore,East,Villa,5,1762,292.97,0.17,1992,Unfurnished,9,8,33,3,9,West,Under_Construction
55224,55225,Karnataka,Bangalore,South-West,Villa,5,2162,170.46,0.08,2023,Unfurnished,22,8,2,3,2,North,Ready_to_Move
55445,55446,Karnataka,Bangalore,North-East,Apartment,1,916,256.16,0.28,2016,Furnished,18,27,9,9,3,West,Ready_to_Move
55455,55456,Karnataka,Bangalore,East,Independent House,2,1521,226.2,0.15,1990,Semi-furnished,19,27,35,3,6,South,Under_Construction
55599,55600,Karnataka,Bangalore,West,Villa,4,4137,287.3,0.07,1991,Semi-furnished,14,18,34,3,6,North,Ready_to_Move
55631,55632,Karnataka,Bangalore,North,Independent House,1,3589,242.65,0.07,1995,Furnished,12,23,30,2,6,West,Under_Construction
55684,55685,Karnataka,Bangalore,East,Independent House,1,4512,64.84,0.01,1992,Furnished,29,8,33,4,6,South,Under_Construction
55700,55701,Karnataka,Bangalore,North,Independent House,4,3944,261.91,0.07,1995,Unfurnished,22,23,30,2,10,North,Ready_to_Move
55771,55772,Karnataka,Bangalore,North,Villa,5,4804,418.69,0.09,1997,Furnished,0,30,28,5,7,East,Under_Construction
55779,55780,Karnataka,Bangalore,South,Villa,3,2217,476.35,0.21,2020,Semi-furnished,11,7,5,9,8,South,Under_Construction
55783,55784,Karnataka,Bangalore,South,Independent House,1,3295,363.18,0.11,2014,Unfurnished,17,8,11,6,7,East,Under_Construction
55833,55834,Karnataka,Bangalore,South,Apartment,2,4169,411.1,0.1,2005,Unfurnished,24,30,20,4,2,East,Under_Construction
55947,55948,Karnataka,Bangalore,South-West,Apartment,4,4474,88.63,0.02,2016,Unfurnished,16,8,9,10,6,West,Ready_to_Move
56007,56008,Karnataka,Bangalore,North-East,Independent House,3,2500,83.41,0.03,1996,Unfurnished,30,1,29,10,3,East,Under_Construction
56015,56016,Karnataka,Bangalore,North-East,Independent House,3,4978,275.65,0.06,2006,Furnished,5,2,19,6,9,East,Under_Construction
56021,56022,Karnataka,Bangalore,West,Apartment,3,4978,101.86,0.02,2010,Unfurnished,21,13,15,3,7,North,Ready_to_Move
56027,56028,Karnataka,Bangalore,South-West,Independent House,1,4732,486.97,0.1,2004,Unfurnished,7,15,21,9,1,South,Ready_to_Move
56082,56083,Karnataka,Bangalore,Central,Apartment,5,1079,311.06,0.29,2018,Furnished,27,11,7,6,9,South,Ready_to_Move
56112,56113,Karnataka,Bangalore,South-East,Villa,4,4685,224.13,0.05,2004,Furnished,4,26,21,9,1,East,Ready_to_Move
56114,56115,Karnataka,Bangalore,South-East,Independent House,4,801,183.38,0.23,1998,Semi-furnished,13,10,27,7,7,East,Under_Construction
56139,56140,Karnataka,Bangalore,North,Apartment,5,4342,377.9,0.09,1994,Furnished,3,15,31,7,9,South,Ready_to_Move
56149,56150,Karnataka,Bangalore,North,Apartment,1,2873,81.69,0.03,1995,Semi-furnished,9,4,30,10,4,East,Ready_to_Move
56203,56204,Karnataka,Bangalore,East,Villa,3,3880,475.88,0.12,2011,Unfurnished,30,9,14,1,10,North,Ready_to_Move
56211,56212,Karnataka,Bangalore,South-West,Apartment,2,3828,485.06,0.13,2020,Unfurnished,3,28,5,3,10,West,Under_Construction
56225,56226,Karnataka,Bangalore,North-East,Independent House,4,2074,75.44,0.04,1993,Semi-furnished,26,9,32,6,2,North,Under_Construction
56322,56323,Karnataka,Bangalore,North,Villa,3,4648,336.23,0.07,2023,Semi-furnished,3,7,2,2,5,West,Ready_to_Move
56349,56350,Karnataka,Bangalore,West,Independent House,1,2537,303.0,0.12,2022,Unfurnished,15,13,3,10,4,West,Ready_to_Move
56367,56368,Karnataka,Bangalore,South-East,Villa,4,1061,426.88,0.4,1994,Semi-furnished,21,4,31,3,8,West,Ready_to_Move
56460,56461,Karnataka,Bangalore,East,Independent House,2,3902,305.36,0.08,1996,Semi-furnished,11,7,29,1,6,North,Ready_to_Move
56519,56520,Karnataka,Bangalore,Central,Independent House,1,4314,33.66,0.01,2018,Semi-furnished,5,30,7,9,7,West,Ready_to_Move
56651,56652,Karnataka,Bangalore,Central,Villa,5,4511,355.6,0.08,2003,Unfurnished,8,20,22,7,5,West,Ready_to_Move
56781,56782,Karnataka,Bangalore,South-West,Villa,3,1456,220.92,0.15,1990,Furnished,19,13,35,7,4,West,Under_Construction
56872,56873,Karnataka,Bangalore,North-East,Independent House,3,3943,413.12,0.1,2014,Furnished,15,28,11,5,1,North,Ready_to_Move
56938,56939,Karnataka,Bangalore,South-West,Apartment,2,4054,480.67,0.12,1995,Furnished,7,26,30,3,7,South,Ready_to_Move
56967,56968,Karnataka,Bangalore,South-East,Villa,5,2168,47.15,0.02,2016,Furnished,29,8,9,5,2,East,Under_Construction
57030,57031,Karnataka,Bangalore,South-West,Villa,3,855,348.11,0.41,1997,Furnished,28,26,28,10,6,South,Under_Construction
57205,57206,Karnataka,Bangalore,South,Villa,2,827,171.47,0.21,2021,Furnished,27,25,4,7,8,East,Under_Construction
57235,57236,Karnataka,Bangalore,South,Independent House,1,3744,204.47,0.05,2012,Semi-furnished,11,6,13,10,5,South,Under_Construction
57257,57258,Karnataka,Bangalore,West,Apartment,4,638,476.88,0.75,1992,Furnished,7,21,33,1,6,East,Ready_to_Move
57303,57304,Karnataka,Bangalore,South-East,Villa,1,2299,226.45,0.1,2022,Semi-furnished,9,7,3,8,9,East,Under_Construction
57523,57524,Karnataka,Bangalore,Central,Independent House,4,2473,112.23,0.05,2019,Furnished,12,20,6,8,1,South,Under_Construction
57680,57681,Karnataka,Bangalore,North-East,Apartment,4,2214,61.34,0.03,2005,Unfurnished,18,28,20,10,7,West,Under_Construction
57699,57700,Karnataka,Bangalore,East,Villa,5,1965,422.73,0.22,2019,Furnished,8,22,6,2,3,West,Ready_to_Move
57715,57716,Karnataka,Bangalore,Central,Apartment,5,3677,144.04,0.04,2022,Unfurnished,16,15,3,4,1,East,Under_Construction
57726,57727,Karnataka,Bangalore,East,Apartment,4,4696,395.44,0.08,1992,Furnished,26,12,33,8,7,East,Under_Construction
57747,57748,Karnataka,Bangalore,West,Apartment,2,3003,400.89,0.13,2018,Furnished,11,12,7,8,6,East,Ready_to_Move
57917,57918,Karnataka,Bangalore,North-East,Villa,4,3131,142.8,0.05,2009,Semi-furnished,27,14,16,1,7,West,Ready_to_Move
57962,57963,Karnataka,Bangalore,Central,Independent House,1,3939,480.37,0.12,2015,Unfurnished,18,19,10,2,2,North,Ready_to_Move
58006,58007,Karnataka,Bangalore,West,Independent House,2,3080,96.31,0.03,2002,Unfurnished,22,13,23,1,7,East,Under_Construction
58091,58092,Karnataka,Bangalore,South-West,Independent House,1,783,395.22,0.5,1992,Furnished,26,16,33,9,9,South,Ready_to_Move
58158,58159,Karnataka,Bangalore,Central,Villa,1,704,184.24,0.26,2015,Unfurnished,24,17,10,6,5,West,Under_Construction
58166,58167,Karnataka,Bangalore,North-East,Apartment,5,1010,494.96,0.49,1997,Semi-furnished,23,13,28,3,1,East,Under_Construction
58227,58228,Karnataka,Bangalore,East,Villa,1,3433,320.7,0.09,2016,Semi-furnished,13,20,9,3,3,North,Under_Construction
58238,58239,Karnataka,Bangalore,East,Villa,4,1929,217.77,0.11,1994,Furnished,22,13,31,8,3,South,Under_Construction
58256,58257,Karnataka,Bangalore,South,Villa,5,1729,128.12,0.07,2022,Semi-furnished,6,18,3,3,2,South,Ready_to_Move
58385,58386,Karnataka,Bangalore,South,Apartment,4,4524,189.38,0.04,2017,Furnished,21,18,8,10,4,West,Under_Construction
58404,58405,Karnataka,Bangalore,South-East,Villa,3,4901,402.07,0.08,2016,Semi-furnished,29,28,9,2,10,East,Under_Construction
58418,58419,Karnataka,Bangalore,North-East,Villa,3,4671,292.23,0.06,2008,Furnished,11,22,17,7,6,South,Under_Construction
58463,58464,Karnataka,Bangalore,South-East,Villa,5,1353,182.16,0.13,2019,Furnished,30,16,6,4,1,South,Ready_to_Move
58501,58502,Karnataka,Bangalore,North-East,Villa,2,3924,27.69,0.01,1994,Semi-furnished,21,27,31,8,8,North,Under_Construction
58562,58563,Karnataka,Bangalore,West,Apartment,3,1058,298.56,0.28,2007,Furnished,18,20,18,10,9,West,Under_Construction
58629,58630,Karnataka,Bangalore,Central,Villa,3,2374,395.62,0.17,2013,Semi-furnished,14,6,12,6,9,East,Under_Construction
58652,58653,Karnataka,Bangalore,South-West,Apartment,4,548,307.93,0.56,1999,Unfurnished,28,1,26,9,2,West,Ready_to_Move
58880,58881,Karnataka,Bangalore,North-East,Apartment,5,2165,58.02,0.03,2021,Unfurnished,9,22,4,7,8,East,Ready_to_Move
58932,58933,Karnataka,Bangalore,South-East,Villa,4,1261,413.96,0.33,1996,Unfurnished,6,22,29,8,10,North,Ready_to_Move
58971,58972,Karnataka,Bangalore,West,Apartment,1,4075,36.58,0.01,2012,Furnished,12,9,13,5,9,South,Ready_to_Move
59015,59016,Karnataka,Bangalore,South,Apartment,3,1030,146.7,0.14,2021,Furnished,29,12,4,1,7,West,Ready_to_Move
59114,59115,Karnataka,Bangalore,East,Independent House,3,2583,430.77,0.17,2016,Furnished,25,19,9,8,3,North,Ready_to_Move
59172,59173,Karnataka,Bangalore,West,Independent House,4,1020,105.56,0.1,1992,Semi-furnished,24,10,33,9,6,West,Under_Construction
59182,59183,Karnataka,Bangalore,South,Independent House,4,852,288.42,0.34,2005,Furnished,17,22,20,10,2,North,Ready_to_Move
59212,59213,Karnataka,Bangalore,Central,Apartment,2,4580,312.75,0.07,1995,Furnished,15,22,30,2,7,East,Ready_to_Move
59377,59378,Karnataka,Bangalore,South-East,Apartment,1,2536,159.88,0.06,1994,Furnished,16,16,31,2,8,North,Under_Construction
59427,59428,Karnataka,Bangalore,South-East,Apartment,1,4113,262.97,0.06,1993,Semi-furnished,5,2,32,10,2,West,Under_Construction
59430,59431,Karnataka,Bangalore,North-East,Villa,5,2787,389.71,0.14,2016,Furnished,21,26,9,9,8,North,Ready_to_Move
59456,59457,Karnataka,Bangalore,South-East,Independent House,5,2181,460.71,0.21,2019,Semi-furnished,2,23,6,10,4,North,Under_Construction
59541,59542,Karnataka,Bangalore,West,Villa,1,2148,126.02,0.06,1990,Semi-furnished,2,15,35,7,2,East,Ready_to_Move
59616,59617,Karnataka,Bangalore,North-East,Apartment,1,1478,346.66,0.23,1996,Furnished,11,17,29,9,4,West,Under_Construction
59682,59683,Karnataka,Bangalore,South-West,Villa,4,2004,244.33,0.12,1990,Furnished,20,27,35,4,6,South,Under_Construction
59700,59701,Karnataka,Bangalore,South-East,Villa,1,3537,496.07,0.14,1992,Unfurnished,30,28,33,6,9,North,Ready_to_Move
59934,59935,Karnataka,Bangalore,South-West,Independent House,5,532,342.17,0.64,2022,Semi-furnished,29,23,3,10,10,East,Under_Construction
59977,59978,Karnataka,Bangalore,North-East,Apartment,2,2024,300.47,0.15,1999,Unfurnished,8,19,26,1,8,North,Under_Construction
60028,60029,Karnataka,Bangalore,South-West,Independent House,2,2779,326.43,0.12,1997,Unfurnished,24,29,28,4,3,East,Under_Construction
60093,60094,Karnataka,Bangalore,West,Independent House,1,1889,394.03,0.21,1998,Unfurnished,21,11,27,8,4,North,Under_Construction
60101,60102,Karnataka,Bangalore,South,Independent House,2,971,115.84,0.12,2016,Semi-furnished,13,28,9,5,9,West,Ready_to_Move
60110,60111,Karnataka,Bangalore,North-East,Apartment,4,2940,190.96,0.06,1999,Semi-furnished,20,10,26,6,3,South,Under_Construction
60129,60130,Karnataka,Bangalore,North,Apartment,3,2118,249.71,0.12,2020,Semi-furnished,30,20,5,2,8,West,Ready_to_Move
60173,60174,Karnataka,Bangalore,South,Apartment,3,2618,85.57,0.03,2009,Unfurnished,17,27,16,2,3,North,Ready_to_Move
60233,60234,Karnataka,Bangalore,North-East,Independent House,4,3227,348.45,0.11,2002,Furnished,19,29,23,4,4,East,Under_Construction
60242,60243,Karnataka,Bangalore,North-East,Apartment,2,2427,486.4,0.2,2011,Furnished,10,25,14,1,10,West,Ready_to_Move
60250,60251,Karnataka,Bangalore,West,Apartment,5,1845,332.51,0.18,1991,Unfurnished,2,3,34,2,7,East,Ready_to_Move
60277,60278,Karnataka,Bangalore,West,Apartment,3,4400,321.57,0.07,1998,Unfurnished,16,21,27,8,3,South,Under_Construction
60285,60286,Karnataka,Bangalore,South-East,Independent House,2,977,478.48,0.49,1997,Unfurnished,27,9,28,7,1,West,Under_Construction
60313,60314,Karnataka,Bangalore,Central,Apartment,2,4512,117.31,0.03,2023,Furnished,26,13,2,3,7,South,Under_Construction
60369,60370,Karnataka,Bangalore,South,Apartment,2,2034,466.65,0.23,1999,Furnished,10,8,26,1,3,East,Under_Construction
60416,60417,Karnataka,Bangalore,South,Apartment,5,4979,341.63,0.07,2001,Semi-furnished,20,29,24,7,4,North,Ready_to_Move
60439,60440,Karnataka,Bangalore,North,Villa,5,4825,419.21,0.09,2022,Semi-furnished,4,7,3,2,10,East,Under_Construction
60464,60465,Karnataka,Bangalore,North-East,Villa,4,1809,273.64,0.15,2012,Furnished,29,5,13,2,2,North,Under_Construction
60600,60601,Karnataka,Bangalore,West,Apartment,5,2281,453.49,0.2,1991,Semi-furnished,18,26,34,3,6,South,Ready_to_Move
60636,60637,Karnataka,Bangalore,North-East,Villa,5,1903,232.96,0.12,2006,Semi-furnished,27,10,19,10,7,East,Ready_to_Move
60705,60706,Karnataka,Bangalore,Central,Villa,5,1316,245.42,0.19,2008,Semi-furnished,24,3,17,7,4,West,Under_Construction
60731,60732,Karnataka,Bangalore,North,Villa,2,605,224.87,0.37,2013,Semi-furnished,2,1,12,6,7,South,Ready_to_Move
60750,60751,Karnataka,Bangalore,South-West,Independent House,5,3265,130.32,0.04,2020,Semi-furnished,1,16,5,3,8,South,Under_Construction
60757,60758,Karnataka,Bangalore,North-East,Independent House,2,4379,221.71,0.05,2010,Furnished,8,15,15,1,2,West,Ready_to_Move
60773,60774,Karnataka,Bangalore,East,Villa,5,1855,290.11,0.16,1997,Unfurnished,15,13,28,4,2,East,Ready_to_Move
60778,60779,Karnataka,Bangalore,Central,Independent House,3,4021,478.41,0.12,2017,Furnished,10,6,8,4,4,West,Ready_to_Move
60847,60848,Karnataka,Bangalore,East,Independent House,3,2704,464.38,0.17,1996,Furnished,21,17,29,7,8,South,Ready_to_Move
60848,60849,Karnataka,Bangalore,West,Villa,4,2044,452.74,0.22,2016,Furnished,26,22,9,4,8,West,Under_Construction
60906,60907,Karnataka,Bangalore,South-East,Apartment,2,1213,290.02,0.24,2013,Semi-furnished,8,23,12,8,9,East,Under_Construction
60980,60981,Karnataka,Bangalore,South,Independent House,1,3111,148.89,0.05,1990,Furnished,21,1,35,1,3,East,Under_Construction
61033,61034,Karnataka,Bangalore,Central,Independent House,3,3825,162.35,0.04,2006,Unfurnished,4,15,19,3,8,West,Under_Construction
61150,61151,Karnataka,Bangalore,South,Villa,3,1327,85.89,0.06,2013,Furnished,26,7,12,5,4,North,Under_Construction
61193,61194,Karnataka,Bangalore,South,Villa,3,4223,58.51,0.01,2016,Furnished,27,18,9,7,5,East,Under_Construction
61319,61320,Karnataka,Bangalore,Central,Independent House,5,4905,443.29,0.09,1997,Unfurnished,18,3,28,2,2,East,Under_Construction
61629,61630,Karnataka,Bangalore,North,Villa,2,1713,154.63,0.09,2018,Furnished,12,13,7,10,1,South,Under_Construction
61777,61778,Karnataka,Bangalore,East,Apartment,4,1910,194.16,0.1,1997,Unfurnished,8,6,28,6,1,North,Under_Construction
61795,61796,Karnataka,Bangalore,South-East,Apartment,1,2307,386.36,0.17,1991,Unfurnished,17,24,34,4,2,South,Under_Construction
61835,61836,Karnataka,Bangalore,Central,Independent House,3,2549,473.65,0.19,1993,Furnished,0,20,32,4,1,East,Under_Construction
61853,61854,Karnataka,Bangalore,East,Apartment,1,2126,146.53,0.07,2018,Unfurnished,4,1,7,5,5,North,Under_Construction
61868,61869,Karnataka,Bangalore,North,Independent House,1,1962,195.07,0.1,1994,Semi-furnished,5,23,31,2,4,North,Ready_to_Move
61881,61882,Karnataka,Bangalore,East,Independent House,3,518,394.4,0.76,1994,Furnished,4,8,31,5,6,West,Ready_to_Move
62009,62010,Karnataka,Bangalore,West,Independent House,5,1430,317.43,0.22,1999,Furnished,26,14,26,2,6,North,Ready_to_Move
62156,62157,Karnataka,Bangalore,South,Villa,2,3448,144.91,0.04,2023,Furnished,27,12,2,7,1,South,Ready_to_Move
62246,62247,Karnataka,Bangalore,South-West,Independent House,1,4203,424.82,0.1,2017,Furnished,22,15,8,10,3,North,Ready_to_Move
62248,62249,Karnataka,Bangalore,Central,Villa,3,2286,52.55,0.02,1998,Semi-furnished,22,15,27,9,2,East,Ready_to_Move
62330,62331,Karnataka,Bangalore,West,Independent House,3,4539,175.65,0.04,2003,Furnished,14,10,22,1,1,West,Under_Construction
62374,62375,Karnataka,Bangalore,South,Independent House,4,1902,404.56,0.21,1990,Furnished,26,3,35,7,5,South,Under_Construction
62376,62377,Karnataka,Bangalore,East,Villa,3,4058,94.51,0.02,1997,Semi-furnished,20,11,28,7,2,North,Ready_to_Move
62590,62591,Karnataka,Bangalore,Central,Villa,5,4445,138.41,0.03,2001,Unfurnished,13,18,24,10,1,West,Ready_to_Move
62600,62601,Karnataka,Bangalore,South-East,Independent House,2,978,383.31,0.39,1998,Furnished,21,14,27,6,9,West,Ready_to_Move
62773,62774,Karnataka,Bangalore,North,Apartment,5,3597,242.7,0.07,1998,Semi-furnished,29,23,27,9,4,West,Ready_to_Move
62873,62874,Karnataka,Bangalore,East,Apartment,2,3590,429.62,0.12,2012,Furnished,7,9,13,7,1,East,Under_Construction
62956,62957,Karnataka,Bangalore,East,Villa,5,627,255.72,0.41,2009,Semi-furnished,22,7,16,1,8,East,Ready_to_Move
62990,62991,Karnataka,Bangalore,North,Villa,5,4595,149.18,0.03,1995,Semi-furnished,9,27,30,5,9,North,Ready_to_Move
62995,62996,Karnataka,Bangalore,South-East,Independent House,5,3492,118.68,0.03,2010,Semi-furnished,25,27,15,4,10,South,Ready_to_Move
63033,63034,Karnataka,Bangalore,South-West,Villa,5,4141,189.82,0.05,2009,Unfurnished,9,29,16,2,1,North,Ready_to_Move
63059,63060,Karnataka,Bangalore,South-East,Villa,5,2083,316.94,0.15,2007,Unfurnished,2,17,18,7,7,West,Ready_to_Move
63118,63119,Karnataka,Bangalore,Central,Apartment,2,4624,416.97,0.09,2019,Unfurnished,25,23,6,6,3,West,Ready_to_Move
63132,63133,Karnataka,Bangalore,North,Independent House,3,637,322.44,0.51,1997,Semi-furnished,17,29,28,4,8,East,Under_Construction
63133,63134,Karnataka,Bangalore,Central,Apartment,1,783,297.1,0.38,2015,Unfurnished,23,20,10,8,2,South,Under_Construction
63166,63167,Karnataka,Bangalore,North-East,Villa,1,2271,386.07,0.17,1990,Furnished,27,10,35,4,3,West,Ready_to_Move
63226,63227,Karnataka,Bangalore,South-East,Apartment,2,3486,270.45,0.08,2005,Semi-furnished,17,29,20,4,6,East,Ready_to_Move
63329,63330,Karnataka,Bangalore,North,Apartment,1,1138,432.05,0.38,2006,Unfurnished,24,28,19,6,3,North,Ready_to_Move
63398,63399,Karnataka,Bangalore,North-East,Independent House,1,1326,485.62,0.37,1990,Semi-furnished,2,26,35,6,8,South,Ready_to_Move
63404,63405,Karnataka,Bangalore,North,Independent House,3,4441,154.02,0.03,2009,Unfurnished,12,4,16,9,5,North,Under_Construction
63576,63577,Karnataka,Bangalore,South-East,Apartment,5,1191,109.85,0.09,2016,Furnished,1,8,9,5,8,North,Ready_to_Move
63582,63583,Karnataka,Bangalore,North,Independent House,1,3842,298.79,0.08,1995,Furnished,2,27,30,8,8,West,Under_Construction
63625,63626,Karnataka,Bangalore,South,Villa,2,3491,356.22,0.1,2006,Semi-furnished,9,27,19,8,8,North,Ready_to_Move
63667,63668,Karnataka,Bangalore,Central,Independent House,2,2851,289.52,0.1,2020,Unfurnished,3,3,5,5,3,East,Ready_to_Move
63783,63784,Karnataka,Bangalore,South-West,Independent House,2,4004,338.77,0.08,2017,Semi-furnished,1,2,8,7,9,North,Under_Construction
63797,63798,Karnataka,Bangalore,East,Apartment,2,1846,118.05,0.06,1990,Furnished,28,27,35,1,5,North,Under_Construction
63798,63799,Karnataka,Bangalore,South-West,Independent House,1,3932,307.72,0.08,1998,Furnished,22,4,27,10,5,West,Ready_to_Move
63818,63819,Karnataka,Bangalore,East,Villa,1,3068,286.27,0.09,1993,Semi-furnished,20,9,32,2,6,East,Ready_to_Move
63986,63987,Karnataka,Bangalore,West,Villa,4,2236,288.76,0.13,2019,Semi-furnished,20,2,6,9,6,South,Under_Construction
64122,64123,Karnataka,Bangalore,Central,Apartment,3,1068,385.78,0.36,2020,Furnished,18,7,5,3,10,East,Ready_to_Move
64132,64133,Karnataka,Bangalore,East,Apartment,3,3765,63.9,0.02,2001,Semi-furnished,12,11,24,1,2,North,Under_Construction
64141,64142,Karnataka,Bangalore,South-West,Villa,2,3156,257.46,0.08,2011,Semi-furnished,27,12,14,1,9,South,Ready_to_Move
64233,64234,Karnataka,Bangalore,South-East,Villa,2,4638,336.25,0.07,2012,Furnished,19,1,13,3,8,South,Ready_to_Move
64345,64346,Karnataka,Bangalore,North-East,Independent House,1,630,28.51,0.05,1991,Semi-furnished,25,26,34,1,3,East,Under_Construction
64358,64359,Karnataka,Bangalore,East,Villa,1,1765,277.55,0.16,2004,Semi-furnished,10,2,21,9,5,South,Under_Construction
64457,64458,Karnataka,Bangalore,North,Villa,4,4810,353.55,0.07,2010,Furnished,11,4,15,10,3,South,Under_Construction
64461,64462,Karnataka,Bangalore,East,Apartment,4,691,31.51,0.05,1994,Unfurnished,7,30,31,2,2,East,Under_Construction
64499,64500,Karnataka,Bangalore,North,Apartment,4,837,17.72,0.02,2008,Unfurnished,25,10,17,5,10,West,Under_Construction
64578,64579,Karnataka,Bangalore,West,Independent House,1,1911,90.74,0.05,1992,Furnished,4,23,33,10,5,North,Under_Construction
64633,64634,Karnataka,Bangalore,East,Independent House,2,1323,440.74,0.33,1993,Unfurnished,2,10,32,6,8,South,Ready_to_Move
64637,64638,Karnataka,Bangalore,North,Villa,1,715,425.21,0.59,1993,Unfurnished,26,28,32,1,2,North,Ready_to_Move
64806,64807,Karnataka,Bangalore,South-West,Independent House,1,2918,216.01,0.07,2022,Unfurnished,24,23,3,5,5,East,Under_Construction
64812,64813,Karnataka,Bangalore,East,Independent House,2,4949,225.18,0.05,2008,Unfurnished,17,10,17,3,5,South,Under_Construction
64813,64814,Karnataka,Bangalore,North-East,Apartment,3,3256,343.25,0.11,2004,Unfurnished,7,17,21,6,9,West,Ready_to_Move
64960,64961,Karnataka,Bangalore,Central,Independent House,3,597,240.48,0.4,2005,Unfurnished,2,10,20,4,3,North,Under_Construction
65003,65004,Karnataka,Bangalore,North-East,Independent House,1,1296,168.03,0.13,2019,Semi-furnished,27,15,6,7,7,West,Ready_to_Move
65069,65070,Karnataka,Bangalore,North-East,Villa,4,4803,458.9,0.1,1999,Semi-furnished,0,21,26,1,6,North,Ready_to_Move
65105,65106,Karnataka,Bangalore,Central,Apartment,1,1196,370.62,0.31,2023,Semi-furnished,10,2,2,1,6,West,Ready_to_Move
65217,65218,Karnataka,Bangalore,West,Independent House,3,3239,389.26,0.12,2016,Unfurnished,2,9,9,1,2,South,Ready_to_Move
65235,65236,Karnataka,Bangalore,South-West,Independent House,4,4038,229.65,0.06,2020,Semi-furnished,29,20,5,3,2,West,Under_Construction
65237,65238,Karnataka,Bangalore,West,Villa,4,1365,317.51,0.23,2014,Semi-furnished,3,10,11,1,10,South,Ready_to_Move
65252,65253,Karnataka,Bangalore,South-East,Villa,3,3762,173.87,0.05,2021,Unfurnished,4,10,4,8,1,South,Under_Construction
65388,65389,Karnataka,Bangalore,West,Apartment,2,4913,142.82,0.03,1991,Semi-furnished,3,8,34,5,10,East,Ready_to_Move
65424,65425,Karnataka,Bangalore,South,Apartment,3,4037,372.07,0.09,2003,Semi-furnished,30,17,22,7,3,North,Ready_to_Move
65441,65442,Karnataka,Bangalore,Central,Independent House,4,2820,54.28,0.02,2013,Unfurnished,30,10,12,7,9,South,Ready_to_Move
65476,65477,Karnataka,Bangalore,South,Apartment,4,1027,73.84,0.07,2010,Unfurnished,21,12,15,3,7,South,Ready_to_Move
65693,65694,Karnataka,Bangalore,East,Villa,1,1602,448.36,0.28,2004,Semi-furnished,29,7,21,1,7,East,Under_Construction
65707,65708,Karnataka,Bangalore,North-East,Villa,4,890,271.05,0.3,2000,Unfurnished,22,19,25,1,1,East,Under_Construction
65730,65731,Karnataka,Bangalore,East,Apartment,5,2501,232.19,0.09,2019,Unfurnished,23,5,6,1,3,South,Ready_to_Move
65826,65827,Karnataka,Bangalore,East,Villa,4,1273,295.26,0.23,1998,Semi-furnished,10,24,27,5,3,West,Ready_to_Move
65860,65861,Karnataka,Bangalore,West,Villa,1,937,91.75,0.1,1998,Furnished,28,3,27,1,1,South,Under_Construction
66113,66114,Karnataka,Bangalore,Central,Independent House,2,569,487.06,0.86,2003,Furnished,9,11,22,6,6,East,Under_Construction
66141,66142,Karnataka,Bangalore,North-East,Apartment,1,3418,23.28,0.01,1991,Semi-furnished,14,5,34,6,7,South,Ready_to_Move
66181,66182,Karnataka,Bangalore,South-East,Apartment,4,2762,128.28,0.05,2018,Unfurnished,17,6,7,3,5,South,Ready_to_Move
66263,66264,Karnataka,Bangalore,North-East,Independent House,4,4556,21.7,0.0,1998,Unfurnished,30,3,27,10,3,West,Ready_to_Move
66328,66329,Karnataka,Bangalore,South-East,Independent House,5,1776,398.01,0.22,2008,Semi-furnished,4,8,17,8,10,North,Ready_to_Move
66505,66506,Karnataka,Bangalore,North-East,Apartment,5,4668,444.67,0.1,1992,Unfurnished,5,1,33,8,4,West,Ready_to_Move
66513,66514,Karnataka,Bangalore,West,Apartment,5,4296,312.94,0.07,2014,Unfurnished,7,17,11,8,5,East,Under_Construction
66544,66545,Karnataka,Bangalore,South-East,Independent House,4,3423,323.02,0.09,2003,Unfurnished,20,10,22,10,6,South,Ready_to_Move
66575,66576,Karnataka,Bangalore,North-East,Apartment,2,4318,158.19,0.04,2019,Unfurnished,24,30,6,8,10,North,Ready_to_Move
66639,66640,Karnataka,Bangalore,North-East,Apartment,5,3162,314.74,0.1,2003,Unfurnished,21,5,22,3,10,West,Under_Construction
66675,66676,Karnataka,Bangalore,South,Independent House,4,4140,300.49,0.07,1998,Furnished,23,2,27,4,5,West,Ready_to_Move
66717,66718,Karnataka,Bangalore,West,Villa,4,1159,388.55,0.34,2012,Furnished,14,10,13,7,1,South,Ready_to_Move
66718,66719,Karnataka,Bangalore,East,Villa,3,1733,364.85,0.21,2003,Furnished,20,14,22,1,5,North,Under_Construction
66753,66754,Karnataka,Bangalore,South,Apartment,5,4623,174.12,0.04,2018,Furnished,13,3,7,8,6,North,Under_Construction
66824,66825,Karnataka,Bangalore,North-East,Independent House,1,2808,347.61,0.12,1993,Semi-furnished,5,8,32,4,7,West,Under_Construction
66844,66845,Karnataka,Bangalore,North-East,Villa,2,1649,324.66,0.2,2017,Unfurnished,23,25,8,5,9,North,Under_Construction
66849,66850,Karnataka,Bangalore,North-East,Independent House,5,2522,167.25,0.07,2004,Unfurnished,8,13,21,5,3,North,Under_Construction
66934,66935,Karnataka,Bangalore,South-West,Independent House,4,3148,209.55,0.07,1995,Furnished,1,27,30,10,9,South,Under_Construction
66957,66958,Karnataka,Bangalore,Central,Independent House,5,3035,227.51,0.07,1993,Furnished,5,2,32,7,8,North,Ready_to_Move
67008,67009,Karnataka,Bangalore,South-East,Independent House,5,3383,385.26,0.11,2022,Semi-furnished,22,17,3,9,9,East,Ready_to_Move
67048,67049,Karnataka,Bangalore,West,Apartment,4,3465,104.08,0.03,2021,Unfurnished,2,28,4,5,7,West,Under_Construction
67186,67187,Karnataka,Bangalore,South-West,Independent House,4,2860,174.87,0.06,1991,Semi-furnished,22,1,34,6,6,South,Under_Construction
67290,67291,Karnataka,Bangalore,North,Villa,1,3978,301.42,0.08,1997,Furnished,10,11,28,6,1,West,Under_Construction
67309,67310,Karnataka,Bangalore,East,Apartment,3,1679,199.52,0.12,2007,Semi-furnished,25,26,18,10,10,East,Ready_to_Move
67370,67371,Karnataka,Bangalore,East,Apartment,1,4052,494.75,0.12,2009,Furnished,29,14,16,4,8,North,Under_Construction
67391,67392,Karnataka,Bangalore,South-East,Apartment,3,2508,129.78,0.05,2015,Furnished,1,15,10,9,10,East,Ready_to_Move
67592,67593,Karnataka,Bangalore,South-West,Villa,3,2861,135.64,0.05,2007,Unfurnished,10,17,18,1,1,West,Under_Construction
67611,67612,Karnataka,Bangalore,West,Villa,2,4038,350.54,0.09,2014,Furnished,9,28,11,9,5,West,Ready_to_Move
67641,67642,Karnataka,Bangalore,West,Villa,5,4656,292.55,0.06,2019,Semi-furnished,29,6,6,5,5,North,Ready_to_Move
67664,67665,Karnataka,Bangalore,North,Independent House,1,1239,117.13,0.09,2023,Unfurnished,10,19,2,3,5,West,Ready_to_Move
67717,67718,Karnataka,Bangalore,North,Apartment,2,4596,98.14,0.02,1994,Furnished,4,27,31,3,3,South,Ready_to_Move
67782,67783,Karnataka,Bangalore,South-West,Villa,3,4752,384.83,0.08,2002,Furnished,28,2,23,10,9,East,Under_Construction
67786,67787,Karnataka,Bangalore,South-West,Apartment,2,3359,183.45,0.05,2019,Furnished,0,1,6,3,8,East,Under_Construction
67911,67912,Karnataka,Bangalore,Central,Independent House,1,4322,145.38,0.03,1994,Semi-furnished,23,9,31,8,7,East,Ready_to_Move
67913,67914,Karnataka,Bangalore,Central,Apartment,4,921,228.91,0.25,2004,Furnished,12,8,21,4,5,North,Ready_to_Move
68032,68033,Karnataka,Bangalore,North-East,Villa,3,725,313.61,0.43,2022,Semi-furnished,25,16,3,6,6,West,Ready_to_Move
68077,68078,Karnataka,Bangalore,North,Apartment,2,2737,24.58,0.01,2020,Furnished,22,26,5,9,7,West,Under_Construction
68127,68128,Karnataka,Bangalore,South-East,Independent House,3,2758,151.68,0.05,2002,Unfurnished,23,17,23,2,3,North,Ready_to_Move
68134,68135,Karnataka,Bangalore,Central,Independent House,5,3415,12.61,0.0,2000,Semi-furnished,14,15,25,7,3,North,Under_Construction
68164,68165,Karnataka,Bangalore,North-East,Villa,1,2825,376.43,0.13,1997,Semi-furnished,23,16,28,1,6,West,Under_Construction
68182,68183,Karnataka,Bangalore,Central,Villa,5,4947,32.59,0.01,2010,Semi-furnished,29,10,15,1,10,South,Under_Construction
68241,68242,Karnataka,Bangalore,South,Independent House,4,4824,355.32,0.07,2023,Furnished,22,28,2,2,6,North,Under_Construction
68287,68288,Karnataka,Bangalore,Central,Independent House,4,1369,223.12,0.16,2000,Unfurnished,11,27,25,7,6,South,Under_Construction
68494,68495,Karnataka,Bangalore,West,Independent House,4,1994,91.23,0.05,2022,Furnished,8,24,3,4,8,West,Under_Construction
68531,68532,Karnataka,Bangalore,South-West,Independent House,5,1104,75.44,0.07,1995,Furnished,9,20,30,8,2,North,Ready_to_Move
68563,68564,Karnataka,Bangalore,North,Apartment,4,3683,350.26,0.1,2017,Semi-furnished,22,1,8,6,3,North,Ready_to_Move
68617,68618,Karnataka,Bangalore,South-East,Independent House,2,2246,311.61,0.14,2013,Semi-furnished,27,13,12,8,8,North,Ready_to_Move
68656,68657,Karnataka,Bangalore,South-East,Apartment,4,1246,307.57,0.25,2020,Furnished,8,25,5,6,8,North,Ready_to_Move
68695,68696,Karnataka,Bangalore,North-East,Apartment,2,3951,269.63,0.07,2018,Furnished,3,4,7,6,6,West,Ready_to_Move
68790,68791,Karnataka,Bangalore,Central,Apartment,3,4434,176.03,0.04,2018,Unfurnished,23,25,7,6,8,East,Ready_to_Move
68807,68808,Karnataka,Bangalore,Central,Apartment,4,874,353.94,0.4,2009,Furnished,14,29,16,9,9,South,Under_Construction
68847,68848,Karnataka,Bangalore,East,Villa,5,2633,15.84,0.01,1998,Semi-furnished,20,18,27,9,10,South,Under_Construction
68945,68946,Karnataka,Bangalore,South-East,Independent House,1,2050,260.92,0.13,1993,Furnished,26,9,32,1,6,West,Ready_to_Move
68966,68967,Karnataka,Bangalore,North,Villa,3,4785,217.47,0.05,2008,Unfurnished,7,15,17,5,6,West,Under_Construction
68970,68971,Karnataka,Bangalore,Central,Independent House,4,1604,345.57,0.22,1994,Furnished,21,23,31,1,3,East,Ready_to_Move
68979,68980,Karnataka,Bangalore,South-East,Independent House,5,2183,456.73,0.21,2009,Unfurnished,3,11,16,4,2,West,Under_Construction
68980,68981,Karnataka,Bangalore,South-East,Independent House,4,3833,497.98,0.13,2007,Unfurnished,2,6,18,9,5,North,Ready_to_Move
69155,69156,Karnataka,Bangalore,North,Villa,4,2085,408.69,0.2,2001,Furnished,0,25,24,3,4,West,Under_Construction
69209,69210,Karnataka,Bangalore,South,Villa,1,3476,110.03,0.03,2006,Unfurnished,17,19,19,1,9,North,Ready_to_Move
69214,69215,Karnataka,Bangalore,West,Independent House,2,3295,77.05,0.02,2010,Semi-furnished,26,8,15,2,9,West,Ready_to_Move
69247,69248,Karnataka,Bangalore,North-East,Independent House,2,3269,92.56,0.03,1995,Unfurnished,19,27,30,1,8,East,Ready_to_Move
69294,69295,Karnataka,Bangalore,West,Independent House,5,2323,30.55,0.01,1997,Furnished,5,30,28,10,6,South,Under_Construction
69317,69318,Karnataka,Bangalore,South-West,Apartment,4,4085,433.43,0.11,2010,Unfurnished,2,4,15,10,4,East,Ready_to_Move
69371,69372,Karnataka,Bangalore,South-West,Villa,3,1141,334.23,0.29,2007,Furnished,23,24,18,4,9,North,Ready_to_Move
69573,69574,Karnataka,Bangalore,Central,Villa,1,3298,360.12,0.11,1991,Furnished,3,9,34,10,1,North,Under_Construction
69663,69664,Karnataka,Bangalore,North,Villa,2,1042,436.38,0.42,2003,Semi-furnished,1,17,22,2,8,East,Under_Construction
69768,69769,Karnataka,Bangalore,West,Independent House,3,1177,71.1,0.06,2015,Semi-furnished,11,18,10,3,8,East,Ready_to_Move
69861,69862,Karnataka,Bangalore,North-East,Villa,2,4082,164.53,0.04,1999,Semi-furnished,27,16,26,10,9,North,Ready_to_Move
69873,69874,Karnataka,Bangalore,South,Independent House,3,2017,285.27,0.14,2008,Unfurnished,18,4,17,5,4,North,Under_Construction
69899,69900,Karnataka,Bangalore,West,Independent House,5,4474,123.81,0.03,1996,Unfurnished,19,13,29,10,5,East,Under_Construction
69963,69964,Karnataka,Bangalore,Central,Villa,2,1636,124.48,0.08,1996,Unfurnished,8,1,29,8,7,North,Under_Construction
70102,70103,Karnataka,Bangalore,South-East,Apartment,5,2538,225.14,0.09,2006,Furnished,25,14,19,5,3,West,Ready_to_Move
70105,70106,Karnataka,Bangalore,North-East,Villa,5,708,381.87,0.54,2001,Furnished,5,22,24,8,9,West,Ready_to_Move
70140,70141,Karnataka,Bangalore,South-East,Independent House,1,757,351.82,0.46,1997,Semi-furnished,25,18,28,8,8,North,Ready_to_Move
70183,70184,Karnataka,Bangalore,North-East,Independent House,3,702,204.11,0.29,2012,Furnished,9,24,13,10,4,South,Under_Construction
70244,70245,Karnataka,Bangalore,North,Independent House,1,1767,135.59,0.08,2023,Unfurnished,24,29,2,5,7,South,Ready_to_Move
70332,70333,Karnataka,Bangalore,Central,Apartment,5,2538,59.2,0.02,2004,Furnished,23,1,21,3,2,North,Ready_to_Move
70371,70372,Karnataka,Bangalore,West,Independent House,4,4856,60.18,0.01,1990,Furnished,1,15,35,8,10,West,Under_Construction
70376,70377,Karnataka,Bangalore,South-West,Apartment,1,3313,368.16,0.11,2007,Furnished,23,24,18,8,9,North,Under_Construction
70402,70403,Karnataka,Bangalore,South-East,Independent House,1,950,373.53,0.39,2015,Furnished,28,22,10,1,1,East,Under_Construction
70528,70529,Karnataka,Bangalore,South,Apartment,5,3801,444.31,0.12,2000,Unfurnished,12,1,25,5,4,West,Ready_to_Move
70597,70598,Karnataka,Bangalore,East,Independent House,1,1909,391.19,0.2,2018,Semi-furnished,6,2,7,4,1,East,Under_Construction
70630,70631,Karnataka,Bangalore,South,Apartment,1,1511,141.75,0.09,2015,Semi-furnished,13,8,10,1,6,South,Ready_to_Move
70891,70892,Karnataka,Bangalore,South-East,Independent House,3,592,166.35,0.28,2022,Furnished,27,20,3,8,3,West,Ready_to_Move
70902,70903,Karnataka,Bangalore,Central,Villa,3,1755,262.41,0.15,1995,Furnished,29,7,30,4,10,North,Under_Construction
70957,70958,Karnataka,Bangalore,South,Independent House,3,4961,75.37,0.02,1996,Unfurnished,3,22,29,1,7,North,Ready_to_Move
70991,70992,Karnataka,Bangalore,North,Independent House,5,4594,423.44,0.09,2012,Unfurnished,17,10,13,9,5,East,Ready_to_Move
71005,71006,Karnataka,Bangalore,South-East,Apartment,4,2659,290.59,0.11,2010,Furnished,5,6,15,10,4,East,Ready_to_Move
71020,71021,Karnataka,Bangalore,North,Villa,2,4157,34.18,0.01,1993,Furnished,10,6,32,10,4,East,Under_Construction
71062,71063,Karnataka,Bangalore,Central,Apartment,3,2493,430.05,0.17,1990,Unfurnished,3,2,35,1,2,East,Under_Construction
71087,71088,Karnataka,Bangalore,North-East,Independent House,5,3153,138.64,0.04,1999,Furnished,27,19,26,3,9,North,Under_Construction
71261,71262,Karnataka,Bangalore,North,Apartment,3,3868,137.77,0.04,2002,Semi-furnished,6,2,23,4,4,East,Under_Construction
71288,71289,Karnataka,Bangalore,North,Villa,1,2206,218.01,0.1,2012,Unfurnished,2,6,13,4,1,South,Ready_to_Move
71304,71305,Karnataka,Bangalore,West,Independent House,5,3980,353.09,0.09,2022,Unfurnished,11,19,3,10,8,West,Ready_to_Move
71370,71371,Karnataka,Bangalore,North,Apartment,1,627,281.26,0.45,2023,Unfurnished,29,4,2,9,10,West,Ready_to_Move
71444,71445,Karnataka,Bangalore,North-East,Apartment,5,4244,364.39,0.09,2003,Furnished,29,11,22,2,8,West,Under_Construction
71493,71494,Karnataka,Bangalore,South-East,Independent House,2,1140,348.33,0.31,2003,Unfurnished,21,23,22,2,1,North,Ready_to_Move
71541,71542,Karnataka,Bangalore,South-West,Apartment,2,1431,394.73,0.28,2017,Semi-furnished,1,4,8,9,7,West,Under_Construction
71583,71584,Karnataka,Bangalore,South-West,Apartment,5,4562,384.07,0.08,1997,Furnished,13,19,28,1,10,North,Ready_to_Move
71636,71637,Karnataka,Bangalore,Central,Villa,3,4670,222.26,0.05,1994,Furnished,3,11,31,3,1,South,Ready_to_Move
71714,71715,Karnataka,Bangalore,North,Independent House,4,3318,457.34,0.14,2010,Unfurnished,18,23,15,4,3,North,Under_Construction
71717,71718,Karnataka,Bangalore,South-West,Villa,5,2424,173.05,0.07,2013,Unfurnished,17,20,12,2,4,North,Ready_to_Move
71926,71927,Karnataka,Bangalore,East,Independent House,5,2235,476.61,0.21,1996,Semi-furnished,16,8,29,9,7,South,Ready_to_Move
71980,71981,Karnataka,Bangalore,South-West,Villa,1,1662,183.06,0.11,2004,Unfurnished,4,3,21,3,4,West,Under_Construction
72013,72014,Karnataka,Bangalore,East,Villa,5,2854,30.36,0.01,1998,Furnished,16,7,27,7,8,North,Under_Construction
72052,72053,Karnataka,Bangalore,Central,Villa,4,2176,121.69,0.06,2002,Furnished,30,5,23,3,6,East,Ready_to_Move
72062,72063,Karnataka,Bangalore,South-East,Apartment,1,4822,173.57,0.04,1992,Furnished,4,19,33,6,6,North,Under_Construction
72075,72076,Karnataka,Bangalore,South,Independent House,4,983,177.66,0.18,1998,Furnished,27,1,27,6,9,South,Under_Construction
72170,72171,Karnataka,Bangalore,East,Villa,2,2485,214.84,0.09,2014,Semi-furnished,12,1,11,7,6,South,Ready_to_Move
72270,72271,Karnataka,Bangalore,South-West,Independent House,1,694,285.95,0.41,1997,Semi-furnished,26,20,28,8,4,South,Under_Construction
72284,72285,Karnataka,Bangalore,East,Apartment,1,2545,352.98,0.14,2008,Unfurnished,25,5,17,4,2,West,Ready_to_Move
72296,72297,Karnataka,Bangalore,South,Apartment,5,4456,87.48,0.02,1995,Unfurnished,1,26,30,8,9,West,Ready_to_Move
72385,72386,Karnataka,Bangalore,West,Independent House,4,1579,211.59,0.13,2003,Unfurnished,11,19,22,3,9,East,Under_Construction
72424,72425,Karnataka,Bangalore,South-West,Villa,5,1078,230.06,0.21,2015,Unfurnished,18,22,10,7,8,North,Ready_to_Move
72427,72428,Karnataka,Bangalore,South-West,Villa,4,3147,437.86,0.14,2021,Semi-furnished,15,30,4,6,1,South,Ready_to_Move
72442,72443,Karnataka,Bangalore,East,Independent House,5,682,71.84,0.11,1996,Unfurnished,29,23,29,8,10,North,Ready_to_Move
72472,72473,Karnataka,Bangalore,Central,Apartment,1,2379,42.88,0.02,2021,Semi-furnished,11,3,4,6,10,North,Under_Construction
72482,72483,Karnataka,Bangalore,West,Independent House,3,2064,105.26,0.05,1993,Unfurnished,13,10,32,9,3,North,Under_Construction
72803,72804,Karnataka,Bangalore,North,Villa,3,1788,400.2,0.22,2002,Furnished,25,5,23,4,8,South,Ready_to_Move
72926,72927,Karnataka,Bangalore,Central,Villa,5,4697,437.33,0.09,2006,Semi-furnished,16,14,19,3,10,East,Under_Construction
72950,72951,Karnataka,Bangalore,North,Independent House,4,3062,384.19,0.13,1992,Unfurnished,21,21,33,6,9,West,Under_Construction
72988,72989,Karnataka,Bangalore,Central,Independent House,2,668,497.44,0.74,1997,Unfurnished,28,23,28,6,6,East,Ready_to_Move
73020,73021,Karnataka,Bangalore,West,Independent House,1,548,29.63,0.05,2020,Unfurnished,5,4,5,3,3,South,Ready_to_Move
73053,73054,Karnataka,Bangalore,North-East,Independent House,1,1678,325.41,0.19,2007,Semi-furnished,25,15,18,7,6,North,Under_Construction
73116,73117,Karnataka,Bangalore,North,Apartment,3,2972,362.27,0.12,2015,Furnished,28,19,10,3,10,South,Under_Construction
73134,73135,Karnataka,Bangalore,South-West,Independent House,2,739,316.12,0.43,2006,Unfurnished,21,6,19,1,4,East,Under_Construction
73263,73264,Karnataka,Bangalore,West,Apartment,1,2011,405.57,0.2,2016,Semi-furnished,7,27,9,7,5,East,Ready_to_Move
73335,73336,Karnataka,Bangalore,Central,Apartment,5,4119,325.61,0.08,2002,Unfurnished,6,8,23,4,9,South,Under_Construction
73370,73371,Karnataka,Bangalore,South-West,Villa,3,1271,406.92,0.32,1997,Semi-furnished,15,18,28,9,8,North,Ready_to_Move
73399,73400,Karnataka,Bangalore,South-West,Villa,5,2047,366.29,0.18,2002,Furnished,13,14,23,6,7,North,Ready_to_Move
73567,73568,Karnataka,Bangalore,South-West,Apartment,1,949,109.15,0.12,2022,Furnished,19,1,3,5,2,West,Ready_to_Move
73601,73602,Karnataka,Bangalore,North-East,Apartment,5,2365,277.02,0.12,2010,Semi-furnished,3,7,15,8,6,West,Under_Construction
73631,73632,Karnataka,Bangalore,South,Villa,5,1848,342.79,0.19,2002,Unfurnished,7,23,23,7,6,North,Under_Construction
73811,73812,Karnataka,Bangalore,North,Independent House,5,1773,407.95,0.23,2018,Unfurnished,19,30,7,7,10,West,Under_Construction
73880,73881,Karnataka,Bangalore,Central,Independent House,1,3283,213.06,0.06,2012,Furnished,16,14,13,4,5,North,Ready_to_Move
73919,73920,Karnataka,Bangalore,West,Apartment,2,3611,298.78,0.08,1994,Furnished,20,15,31,5,10,West,Ready_to_Move
73942,73943,Karnataka,Bangalore,South-East,Independent House,2,4396,103.4,0.02,1993,Semi-furnished,9,25,32,7,1,North,Under_Construction
73962,73963,Karnataka,Bangalore,South-East,Villa,4,2056,349.05,0.17,2005,Furnished,29,10,20,8,4,North,Ready_to_Move
73988,73989,Karnataka,Bangalore,North,Apartment,3,1540,259.32,0.17,1999,Semi-furnished,12,30,26,6,9,East,Under_Construction
74040,74041,Karnataka,Bangalore,North,Apartment,1,2970,187.16,0.06,1995,Semi-furnished,28,8,30,2,9,South,Under_Construction
74045,74046,Karnataka,Bangalore,West,Independent House,1,2485,27.61,0.01,1993,Furnished,29,4,32,6,9,East,Under_Construction
74131,74132,Karnataka,Bangalore,North,Villa,4,1277,76.4,0.06,2021,Semi-furnished,20,21,4,8,2,North,Ready_to_Move
74248,74249,Karnataka,Bangalore,East,Apartment,5,3230,129.71,0.04,2001,Unfurnished,6,14,24,10,6,North,Under_Construction
74284,74285,Karnataka,Bangalore,West,Apartment,1,532,43.9,0.08,2004,Furnished,26,4,21,3,10,South,Ready_to_Move
74358,74359,Karnataka,Bangalore,North-East,Apartment,4,2745,107.25,0.04,2014,Semi-furnished,21,11,11,2,7,East,Under_Construction
74401,74402,Karnataka,Bangalore,South-East,Villa,5,4404,291.1,0.07,2009,Semi-furnished,24,20,16,10,9,South,Under_Construction
74425,74426,Karnataka,Bangalore,South-East,Villa,4,3233,115.91,0.04,2007,Semi-furnished,17,9,18,6,8,East,Ready_to_Move
74503,74504,Karnataka,Bangalore,South-East,Villa,4,3797,285.81,0.08,2012,Unfurnished,17,6,13,7,1,South,Under_Construction
74626,74627,Karnataka,Bangalore,South-East,Apartment,5,1598,380.58,0.24,1996,Semi-furnished,10,6,29,9,3,South,Ready_to_Move
74643,74644,Karnataka,Bangalore,South-East,Villa,5,4131,376.38,0.09,2004,Furnished,20,21,21,5,6,West,Under_Construction
74668,74669,Karnataka,Bangalore,South,Independent House,5,2025,45.43,0.02,2016,Unfurnished,4,15,9,5,5,West,Under_Construction
74705,74706,Karnataka,Bangalore,North-East,Apartment,5,684,22.72,0.03,1993,Semi-furnished,7,22,32,8,9,East,Under_Construction
74722,74723,Karnataka,Bangalore,North,Apartment,3,867,274.15,0.32,1992,Semi-furnished,4,6,33,4,1,East,Ready_to_Move
74831,74832,Karnataka,Bangalore,West,Villa,1,2387,64.53,0.03,2019,Unfurnished,2,20,6,4,4,West,Under_Construction
74926,74927,Karnataka,Bangalore,South,Independent House,2,1993,194.04,0.1,2015,Unfurnished,2,18,10,3,1,South,Under_Construction
74939,74940,Karnataka,Bangalore,South,Independent House,4,2226,181.35,0.08,2022,Semi-furnished,9,30,3,6,3,West,Ready_to_Move
75077,75078,Karnataka,Bangalore,West,Villa,2,1954,395.55,0.2,1998,Furnished,29,6,27,1,1,North,Ready_to_Move
75091,75092,Karnataka,Bangalore,Central,Apartment,5,1985,220.36,0.11,2015,Furnished,30,17,10,1,3,South,Ready_to_Move
75188,75189,Karnataka,Bangalore,South-East,Villa,2,3577,333.58,0.09,2018,Furnished,28,22,7,2,5,West,Ready_to_Move
75216,75217,Karnataka,Bangalore,South-West,Independent House,4,1986,254.68,0.13,2023,Unfurnished,15,28,2,1,2,North,Under_Construction
75219,75220,Karnataka,Bangalore,South-East,Apartment,5,2779,105.8,0.04,2016,Semi-furnished,27,13,9,3,8,West,Under_Construction
75270,75271,Karnataka,Bangalore,South,Villa,3,3102,459.52,0.15,2008,Semi-furnished,28,5,17,10,5,East,Ready_to_Move
75323,75324,Karnataka,Bangalore,North,Independent House,5,4740,317.58,0.07,2000,Semi-furnished,11,13,25,9,6,East,Under_Construction
75335,75336,Karnataka,Bangalore,North,Villa,4,3219,485.45,0.15,2006,Unfurnished,15,12,19,10,8,North,Under_Construction
75416,75417,Karnataka,Bangalore,South-West,Apartment,4,2909,400.79,0.14,2011,Unfurnished,7,9,14,7,2,North,Under_Construction
75547,75548,Karnataka,Bangalore,South-East,Villa,1,4873,361.72,0.07,2005,Unfurnished,11,3,20,8,5,South,Under_Construction
75653,75654,Karnataka,Bangalore,North-East,Apartment,2,4458,322.01,0.07,2012,Furnished,0,8,13,5,4,North,Ready_to_Move
75729,75730,Karnataka,Bangalore,West,Independent House,1,3523,489.48,0.14,2003,Furnished,5,27,22,1,5,West,Under_Construction
75771,75772,Karnataka,Bangalore,South-West,Apartment,3,1908,228.48,0.12,1998,Unfurnished,17,7,27,8,7,East,Ready_to_Move
75807,75808,Karnataka,Bangalore,North,Apartment,5,3686,449.25,0.12,2016,Semi-furnished,18,25,9,9,10,West,Ready_to_Move
75859,75860,Karnataka,Bangalore,North-East,Apartment,2,723,309.06,0.43,1992,Furnished,15,20,33,9,6,North,Under_Construction
75879,75880,Karnataka,Bangalore,South-East,Apartment,2,4384,268.07,0.06,1991,Semi-furnished,27,15,34,6,4,North,Under_Construction
75887,75888,Karnataka,Bangalore,South,Apartment,2,1301,456.83,0.35,1991,Furnished,29,7,34,1,5,North,Under_Construction
75899,75900,Karnataka,Bangalore,East,Independent House,4,1690,52.4,0.03,2018,Unfurnished,20,11,7,8,4,West,Ready_to_Move
75932,75933,Karnataka,Bangalore,South-East,Apartment,1,2445,109.18,0.04,2020,Unfurnished,29,12,5,1,2,West,Under_Construction
76008,76009,Karnataka,Bangalore,South,Independent House,3,4167,81.27,0.02,2005,Unfurnished,3,10,20,5,10,South,Under_Construction
76026,76027,Karnataka,Bangalore,West,Villa,3,3096,127.21,0.04,2005,Furnished,24,22,20,5,3,North,Under_Construction
76028,76029,Karnataka,Bangalore,South-East,Villa,3,695,347.83,0.5,2008,Furnished,4,6,17,7,4,East,Ready_to_Move
76100,76101,Karnataka,Bangalore,North,Independent House,5,4399,140.78,0.03,2019,Semi-furnished,1,4,6,8,4,South,Ready_to_Move
76216,76217,Karnataka,Bangalore,South-West,Independent House,2,2156,396.33,0.18,2022,Unfurnished,21,18,3,5,8,East,Ready_to_Move
76290,76291,Karnataka,Bangalore,South,Villa,4,3473,138.8,0.04,2006,Unfurnished,22,2,19,6,7,East,Ready_to_Move
76357,76358,Karnataka,Bangalore,West,Apartment,5,2215,141.67,0.06,2012,Semi-furnished,2,8,13,6,9,West,Under_Construction
76383,76384,Karnataka,Bangalore,West,Apartment,1,2579,35.1,0.01,2023,Furnished,25,6,2,7,10,West,Ready_to_Move
76398,76399,Karnataka,Bangalore,North-East,Independent House,4,1114,351.93,0.32,2010,Unfurnished,30,6,15,3,3,West,Ready_to_Move
76415,76416,Karnataka,Bangalore,South-West,Villa,5,2052,71.21,0.03,1994,Unfurnished,14,21,31,2,6,North,Under_Construction
76451,76452,Karnataka,Bangalore,North,Villa,4,2988,441.62,0.15,2005,Semi-furnished,18,14,20,3,7,South,Under_Construction
76470,76471,Karnataka,Bangalore,South,Villa,3,1772,47.71,0.03,1999,Furnished,20,23,26,5,8,West,Under_Construction
76527,76528,Karnataka,Bangalore,South-West,Apartment,4,4075,304.35,0.07,1991,Semi-furnished,11,29,34,5,3,North,Ready_to_Move
76617,76618,Karnataka,Bangalore,West,Villa,2,4415,287.13,0.07,1991,Unfurnished,10,10,34,7,2,West,Under_Construction
76618,76619,Karnataka,Bangalore,South-East,Independent House,4,4064,100.53,0.02,2005,Furnished,18,27,20,2,1,North,Ready_to_Move
76690,76691,Karnataka,Bangalore,East,Villa,2,3015,449.6,0.15,1998,Semi-furnished,14,25,27,1,9,East,Ready_to_Move
76816,76817,Karnataka,Bangalore,Central,Apartment,3,3232,125.58,0.04,1998,Furnished,12,30,27,6,4,North,Under_Construction
76890,76891,Karnataka,Bangalore,South,Apartment,4,4591,472.49,0.1,2021,Unfurnished,2,6,4,3,9,North,Under_Construction
77099,77100,Karnataka,Bangalore,South,Independent House,5,4945,430.98,0.09,2022,Furnished,10,21,3,10,10,East,Under_Construction
77121,77122,Karnataka,Bangalore,South-East,Independent House,3,4563,133.8,0.03,2020,Furnished,21,24,5,9,2,North,Under_Construction
77210,77211,Karnataka,Bangalore,South-East,Villa,2,940,416.72,0.44,2019,Unfurnished,0,1,6,9,5,South,Ready_to_Move
77252,77253,Karnataka,Bangalore,East,Apartment,3,4228,91.36,0.02,1992,Furnished,29,25,33,1,8,North,Ready_to_Move
77304,77305,Karnataka,Bangalore,West,Apartment,5,3088,163.11,0.05,2010,Semi-furnished,19,19,15,2,3,North,Ready_to_Move
77369,77370,Karnataka,Bangalore,South-West,Villa,3,3590,39.49,0.01,2003,Semi-furnished,24,21,22,3,5,North,Ready_to_Move
77395,77396,Karnataka,Bangalore,South,Apartment,3,2910,201.82,0.07,2023,Semi-furnished,27,6,2,4,6,North,Ready_to_Move
77407,77408,Karnataka,Bangalore,South-West,Apartment,2,2962,133.21,0.04,2010,Furnished,5,27,15,1,9,North,Under_Construction
77528,77529,Karnataka,Bangalore,North,Apartment,4,4240,122.81,0.03,2010,Unfurnished,16,16,15,2,3,North,Under_Construction
77833,77834,Karnataka,Bangalore,North,Independent House,4,751,345.54,0.46,2009,Unfurnished,10,7,16,7,3,North,Under_Construction
77848,77849,Karnataka,Bangalore,South-East,Villa,5,4069,377.16,0.09,2008,Unfurnished,9,18,17,10,2,North,Ready_to_Move
77868,77869,Karnataka,Bangalore,North,Villa,2,758,430.32,0.57,2014,Furnished,23,21,11,6,9,East,Under_Construction
77900,77901,Karnataka,Bangalore,South,Apartment,4,603,334.17,0.55,2012,Unfurnished,24,11,13,6,9,East,Under_Construction
77928,77929,Karnataka,Bangalore,East,Villa,1,4556,291.49,0.06,2014,Semi-furnished,20,10,11,3,3,West,Ready_to_Move
77963,77964,Karnataka,Bangalore,East,Apartment,4,3756,286.9,0.08,1992,Furnished,26,16,33,4,4,West,Ready_to_Move
77965,77966,Karnataka,Bangalore,South,Independent House,4,2795,420.15,0.15,2002,Unfurnished,4,6,23,4,4,East,Under_Construction
77973,77974,Karnataka,Bangalore,West,Apartment,3,3808,378.59,0.1,2023,Unfurnished,28,26,2,2,3,South,Ready_to_Move
77988,77989,Karnataka,Bangalore,West,Independent House,2,819,72.4,0.09,2016,Unfurnished,15,22,9,10,4,West,Under_Construction
78103,78104,Karnataka,Bangalore,North-East,Villa,2,862,75.11,0.09,1997,Unfurnished,5,24,28,4,1,West,Ready_to_Move
78125,78126,Karnataka,Bangalore,Central,Independent House,5,3747,21.19,0.01,2012,Unfurnished,30,28,13,8,3,West,Ready_to_Move
78325,78326,Karnataka,Bangalore,Central,Apartment,4,1347,492.43,0.37,2009,Furnished,9,4,16,3,6,South,Under_Construction
78356,78357,Karnataka,Bangalore,Central,Independent House,2,4205,383.91,0.09,2006,Unfurnished,12,28,19,10,6,West,Under_Construction
78364,78365,Karnataka,Bangalore,North-East,Independent House,1,3931,151.41,0.04,2015,Semi-furnished,28,17,10,7,9,South,Under_Construction
78400,78401,Karnataka,Bangalore,North-East,Apartment,1,4398,444.16,0.1,2012,Unfurnished,22,25,13,6,9,North,Under_Construction
78475,78476,Karnataka,Bangalore,West,Apartment,3,1956,445.79,0.23,2017,Semi-furnished,5,1,8,8,7,West,Under_Construction
78501,78502,Karnataka,Bangalore,South,Villa,4,1044,294.93,0.28,2020,Unfurnished,6,16,5,8,9,East,Under_Construction
78640,78641,Karnataka,Bangalore,Central,Independent House,3,996,474.01,0.48,1993,Unfurnished,14,1,32,10,8,East,Under_Construction
78649,78650,Karnataka,Bangalore,Central,Villa,4,3848,352.88,0.09,2009,Furnished,1,25,16,10,1,South,Ready_to_Move
78653,78654,Karnataka,Bangalore,South,Villa,2,1225,253.07,0.21,2016,Furnished,8,5,9,7,2,West,Ready_to_Move
78711,78712,Karnataka,Bangalore,Central,Independent House,5,3689,429.77,0.12,1995,Semi-furnished,2,17,30,2,2,South,Under_Construction
78764,78765,Karnataka,Bangalore,Central,Independent House,2,4893,168.0,0.03,2008,Unfurnished,0,22,17,4,9,South,Under_Construction
78778,78779,Karnataka,Bangalore,South,Villa,1,4912,64.2,0.01,2009,Unfurnished,24,20,16,4,10,West,Ready_to_Move
78811,78812,Karnataka,Bangalore,South,Apartment,4,2844,135.34,0.05,1998,Unfurnished,15,19,27,4,4,South,Under_Construction
78813,78814,Karnataka,Bangalore,South,Villa,1,4301,201.04,0.05,2006,Semi-furnished,11,23,19,10,6,South,Ready_to_Move
79002,79003,Karnataka,Bangalore,West,Villa,3,4341,350.78,0.08,2018,Unfurnished,14,1,7,10,1,South,Under_Construction
79027,79028,Karnataka,Bangalore,Central,Villa,1,1126,77.55,0.07,2021,Unfurnished,2,18,4,8,10,South,Under_Construction
79080,79081,Karnataka,Bangalore,South-West,Apartment,2,2122,353.04,0.17,2023,Semi-furnished,21,5,2,8,7,North,Ready_to_Move
79097,79098,Karnataka,Bangalore,North-East,Villa,2,2371,114.29,0.05,2013,Unfurnished,8,28,12,6,8,North,Ready_to_Move
79101,79102,Karnataka,Bangalore,West,Independent House,2,3150,486.57,0.15,2018,Semi-furnished,4,1,7,9,4,North,Under_Construction
79220,79221,Karnataka,Bangalore,North-East,Independent House,2,3806,345.19,0.09,2013,Unfurnished,27,9,12,5,9,South,Under_Construction
79222,79223,Karnataka,Bangalore,East,Apartment,4,3048,205.43,0.07,1997,Unfurnished,1,2,28,9,10,South,Ready_to_Move
79266,79267,Karnataka,Bangalore,East,Villa,4,2220,441.11,0.2,1996,Unfurnished,16,10,29,3,5,East,Under_Construction
79282,79283,Karnataka,Bangalore,East,Apartment,5,4835,255.02,0.05,2012,Unfurnished,6,2,13,6,10,North,Ready_to_Move
79405,79406,Karnataka,Bangalore,West,Independent House,4,3156,99.71,0.03,2009,Semi-furnished,1,19,16,6,10,North,Under_Construction
79462,79463,Karnataka,Bangalore,West,Apartment,3,2987,217.61,0.07,2000,Semi-furnished,4,6,25,4,7,North,Under_Construction
79481,79482,Karnataka,Bangalore,East,Villa,2,2090,315.55,0.15,2007,Semi-furnished,30,12,18,1,2,North,Ready_to_Move
79483,79484,Karnataka,Bangalore,South-East,Independent House,1,3745,65.55,0.02,2010,Unfurnished,18,10,15,8,4,South,Under_Construction
79502,79503,Karnataka,Bangalore,South-East,Villa,1,1043,173.07,0.17,2004,Semi-furnished,26,7,21,6,4,West,Ready_to_Move
79564,79565,Karnataka,Bangalore,West,Independent House,4,1771,298.8,0.17,1999,Furnished,0,14,26,6,9,East,Under_Construction
79619,79620,Karnataka,Bangalore,Central,Independent House,1,4023,125.16,0.03,1993,Unfurnished,20,24,32,8,7,North,Under_Construction
79730,79731,Karnataka,Bangalore,East,Apartment,1,1879,227.37,0.12,2019,Unfurnished,30,21,6,9,2,West,Ready_to_Move
79755,79756,Karnataka,Bangalore,East,Apartment,5,2291,229.26,0.1,1996,Furnished,9,10,29,8,3,East,Ready_to_Move
79774,79775,Karnataka,Bangalore,North-East,Apartment,5,783,128.59,0.16,2023,Unfurnished,7,4,2,1,1,North,Ready_to_Move
79892,79893,Karnataka,Bangalore,North,Apartment,1,1597,393.4,0.25,1997,Unfurnished,17,8,28,8,6,South,Under_Construction
79935,79936,Karnataka,Bangalore,North,Independent House,1,633,312.79,0.49,2023,Furnished,28,7,2,4,7,West,Ready_to_Move
80045,80046,Karnataka,Bangalore,East,Villa,4,3406,356.08,0.1,2001,Unfurnished,19,16,24,1,8,North,Ready_to_Move
80122,80123,Karnataka,Bangalore,South-East,Villa,4,2217,120.66,0.05,2013,Semi-furnished,0,29,12,8,7,North,Ready_to_Move
80160,80161,Karnataka,Bangalore,South-East,Independent House,3,2084,207.95,0.1,2019,Unfurnished,17,24,6,9,7,West,Ready_to_Move
80272,80273,Karnataka,Bangalore,South-West,Apartment,3,3998,156.32,0.04,2021,Unfurnished,29,15,4,5,9,South,Ready_to_Move
80282,80283,Karnataka,Bangalore,South-East,Apartment,5,2955,463.13,0.16,2006,Semi-furnished,14,15,19,10,8,East,Under_Construction
80324,80325,Karnataka,Bangalore,South-East,Apartment,5,1468,88.8,0.06,2004,Furnished,3,11,21,10,9,East,Under_Construction
80328,80329,Karnataka,Bangalore,East,Apartment,3,4062,81.31,0.02,2005,Unfurnished,10,16,20,4,6,East,Ready_to_Move
80729,80730,Karnataka,Bangalore,South,Villa,3,2860,251.81,0.09,1998,Semi-furnished,23,18,27,7,2,West,Ready_to_Move
80773,80774,Karnataka,Bangalore,West,Apartment,4,673,289.46,0.43,2021,Unfurnished,29,12,4,6,2,West,Under_Construction
80798,80799,Karnataka,Bangalore,North-East,Independent House,1,3941,115.07,0.03,2002,Furnished,29,19,23,6,5,South,Under_Construction
80802,80803,Karnataka,Bangalore,South-East,Independent House,2,4951,323.85,0.07,2014,Semi-furnished,14,18,11,5,4,South,Ready_to_Move
80850,80851,Karnataka,Bangalore,Central,Apartment,5,1834,286.72,0.16,1991,Unfurnished,1,26,34,6,9,West,Under_Construction
80881,80882,Karnataka,Bangalore,North-East,Villa,1,3561,33.66,0.01,2011,Furnished,23,13,14,3,6,South,Ready_to_Move
80896,80897,Karnataka,Bangalore,South,Apartment,3,1036,486.63,0.47,2000,Semi-furnished,16,4,25,5,4,South,Ready_to_Move
80945,80946,Karnataka,Bangalore,West,Apartment,4,2894,71.0,0.02,2002,Unfurnished,10,22,23,4,6,East,Ready_to_Move
80999,81000,Karnataka,Bangalore,North,Villa,1,4366,294.39,0.07,2007,Furnished,25,7,18,7,9,South,Ready_to_Move
81012,81013,Karnataka,Bangalore,North,Independent House,4,2359,17.86,0.01,2016,Semi-furnished,19,16,9,7,5,South,Under_Construction
81015,81016,Karnataka,Bangalore,North,Independent House,1,2065,422.71,0.2,2018,Unfurnished,2,5,7,1,4,West,Ready_to_Move
81238,81239,Karnataka,Bangalore,South-West,Villa,5,997,99.75,0.1,2023,Furnished,13,3,2,8,1,North,Ready_to_Move
81274,81275,Karnataka,Bangalore,South-East,Independent House,3,1784,464.49,0.26,2007,Semi-furnished,23,27,18,4,5,South,Ready_to_Move
81394,81395,Karnataka,Bangalore,Central,Independent House,2,2513,119.18,0.05,1991,Furnished,27,18,34,8,4,West,Ready_to_Move
81439,81440,Karnataka,Bangalore,North-East,Villa,1,1447,342.3,0.24,2009,Furnished,8,6,16,10,6,South,Ready_to_Move
81508,81509,Karnataka,Bangalore,West,Apartment,3,2528,280.23,0.11,2013,Unfurnished,18,30,12,10,6,West,Under_Construction
81552,81553,Karnataka,Bangalore,Central,Independent House,2,2437,252.56,0.1,2004,Furnished,3,25,21,7,8,South,Under_Construction
81586,81587,Karnataka,Bangalore,East,Independent House,5,1329,436.5,0.33,1993,Furnished,28,20,32,9,4,West,Ready_to_Move
81654,81655,Karnataka,Bangalore,West,Independent House,2,1863,90.99,0.05,1990,Unfurnished,16,19,35,8,8,South,Under_Construction
81750,81751,Karnataka,Bangalore,South-East,Apartment,3,1954,40.87,0.02,1995,Furnished,6,3,30,2,8,North,Ready_to_Move
81822,81823,Karnataka,Bangalore,East,Apartment,4,3181,147.32,0.05,2008,Semi-furnished,25,28,17,3,8,East,Ready_to_Move
81830,81831,Karnataka,Bangalore,Central,Independent House,3,4984,160.24,0.03,2000,Furnished,23,11,25,7,6,South,Ready_to_Move
81856,81857,Karnataka,Bangalore,North,Apartment,5,1919,463.66,0.24,2021,Unfurnished,3,24,4,7,8,South,Ready_to_Move
81888,81889,Karnataka,Bangalore,North-East,Villa,4,4167,363.55,0.09,2015,Unfurnished,17,10,10,8,8,South,Ready_to_Move
82026,82027,Karnataka,Bangalore,West,Apartment,2,3739,218.65,0.06,2003,Unfurnished,1,15,22,9,10,South,Under_Construction
82086,82087,Karnataka,Bangalore,North-East,Villa,4,3789,138.64,0.04,2010,Furnished,16,29,15,6,8,East,Under_Construction
82296,82297,Karnataka,Bangalore,East,Independent House,5,2080,79.63,0.04,2017,Semi-furnished,3,14,8,9,9,East,Ready_to_Move
82341,82342,Karnataka,Bangalore,South,Villa,5,2453,426.24,0.17,2015,Furnished,11,28,10,10,3,North,Ready_to_Move
82359,82360,Karnataka,Bangalore,West,Villa,2,4505,26.05,0.01,1994,Semi-furnished,15,18,31,8,8,South,Under_Construction
82555,82556,Karnataka,Bangalore,South-East,Villa,2,1312,75.86,0.06,2019,Semi-furnished,26,5,6,10,5,North,Under_Construction
82570,82571,Karnataka,Bangalore,South,Apartment,3,4634,189.36,0.04,2020,Semi-furnished,16,15,5,8,2,North,Ready_to_Move
82726,82727,Karnataka,Bangalore,North,Villa,3,3011,433.11,0.14,2012,Unfurnished,23,13,13,2,10,East,Ready_to_Move
82787,82788,Karnataka,Bangalore,South,Villa,2,3693,124.07,0.03,2011,Semi-furnished,5,15,14,3,6,West,Ready_to_Move
82788,82789,Karnataka,Bangalore,West,Apartment,5,3660,434.24,0.12,2009,Unfurnished,1,8,16,8,3,West,Ready_to_Move
82896,82897,Karnataka,Bangalore,East,Independent House,4,3795,478.94,0.13,2012,Unfurnished,20,30,13,5,3,South,Under_Construction
82914,82915,Karnataka,Bangalore,South-East,Villa,3,1058,94.16,0.09,2000,Unfurnished,16,9,25,1,7,East,Ready_to_Move
82922,82923,Karnataka,Bangalore,Central,Apartment,4,1232,399.36,0.32,2020,Unfurnished,25,11,5,5,10,South,Under_Construction
82985,82986,Karnataka,Bangalore,South,Independent House,3,2974,195.89,0.07,2005,Furnished,3,28,20,7,1,South,Ready_to_Move
83001,83002,Karnataka,Bangalore,East,Villa,4,1655,270.34,0.16,2015,Furnished,8,25,10,10,10,West,Under_Construction
83070,83071,Karnataka,Bangalore,South-West,Villa,1,1839,220.55,0.12,2017,Semi-furnished,15,24,8,4,1,North,Under_Construction
83078,83079,Karnataka,Bangalore,North-East,Apartment,4,3139,347.49,0.11,2006,Furnished,4,6,19,10,8,South,Under_Construction
83160,83161,Karnataka,Bangalore,Central,Villa,4,4175,360.97,0.09,2010,Furnished,11,27,15,1,9,South,Under_Construction
83191,83192,Karnataka,Bangalore,South-East,Villa,2,3806,303.33,0.08,1995,Semi-furnished,20,1,30,2,4,East,Under_Construction
83258,83259,Karnataka,Bangalore,Central,Apartment,1,2256,296.54,0.13,2015,Semi-furnished,26,14,10,9,10,East,Under_Construction
83304,83305,Karnataka,Bangalore,West,Villa,3,4171,151.82,0.04,1998,Semi-furnished,26,23,27,5,4,South,Under_Construction
83361,83362,Karnataka,Bangalore,South-West,Villa,3,1089,437.85,0.4,1997,Furnished,26,6,28,5,6,North,Ready_to_Move
83371,83372,Karnataka,Bangalore,South-West,Independent House,1,4203,269.22,0.06,2022,Furnished,0,27,3,8,9,South,Ready_to_Move
83405,83406,Karnataka,Bangalore,Central,Apartment,2,911,312.19,0.34,1990,Semi-furnished,3,27,35,5,10,East,Under_Construction
83434,83435,Karnataka,Bangalore,South,Apartment,2,2175,420.24,0.19,2011,Semi-furnished,24,16,14,3,5,South,Under_Construction
83438,83439,Karnataka,Bangalore,West,Apartment,3,1087,225.44,0.21,2013,Unfurnished,11,8,12,1,1,South,Ready_to_Move
83600,83601,Karnataka,Bangalore,East,Apartment,2,1178,493.77,0.42,2016,Unfurnished,8,5,9,6,8,East,Ready_to_Move
83812,83813,Karnataka,Bangalore,South,Independent House,2,2674,113.81,0.04,2022,Unfurnished,7,21,3,9,3,West,Under_Construction
84001,84002,Karnataka,Bangalore,North,Villa,2,2850,218.18,0.08,2008,Furnished,28,13,17,5,7,North,Ready_to_Move
84014,84015,Karnataka,Bangalore,Central,Independent House,2,3987,222.59,0.06,2003,Unfurnished,6,1,22,2,3,North,Ready_to_Move
84033,84034,Karnataka,Bangalore,North,Independent House,1,1871,273.93,0.15,2020,Furnished,7,7,5,1,10,East,Under_Construction
84074,84075,Karnataka,Bangalore,South,Independent House,2,3656,355.23,0.1,2007,Unfurnished,13,18,18,2,7,West,Ready_to_Move
84152,84153,Karnataka,Bangalore,East,Villa,5,3721,28.52,0.01,2019,Semi-furnished,10,26,6,7,5,South,Under_Construction
84199,84200,Karnataka,Bangalore,West,Villa,1,1785,17.62,0.01,2016,Furnished,29,28,9,2,6,North,Ready_to_Move
84208,84209,Karnataka,Bangalore,South-West,Independent House,5,2294,387.04,0.17,2007,Semi-furnished,2,14,18,10,2,North,Under_Construction
84386,84387,Karnataka,Bangalore,South,Independent House,2,1989,384.72,0.19,2015,Unfurnished,27,6,10,3,10,East,Under_Construction
84406,84407,Karnataka,Bangalore,South-West,Independent House,1,4600,459.11,0.1,2018,Unfurnished,21,24,7,4,2,South,Ready_to_Move
84453,84454,Karnataka,Bangalore,North,Apartment,2,1479,499.86,0.34,2019,Furnished,17,29,6,8,7,West,Under_Construction
84488,84489,Karnataka,Bangalore,South,Independent House,4,2672,78.87,0.03,1999,Furnished,0,21,26,5,8,North,Ready_to_Move
84491,84492,Karnataka,Bangalore,North,Villa,4,2964,492.01,0.17,2022,Unfurnished,26,7,3,6,10,North,Ready_to_Move
84492,84493,Karnataka,Bangalore,South,Apartment,1,3552,335.85,0.09,2008,Furnished,15,6,17,3,8,West,Under_Construction
84545,84546,Karnataka,Bangalore,East,Independent House,4,978,418.07,0.43,2021,Furnished,8,11,4,6,8,South,Ready_to_Move
84580,84581,Karnataka,Bangalore,South-East,Apartment,4,3313,321.78,0.1,2002,Unfurnished,1,12,23,4,2,North,Under_Construction
84724,84725,Karnataka,Bangalore,West,Villa,4,3263,82.41,0.03,2002,Furnished,29,19,23,7,4,West,Ready_to_Move
84725,84726,Karnataka,Bangalore,South-West,Independent House,1,4555,299.91,0.07,2004,Unfurnished,11,7,21,5,3,West,Under_Construction
84805,84806,Karnataka,Bangalore,South-West,Apartment,4,4663,387.12,0.08,1991,Furnished,24,6,34,1,1,North,Under_Construction
84832,84833,Karnataka,Bangalore,Central,Apartment,2,1112,57.85,0.05,2023,Unfurnished,3,2,2,4,1,South,Under_Construction
84835,84836,Karnataka,Bangalore,South-East,Villa,4,1836,23.1,0.01,2000,Semi-furnished,13,21,25,7,5,East,Ready_to_Move
84950,84951,Karnataka,Bangalore,South-West,Apartment,2,4077,167.98,0.04,2016,Semi-furnished,13,7,9,7,4,West,Under_Construction
85003,85004,Karnataka,Bangalore,East,Villa,5,1664,423.97,0.25,2013,Semi-furnished,11,8,12,10,10,East,Ready_to_Move
85033,85034,Karnataka,Bangalore,East,Independent House,5,2070,216.78,0.1,2019,Furnished,30,24,6,8,5,North,Ready_to_Move
85072,85073,Karnataka,Bangalore,South-East,Villa,1,2896,256.12,0.09,2020,Semi-furnished,20,23,5,9,3,North,Ready_to_Move
85083,85084,Karnataka,Bangalore,Central,Villa,3,3178,404.43,0.13,2004,Unfurnished,22,21,21,7,7,North,Under_Construction
85136,85137,Karnataka,Bangalore,West,Apartment,1,1053,338.1,0.32,2000,Semi-furnished,6,11,25,6,3,East,Under_Construction
85146,85147,Karnataka,Bangalore,South-East,Villa,1,3290,302.06,0.09,1990,Semi-furnished,24,8,35,1,5,South,Ready_to_Move
85171,85172,Karnataka,Bangalore,West,Apartment,1,4881,375.94,0.08,2010,Unfurnished,20,23,15,3,6,South,Ready_to_Move
85242,85243,Karnataka,Bangalore,South,Independent House,4,2934,216.2,0.07,1998,Furnished,20,2,27,9,6,West,Under_Construction
85278,85279,Karnataka,Bangalore,South,Independent House,2,4802,430.5,0.09,1997,Semi-furnished,22,6,28,7,6,North,Under_Construction
85307,85308,Karnataka,Bangalore,East,Villa,1,1971,487.41,0.25,1995,Unfurnished,30,9,30,9,10,South,Under_Construction
85408,85409,Karnataka,Bangalore,East,Independent House,2,1490,207.89,0.14,2019,Semi-furnished,12,4,6,10,6,West,Ready_to_Move
85434,85435,Karnataka,Bangalore,South-East,Apartment,2,4845,87.31,0.02,2016,Unfurnished,15,19,9,7,3,East,Ready_to_Move
85546,85547,Karnataka,Bangalore,South-East,Independent House,5,3053,366.72,0.12,1997,Unfurnished,21,24,28,6,2,West,Under_Construction
85572,85573,Karnataka,Bangalore,South-East,Villa,2,4729,151.97,0.03,2013,Furnished,15,28,12,6,2,East,Ready_to_Move
85608,85609,Karnataka,Bangalore,South-East,Apartment,5,732,407.81,0.56,2017,Semi-furnished,20,8,8,10,1,East,Ready_to_Move
85878,85879,Karnataka,Bangalore,South-West,Independent House,3,4193,232.28,0.06,1995,Furnished,9,1,30,4,5,South,Ready_to_Move
85941,85942,Karnataka,Bangalore,South-West,Apartment,2,1334,104.11,0.08,2018,Furnished,26,8,7,5,8,North,Ready_to_Move
85962,85963,Karnataka,Bangalore,Central,Villa,5,2984,35.52,0.01,1993,Unfurnished,29,3,32,5,2,North,Under_Construction
85971,85972,Karnataka,Bangalore,Central,Villa,5,4480,317.43,0.07,1994,Semi-furnished,5,26,31,3,4,West,Ready_to_Move
86128,86129,Karnataka,Bangalore,South-West,Independent House,2,4619,402.97,0.09,1997,Semi-furnished,29,4,28,7,6,East,Ready_to_Move
86146,86147,Karnataka,Bangalore,North,Villa,1,3071,411.06,0.13,2012,Unfurnished,16,22,13,8,2,North,Under_Construction
86195,86196,Karnataka,Bangalore,North,Independent House,4,3239,90.99,0.03,2020,Unfurnished,30,16,5,6,9,South,Under_Construction
86238,86239,Karnataka,Bangalore,Central,Apartment,4,3501,464.9,0.13,1994,Furnished,7,30,31,5,5,North,Ready_to_Move
86258,86259,Karnataka,Bangalore,East,Apartment,1,3320,275.28,0.08,2012,Unfurnished,26,9,13,8,9,South,Ready_to_Move
86327,86328,Karnataka,Bangalore,South,Independent House,5,3003,22.53,0.01,2015,Semi-furnished,5,2,10,7,10,West,Ready_to_Move
86511,86512,Karnataka,Bangalore,West,Apartment,5,3161,426.13,0.13,2000,Furnished,28,11,25,5,2,South,Under_Construction
86655,86656,Karnataka,Bangalore,South,Independent House,5,3879,218.2,0.06,2003,Semi-furnished,8,15,22,8,7,West,Under_Construction
86667,86668,Karnataka,Bangalore,North-East,Apartment,3,3626,371.65,0.1,2006,Unfurnished,17,6,19,10,3,South,Ready_to_Move
86681,86682,Karnataka,Bangalore,West,Apartment,2,3126,199.06,0.06,2004,Unfurnished,7,5,21,10,7,South,Under_Construction
86735,86736,Karnataka,Bangalore,South-East,Independent House,4,1958,399.72,0.2,2015,Semi-furnished,16,14,10,6,8,West,Under_Construction
86768,86769,Karnataka,Bangalore,South-West,Apartment,2,645,341.43,0.53,1999,Semi-furnished,12,13,26,10,3,West,Under_Construction
86798,86799,Karnataka,Bangalore,West,Apartment,5,702,320.34,0.46,2022,Semi-furnished,23,30,3,4,4,West,Under_Construction
86832,86833,Karnataka,Bangalore,North-East,Independent House,5,2944,245.16,0.08,2003,Furnished,13,30,22,8,8,North,Ready_to_Move
86835,86836,Karnataka,Bangalore,East,Villa,2,4000,269.56,0.07,2006,Furnished,1,22,19,7,2,North,Ready_to_Move
86918,86919,Karnataka,Bangalore,North,Independent House,3,2015,423.81,0.21,2017,Unfurnished,12,18,8,8,9,West,Under_Construction
86975,86976,Karnataka,Bangalore,North-East,Apartment,1,3350,457.56,0.14,2020,Unfurnished,1,16,5,3,9,North,Under_Construction
87145,87146,Karnataka,Bangalore,North,Independent House,2,3987,413.78,0.1,1992,Furnished,9,19,33,7,7,South,Under_Construction
87194,87195,Karnataka,Bangalore,East,Villa,1,1051,238.48,0.23,2009,Unfurnished,14,27,16,5,10,West,Under_Construction
87338,87339,Karnataka,Bangalore,North,Villa,1,997,219.34,0.22,2016,Unfurnished,8,9,9,4,6,East,Under_Construction
87427,87428,Karnataka,Bangalore,East,Apartment,4,717,62.83,0.09,1999,Furnished,22,2,26,1,3,South,Under_Construction
87536,87537,Karnataka,Bangalore,North,Apartment,1,1593,91.91,0.06,1994,Semi-furnished,14,7,31,6,1,West,Ready_to_Move
87539,87540,Karnataka,Bangalore,South,Independent House,2,3054,228.58,0.07,2017,Semi-furnished,8,28,8,9,4,South,Ready_to_Move
87548,87549,Karnataka,Bangalore,Central,Apartment,5,2189,390.72,0.18,2003,Semi-furnished,6,3,22,7,9,West,Under_Construction
87720,87721,Karnataka,Bangalore,South-East,Apartment,4,4947,372.98,0.08,2004,Furnished,28,21,21,4,2,West,Ready_to_Move
87742,87743,Karnataka,Bangalore,North,Apartment,5,3506,25.18,0.01,1990,Semi-furnished,14,2,35,4,8,North,Ready_to_Move
87753,87754,Karnataka,Bangalore,North-East,Villa,5,4163,394.15,0.09,1997,Semi-furnished,8,6,28,3,1,East,Under_Construction
87757,87758,Karnataka,Bangalore,West,Independent House,4,3125,403.79,0.13,2004,Furnished,1,5,21,7,3,South,Under_Construction
87762,87763,Karnataka,Bangalore,East,Villa,4,4785,175.36,0.04,2015,Semi-furnished,14,16,10,9,1,South,Ready_to_Move
87795,87796,Karnataka,Bangalore,North,Apartment,5,2074,162.59,0.08,2006,Unfurnished,30,17,19,6,7,East,Under_Construction
87876,87877,Karnataka,Bangalore,North,Independent House,2,677,181.96,0.27,2001,Semi-furnished,24,3,24,4,1,North,Ready_to_Move
87903,87904,Karnataka,Bangalore,East,Apartment,3,519,184.48,0.36,2021,Semi-furnished,6,22,4,1,7,West,Under_Construction
87950,87951,Karnataka,Bangalore,Central,Independent House,3,1663,64.84,0.04,2019,Semi-furnished,30,12,6,1,5,South,Ready_to_Move
88004,88005,Karnataka,Bangalore,East,Villa,3,1615,264.39,0.16,2015,Furnished,0,15,10,8,4,North,Under_Construction
88046,88047,Karnataka,Bangalore,North,Villa,3,4232,42.5,0.01,1995,Semi-furnished,13,24,30,9,2,East,Ready_to_Move
88139,88140,Karnataka,Bangalore,South-East,Independent House,2,3394,411.2,0.12,2012,Semi-furnished,19,21,13,7,1,West,Ready_to_Move
88215,88216,Karnataka,Bangalore,West,Villa,2,1625,161.6,0.1,2004,Semi-furnished,4,22,21,10,2,East,Ready_to_Move
88228,88229,Karnataka,Bangalore,East,Villa,1,3797,40.86,0.01,2006,Unfurnished,28,7,19,5,10,East,Under_Construction
88314,88315,Karnataka,Bangalore,West,Apartment,3,1419,331.03,0.23,2004,Unfurnished,19,29,21,10,2,North,Ready_to_Move
88440,88441,Karnataka,Bangalore,South-West,Independent House,3,2653,111.09,0.04,2023,Unfurnished,7,8,2,2,5,East,Under_Construction
88497,88498,Karnataka,Bangalore,South,Independent House,5,3608,167.55,0.05,2005,Furnished,8,20,20,10,6,South,Under_Construction
88625,88626,Karnataka,Bangalore,South-East,Apartment,1,2483,473.83,0.19,1997,Semi-furnished,10,30,28,9,7,South,Ready_to_Move
88636,88637,Karnataka,Bangalore,West,Independent House,5,1844,446.85,0.24,2019,Semi-furnished,3,20,6,6,1,West,Ready_to_Move
88675,88676,Karnataka,Bangalore,South-West,Independent House,4,3084,222.32,0.07,2014,Furnished,25,14,11,2,9,East,Ready_to_Move
88897,88898,Karnataka,Bangalore,North,Villa,2,3359,379.15,0.11,2005,Unfurnished,11,6,20,6,8,South,Ready_to_Move
89000,89001,Karnataka,Bangalore,East,Independent House,5,3366,427.88,0.13,2018,Semi-furnished,14,21,7,1,2,East,Under_Construction
89093,89094,Karnataka,Bangalore,West,Independent House,1,3851,183.81,0.05,2015,Unfurnished,20,10,10,9,10,West,Under_Construction
89198,89199,Karnataka,Bangalore,South-East,Villa,1,3945,238.46,0.06,1998,Furnished,29,29,27,10,1,South,Ready_to_Move
89207,89208,Karnataka,Bangalore,West,Villa,4,1576,221.15,0.14,2017,Furnished,10,30,8,1,7,North,Ready_to_Move
89235,89236,Karnataka,Bangalore,South-West,Independent House,3,961,375.03,0.39,2013,Furnished,0,28,12,2,7,East,Ready_to_Move
89449,89450,Karnataka,Bangalore,South-West,Independent House,2,2604,127.31,0.05,1998,Furnished,12,21,27,6,2,East,Under_Construction
89532,89533,Karnataka,Bangalore,East,Villa,3,2032,428.94,0.21,2015,Furnished,17,9,10,1,9,North,Under_Construction
89680,89681,Karnataka,Bangalore,South,Apartment,4,1045,196.46,0.19,1997,Furnished,6,2,28,10,8,North,Ready_to_Move
89698,89699,Karnataka,Bangalore,South-East,Apartment,5,3855,415.21,0.11,2005,Furnished,10,11,20,1,6,North,Under_Construction
89821,89822,Karnataka,Bangalore,West,Independent House,4,4864,391.56,0.08,2007,Furnished,26,3,18,4,1,South,Ready_to_Move
89929,89930,Karnataka,Bangalore,West,Apartment,4,4230,321.05,0.08,2010,Semi-furnished,1,11,15,6,5,West,Ready_to_Move
90012,90013,Karnataka,Bangalore,West,Independent House,5,1957,463.62,0.24,2014,Furnished,14,6,11,10,8,North,Ready_to_Move
90057,90058,Karnataka,Bangalore,North,Independent House,2,589,283.02,0.48,1995,Semi-furnished,20,15,30,9,3,South,Ready_to_Move
90076,90077,Karnataka,Bangalore,North,Villa,1,1370,137.42,0.1,2010,Furnished,12,24,15,4,1,West,Under_Construction
90122,90123,Karnataka,Bangalore,South-West,Independent House,4,2994,433.97,0.14,1997,Furnished,2,3,28,6,10,North,Ready_to_Move
90250,90251,Karnataka,Bangalore,West,Independent House,5,4982,271.36,0.05,2021,Semi-furnished,26,30,4,5,5,North,Under_Construction
90372,90373,Karnataka,Bangalore,East,Apartment,5,2050,393.94,0.19,2015,Unfurnished,5,20,10,3,2,North,Under_Construction
90373,90374,Karnataka,Bangalore,Central,Villa,5,906,323.04,0.36,2019,Unfurnished,2,19,6,7,3,East,Under_Construction
90443,90444,Karnataka,Bangalore,North,Villa,5,1338,42.31,0.03,2022,Semi-furnished,8,25,3,4,3,North,Ready_to_Move
90606,90607,Karnataka,Bangalore,West,Apartment,5,1837,66.07,0.04,2006,Furnished,11,22,19,6,4,North,Under_Construction
90690,90691,Karnataka,Bangalore,North,Villa,1,3276,369.68,0.11,2013,Semi-furnished,30,20,12,8,4,West,Under_Construction
90701,90702,Karnataka,Bangalore,South-East,Independent House,1,1700,278.62,0.16,2006,Furnished,26,28,19,1,9,North,Under_Construction
90718,90719,Karnataka,Bangalore,Central,Apartment,2,2916,165.64,0.06,2016,Furnished,1,4,9,8,8,East,Under_Construction
90739,90740,Karnataka,Bangalore,South-West,Independent House,4,3790,46.42,0.01,1992,Semi-furnished,14,20,33,1,5,North,Ready_to_Move
90874,90875,Karnataka,Bangalore,West,Apartment,4,4245,343.07,0.08,1993,Unfurnished,29,19,32,3,3,North,Ready_to_Move
91112,91113,Karnataka,Bangalore,Central,Villa,4,945,28.98,0.03,2010,Semi-furnished,21,18,15,5,9,South,Ready_to_Move
91334,91335,Karnataka,Bangalore,North-East,Apartment,1,3161,258.3,0.08,1993,Semi-furnished,23,30,32,6,4,West,Under_Construction
91361,91362,Karnataka,Bangalore,East,Villa,5,3303,483.97,0.15,2001,Furnished,6,3,24,4,5,North,Ready_to_Move
91366,91367,Karnataka,Bangalore,East,Villa,1,1391,343.1,0.25,2009,Semi-furnished,24,15,16,2,5,North,Under_Construction
91402,91403,Karnataka,Bangalore,East,Villa,5,3753,274.42,0.07,2003,Furnished,13,26,22,4,9,North,Ready_to_Move
91447,91448,Karnataka,Bangalore,South,Apartment,2,792,48.05,0.06,2008,Semi-furnished,5,14,17,6,8,East,Under_Construction
91777,91778,Karnataka,Bangalore,South-West,Apartment,2,4797,376.54,0.08,1999,Furnished,22,22,26,9,8,West,Ready_to_Move
91800,91801,Karnataka,Bangalore,South,Apartment,5,3529,449.77,0.13,2000,Semi-furnished,16,21,25,10,9,West,Under_Construction
91807,91808,Karnataka,Bangalore,North-East,Apartment,4,4022,422.56,0.11,2017,Furnished,11,23,8,7,7,West,Ready_to_Move
91859,91860,Karnataka,Bangalore,South-East,Independent House,2,3949,225.37,0.06,2014,Furnished,4,21,11,9,3,North,Under_Construction
91885,91886,Karnataka,Bangalore,South,Villa,1,4423,467.51,0.11,2015,Furnished,13,30,10,5,10,East,Ready_to_Move
92058,92059,Karnataka,Bangalore,East,Independent House,3,1880,497.77,0.26,2012,Furnished,30,8,13,2,8,West,Under_Construction
92085,92086,Karnataka,Bangalore,South-West,Independent House,5,3983,303.79,0.08,1998,Unfurnished,19,19,27,4,3,East,Ready_to_Move
92135,92136,Karnataka,Bangalore,North-East,Apartment,3,2363,257.38,0.11,2016,Semi-furnished,30,19,9,3,2,South,Under_Construction
92163,92164,Karnataka,Bangalore,South-East,Villa,5,2717,78.64,0.03,2010,Semi-furnished,28,19,15,3,1,East,Ready_to_Move
92205,92206,Karnataka,Bangalore,Central,Independent House,5,1146,22.3,0.02,2019,Furnished,24,22,6,7,1,North,Under_Construction
92261,92262,Karnataka,Bangalore,Central,Apartment,2,549,386.15,0.7,2015,Furnished,5,25,10,6,5,West,Under_Construction
92276,92277,Karnataka,Bangalore,North-East,Independent House,5,1105,85.77,0.08,2009,Unfurnished,4,11,16,8,4,East,Under_Construction
92295,92296,Karnataka,Bangalore,South-West,Villa,5,3762,462.63,0.12,2011,Unfurnished,2,27,14,10,7,West,Under_Construction
92318,92319,Karnataka,Bangalore,West,Villa,5,2142,149.22,0.07,2016,Unfurnished,23,15,9,4,5,West,Ready_to_Move
92357,92358,Karnataka,Bangalore,West,Apartment,3,3680,259.13,0.07,2019,Furnished,7,2,6,5,4,West,Ready_to_Move
92394,92395,Karnataka,Bangalore,North,Apartment,5,1874,131.19,0.07,1995,Unfurnished,10,19,30,2,8,West,Under_Construction
92450,92451,Karnataka,Bangalore,North-East,Apartment,3,2049,34.37,0.02,1992,Semi-furnished,27,29,33,2,4,East,Under_Construction
92474,92475,Karnataka,Bangalore,South,Apartment,3,2759,496.16,0.18,1991,Unfurnished,3,29,34,1,4,North,Ready_to_Move
92502,92503,Karnataka,Bangalore,East,Independent House,5,4235,335.52,0.08,1990,Unfurnished,16,19,35,5,10,North,Under_Construction
92546,92547,Karnataka,Bangalore,North,Independent House,4,1051,89.04,0.08,2002,Furnished,13,11,23,5,7,East,Ready_to_Move
92562,92563,Karnataka,Bangalore,West,Independent House,2,1152,17.97,0.02,1990,Semi-furnished,0,21,35,10,2,South,Under_Construction
92645,92646,Karnataka,Bangalore,South-East,Villa,1,1893,201.88,0.11,2010,Furnished,27,2,15,3,4,North,Ready_to_Move
92730,92731,Karnataka,Bangalore,North,Apartment,1,1071,22.1,0.02,1996,Unfurnished,8,11,29,5,3,East,Ready_to_Move
92764,92765,Karnataka,Bangalore,South,Apartment,5,1299,370.38,0.29,1996,Semi-furnished,24,25,29,1,3,East,Under_Construction
92773,92774,Karnataka,Bangalore,North,Independent House,1,4140,17.28,0.0,1994,Furnished,30,28,31,2,2,North,Ready_to_Move
92807,92808,Karnataka,Bangalore,South,Independent House,2,1384,392.24,0.28,1999,Semi-furnished,16,20,26,2,7,East,Ready_to_Move
93042,93043,Karnataka,Bangalore,Central,Independent House,4,2314,206.44,0.09,1991,Furnished,10,10,34,3,5,West,Under_Construction
93047,93048,Karnataka,Bangalore,Central,Independent House,1,1196,10.58,0.01,2015,Semi-furnished,6,4,10,10,6,North,Under_Construction
93091,93092,Karnataka,Bangalore,North,Apartment,5,4773,445.02,0.09,1999,Furnished,24,4,26,3,5,South,Ready_to_Move
93097,93098,Karnataka,Bangalore,East,Villa,4,2587,244.29,0.09,2019,Semi-furnished,12,8,6,3,3,West,Under_Construction
93217,93218,Karnataka,Bangalore,South,Villa,1,2929,206.44,0.07,2015,Unfurnished,26,16,10,8,7,North,Ready_to_Move
93233,93234,Karnataka,Bangalore,North-East,Villa,1,3535,298.19,0.08,2015,Unfurnished,13,2,10,5,4,West,Ready_to_Move
93266,93267,Karnataka,Bangalore,East,Apartment,4,1490,249.39,0.17,1999,Unfurnished,2,10,26,1,4,East,Under_Construction
93445,93446,Karnataka,Bangalore,South-East,Independent House,1,3925,434.69,0.11,1990,Furnished,19,11,35,10,3,East,Under_Construction
93452,93453,Karnataka,Bangalore,South-East,Apartment,1,4296,157.02,0.04,2019,Furnished,1,1,6,2,7,North,Under_Construction
93480,93481,Karnataka,Bangalore,East,Apartment,2,3694,174.98,0.05,2015,Semi-furnished,21,26,10,7,10,East,Under_Construction
93533,93534,Karnataka,Bangalore,South-West,Apartment,4,1661,257.25,0.15,1996,Furnished,28,18,29,4,7,East,Under_Construction
93667,93668,Karnataka,Bangalore,North-East,Independent House,5,3236,33.75,0.01,2006,Furnished,26,9,19,5,7,South,Ready_to_Move
93736,93737,Karnataka,Bangalore,North-East,Apartment,3,4278,16.58,0.0,2002,Semi-furnished,0,2,23,3,8,South,Under_Construction
93749,93750,Karnataka,Bangalore,South,Apartment,3,4181,334.64,0.08,2005,Semi-furnished,25,22,20,8,1,East,Under_Construction
93848,93849,Karnataka,Bangalore,South-West,Apartment,2,4040,134.09,0.03,2011,Semi-furnished,1,5,14,2,8,West,Ready_to_Move
93852,93853,Karnataka,Bangalore,North,Independent House,2,4189,181.15,0.04,2001,Unfurnished,27,11,24,2,9,North,Ready_to_Move
93856,93857,Karnataka,Bangalore,North-East,Apartment,4,761,213.82,0.28,2011,Furnished,18,9,14,7,4,South,Under_Construction
93886,93887,Karnataka,Bangalore,South,Villa,5,1470,128.75,0.09,2020,Furnished,14,1,5,10,2,North,Under_Construction
93943,93944,Karnataka,Bangalore,West,Independent House,5,2864,144.8,0.05,2016,Furnished,9,14,9,6,3,West,Ready_to_Move
94054,94055,Karnataka,Bangalore,South-West,Independent House,3,4502,282.72,0.06,2010,Furnished,28,11,15,4,1,South,Ready_to_Move
94217,94218,Karnataka,Bangalore,North,Villa,5,2095,122.01,0.06,1995,Furnished,27,5,30,6,8,East,Under_Construction
94269,94270,Karnataka,Bangalore,West,Apartment,4,2988,285.18,0.1,2023,Semi-furnished,9,16,2,9,5,West,Ready_to_Move
94340,94341,Karnataka,Bangalore,South-West,Independent House,5,4761,470.6,0.1,2011,Furnished,25,6,14,8,1,East,Under_Construction
94451,94452,Karnataka,Bangalore,South-East,Independent House,1,2029,420.27,0.21,2011,Furnished,20,23,14,9,3,North,Ready_to_Move
94497,94498,Karnataka,Bangalore,East,Independent House,3,4319,104.32,0.02,1990,Semi-furnished,22,7,35,10,10,East,Under_Construction
94556,94557,Karnataka,Bangalore,South-West,Villa,2,2624,273.56,0.1,2012,Furnished,19,16,13,9,3,North,Under_Construction
94626,94627,Karnataka,Bangalore,South,Villa,2,4439,126.27,0.03,2018,Furnished,28,26,7,4,8,West,Under_Construction
94696,94697,Karnataka,Bangalore,Central,Independent House,1,907,219.2,0.24,1999,Semi-furnished,5,17,26,5,9,West,Under_Construction
94736,94737,Karnataka,Bangalore,Central,Villa,2,4181,31.07,0.01,2017,Unfurnished,18,4,8,9,10,East,Ready_to_Move
94785,94786,Karnataka,Bangalore,Central,Independent House,2,2226,94.75,0.04,2017,Furnished,11,20,8,1,4,East,Under_Construction
94786,94787,Karnataka,Bangalore,North-East,Independent House,3,4942,32.58,0.01,2003,Furnished,8,24,22,7,2,East,Under_Construction
94854,94855,Karnataka,Bangalore,North-East,Independent House,1,4424,481.04,0.11,1995,Unfurnished,10,6,30,4,5,West,Under_Construction
94934,94935,Karnataka,Bangalore,West,Villa,5,841,197.5,0.23,1990,Furnished,21,4,35,1,7,North,Ready_to_Move
94994,94995,Karnataka,Bangalore,South,Villa,2,2667,345.89,0.13,1998,Unfurnished,4,24,27,6,1,West,Ready_to_Move
95057,95058,Karnataka,Bangalore,North,Villa,3,2197,249.33,0.11,2017,Semi-furnished,17,27,8,1,10,North,Ready_to_Move
95167,95168,Karnataka,Bangalore,East,Apartment,5,2957,71.59,0.02,1993,Semi-furnished,7,14,32,1,3,East,Under_Construction
95235,95236,Karnataka,Bangalore,West,Independent House,5,616,389.13,0.63,1995,Furnished,17,27,30,3,8,West,Under_Construction
95268,95269,Karnataka,Bangalore,East,Villa,1,1855,11.31,0.01,2006,Furnished,27,7,19,4,4,South,Ready_to_Move
95306,95307,Karnataka,Bangalore,Central,Independent House,4,2868,422.7,0.15,2011,Semi-furnished,29,10,14,6,9,East,Under_Construction
95456,95457,Karnataka,Bangalore,North-East,Apartment,1,1130,458.31,0.41,2004,Furnished,25,29,21,2,4,West,Under_Construction
95457,95458,Karnataka,Bangalore,South-West,Villa,3,4395,115.79,0.03,2013,Furnished,12,24,12,8,2,West,Under_Construction
95534,95535,Karnataka,Bangalore,South,Apartment,1,4299,301.17,0.07,2008,Semi-furnished,7,23,17,5,3,East,Under_Construction
95540,95541,Karnataka,Bangalore,South,Independent House,5,2397,205.83,0.09,2010,Unfurnished,7,20,15,10,4,South,Under_Construction
95568,95569,Karnataka,Bangalore,Central,Independent House,4,1614,460.54,0.29,2012,Unfurnished,19,26,13,2,2,West,Ready_to_Move
95582,95583,Karnataka,Bangalore,West,Villa,2,4403,227.81,0.05,2005,Furnished,19,20,20,6,2,South,Ready_to_Move
95603,95604,Karnataka,Bangalore,South,Villa,3,4618,210.07,0.05,2010,Unfurnished,23,23,15,7,7,South,Ready_to_Move
95749,95750,Karnataka,Bangalore,Central,Apartment,3,2500,220.98,0.09,2021,Unfurnished,27,18,4,7,10,North,Ready_to_Move
95878,95879,Karnataka,Bangalore,West,Villa,5,1490,206.01,0.14,2021,Unfurnished,0,12,4,5,10,West,Ready_to_Move
95901,95902,Karnataka,Bangalore,Central,Villa,3,3605,206.75,0.06,2005,Semi-furnished,25,9,20,7,1,South,Ready_to_Move
95905,95906,Karnataka,Bangalore,North,Villa,5,2896,243.57,0.08,2018,Unfurnished,20,27,7,10,3,South,Under_Construction
95965,95966,Karnataka,Bangalore,North,Villa,2,4906,83.11,0.02,2006,Semi-furnished,18,29,19,5,3,West,Under_Construction
95969,95970,Karnataka,Bangalore,South-West,Apartment,2,2584,195.35,0.08,2009,Semi-furnished,26,1,16,4,9,East,Ready_to_Move
96025,96026,Karnataka,Bangalore,West,Apartment,1,4282,73.31,0.02,2000,Furnished,27,5,25,3,3,East,Ready_to_Move
96184,96185,Karnataka,Bangalore,North-East,Apartment,2,2803,15.73,0.01,2002,Semi-furnished,0,21,23,5,3,South,Under_Construction
96192,96193,Karnataka,Bangalore,Central,Independent House,3,4440,483.87,0.11,2013,Unfurnished,7,3,12,5,4,East,Ready_to_Move
96209,96210,Karnataka,Bangalore,South-East,Villa,2,4665,366.01,0.08,1996,Semi-furnished,9,24,29,7,8,West,Under_Construction
96221,96222,Karnataka,Bangalore,East,Independent House,3,4775,422.69,0.09,2003,Unfurnished,14,4,22,7,9,West,Under_Construction
96229,96230,Karnataka,Bangalore,Central,Villa,5,1340,227.57,0.17,1991,Furnished,21,11,34,7,3,West,Ready_to_Move
96266,96267,Karnataka,Bangalore,East,Apartment,5,1716,171.0,0.1,2015,Unfurnished,10,13,10,4,6,East,Ready_to_Move
96286,96287,Karnataka,Bangalore,South,Apartment,2,4046,222.51,0.05,2010,Semi-furnished,1,28,15,8,10,West,Ready_to_Move
96325,96326,Karnataka,Bangalore,East,Independent House,3,3592,415.73,0.12,2006,Furnished,1,4,19,7,1,West,Under_Construction
96345,96346,Karnataka,Bangalore,South-West,Villa,4,1374,36.82,0.03,2006,Semi-furnished,26,8,19,6,6,South,Ready_to_Move
96450,96451,Karnataka,Bangalore,South,Villa,1,1414,33.03,0.02,1997,Semi-furnished,4,12,28,9,8,East,Ready_to_Move
96521,96522,Karnataka,Bangalore,South-East,Apartment,3,4383,389.03,0.09,2018,Furnished,24,12,7,9,4,West,Ready_to_Move
96525,96526,Karnataka,Bangalore,East,Independent House,5,3951,382.82,0.1,2014,Semi-furnished,22,11,11,4,10,North,Under_Construction
96561,96562,Karnataka,Bangalore,East,Apartment,4,1060,457.87,0.43,2002,Unfurnished,8,11,23,4,3,South,Ready_to_Move
96582,96583,Karnataka,Bangalore,East,Independent House,4,2964,153.92,0.05,1990,Unfurnished,10,17,35,3,8,North,Under_Construction
96647,96648,Karnataka,Bangalore,Central,Villa,4,3359,113.54,0.03,1994,Unfurnished,14,17,31,7,3,North,Ready_to_Move
96676,96677,Karnataka,Bangalore,South-East,Villa,2,4759,233.76,0.05,2002,Unfurnished,15,28,23,1,4,South,Under_Construction
96690,96691,Karnataka,Bangalore,North-East,Independent House,4,2757,100.7,0.04,2009,Semi-furnished,6,14,16,6,2,East,Ready_to_Move
96699,96700,Karnataka,Bangalore,West,Independent House,2,4942,173.6,0.04,1992,Furnished,26,19,33,5,7,North,Ready_to_Move
96705,96706,Karnataka,Bangalore,Central,Villa,4,580,41.99,0.07,2006,Furnished,0,11,19,7,4,West,Ready_to_Move
97011,97012,Karnataka,Bangalore,East,Villa,3,922,181.3,0.2,1993,Furnished,1,24,32,5,6,South,Under_Construction
97092,97093,Karnataka,Bangalore,South-East,Independent House,1,2705,218.23,0.08,2022,Furnished,15,26,3,3,5,North,Ready_to_Move
97130,97131,Karnataka,Bangalore,West,Independent House,1,2376,150.43,0.06,1992,Furnished,17,23,33,6,6,East,Ready_to_Move
97176,97177,Karnataka,Bangalore,East,Independent House,1,4409,478.73,0.11,2015,Semi-furnished,0,5,10,10,2,East,Ready_to_Move
97198,97199,Karnataka,Bangalore,North,Apartment,5,3862,204.61,0.05,2016,Unfurnished,2,11,9,6,6,South,Under_Construction
97261,97262,Karnataka,Bangalore,Central,Apartment,4,1202,22.9,0.02,2015,Furnished,29,1,10,5,9,West,Ready_to_Move
97278,97279,Karnataka,Bangalore,North,Apartment,3,2794,362.59,0.13,2018,Furnished,28,2,7,7,6,West,Ready_to_Move
97485,97486,Karnataka,Bangalore,West,Villa,3,1547,443.33,0.29,2012,Furnished,19,14,13,2,7,East,Ready_to_Move
97487,97488,Karnataka,Bangalore,North,Apartment,1,2668,253.54,0.1,1996,Semi-furnished,25,7,29,9,2,West,Under_Construction
97584,97585,Karnataka,Bangalore,North-East,Independent House,2,4503,395.86,0.09,1999,Semi-furnished,30,30,26,7,6,West,Ready_to_Move
97651,97652,Karnataka,Bangalore,North-East,Independent House,2,857,64.45,0.08,1996,Semi-furnished,23,2,29,4,3,South,Under_Construction
97688,97689,Karnataka,Bangalore,West,Villa,1,4008,257.02,0.06,1990,Semi-furnished,30,17,35,10,10,South,Under_Construction
97734,97735,Karnataka,Bangalore,Central,Villa,3,4323,424.6,0.1,1998,Furnished,0,10,27,5,9,North,Under_Construction
97807,97808,Karnataka,Bangalore,North,Villa,3,2234,115.97,0.05,1999,Unfurnished,1,23,26,6,4,South,Ready_to_Move
97941,97942,Karnataka,Bangalore,North,Villa,1,4025,146.54,0.04,2021,Semi-furnished,23,9,4,1,10,West,Under_Construction
97962,97963,Karnataka,Bangalore,South-West,Apartment,2,588,371.45,0.63,2014,Semi-furnished,5,17,11,8,5,North,Under_Construction
97968,97969,Karnataka,Bangalore,East,Independent House,5,965,46.76,0.05,1990,Unfurnished,7,28,35,7,7,East,Under_Construction
97973,97974,Karnataka,Bangalore,South-East,Apartment,4,4221,420.76,0.1,2022,Semi-furnished,19,5,3,7,4,North,Under_Construction
98271,98272,Karnataka,Bangalore,South-East,Independent House,2,2052,464.44,0.23,2007,Unfurnished,22,25,18,5,5,East,Ready_to_Move
98348,98349,Karnataka,Bangalore,North-East,Villa,4,2430,206.88,0.09,2010,Semi-furnished,0,5,15,1,5,East,Under_Construction
98388,98389,Karnataka,Bangalore,North-East,Apartment,4,1941,157.16,0.08,2000,Furnished,18,6,25,3,1,West,Under_Construction
98615,98616,Karnataka,Bangalore,Central,Villa,2,3870,238.41,0.06,1993,Furnished,7,17,32,5,8,North,Ready_to_Move
98694,98695,Karnataka,Bangalore,South-East,Villa,1,4157,244.04,0.06,1998,Furnished,22,20,27,3,8,West,Under_Construction
98719,98720,Karnataka,Bangalore,South-West,Apartment,5,906,389.9,0.43,2018,Furnished,27,10,7,4,7,East,Under_Construction
98821,98822,Karnataka,Bangalore,North-East,Apartment,4,2902,137.16,0.05,2017,Furnished,19,24,8,10,2,West,Ready_to_Move
98849,98850,Karnataka,Bangalore,East,Apartment,4,2205,13.67,0.01,2005,Furnished,0,15,20,7,7,North,Ready_to_Move
98895,98896,Karnataka,Bangalore,South-West,Villa,5,2956,140.32,0.05,2017,Unfurnished,7,21,8,8,5,West,Ready_to_Move
98935,98936,Karnataka,Bangalore,Central,Apartment,3,2360,166.63,0.07,2004,Furnished,22,11,21,8,2,West,Under_Construction
98954,98955,Karnataka,Bangalore,West,Independent House,1,2150,309.89,0.14,2009,Furnished,21,5,16,5,9,North,Under_Construction
99004,99005,Karnataka,Bangalore,South,Villa,4,3762,396.93,0.11,2014,Furnished,25,23,11,8,2,South,Ready_to_Move
99209,99210,Karnataka,Bangalore,North,Apartment,3,3679,449.34,0.12,2003,Furnished,24,27,22,9,5,West,Ready_to_Move
99235,99236,Karnataka,Bangalore,South,Apartment,1,1236,386.57,0.31,1994,Furnished,4,5,31,2,2,South,Under_Construction
99298,99299,Karnataka,Bangalore,West,Apartment,4,4085,68.91,0.02,2022,Semi-furnished,4,22,3,3,2,North,Under_Construction
99363,99364,Karnataka,Bangalore,West,Apartment,4,4151,469.13,0.11,2021,Furnished,5,8,4,6,5,North,Ready_to_Move
99407,99408,Karnataka,Bangalore,South-West,Villa,2,856,108.84,0.13,2017,Unfurnished,8,25,8,4,3,North,Ready_to_Move
99447,99448,Karnataka,Bangalore,East,Villa,3,1414,186.35,0.13,1992,Furnished,15,4,33,3,7,South,Under_Construction
99493,99494,Karnataka,Bangalore,North,Apartment,5,2933,214.33,0.07,2005,Semi-furnished,30,28,20,2,10,North,Ready_to_Move
99498,99499,Karnataka,Bangalore,South-West,Apartment,2,4497,216.48,0.05,2001,Furnished,10,29,24,10,7,South,Under_Construction
99564,99565,Karnataka,Bangalore,South-West,Villa,1,2668,152.07,0.06,2014,Semi-furnished,14,3,11,3,6,North,Under_Construction
99603,99604,Karnataka,Bangalore,South-West,Apartment,2,2789,162.91,0.06,2003,Semi-furnished,19,3,22,3,1,East,Under_Construction
99823,99824,Karnataka,Bangalore,North-East,Independent House,2,4606,287.31,0.06,2006,Semi-furnished,29,26,19,3,9,North,Under_Construction
99859,99860,Karnataka,Bangalore,South-West,Villa,3,3674,208.35,0.06,2008,Unfurnished,12,14,17,7,4,North,Under_Construction
99945,99946,Karnataka,Bangalore,North-East,Apartment,4,3464,178.07,0.05,2014,Furnished,14,20,11,10,7,North,Ready_to_Move
99974,99975,Karnataka,Bangalore,West,Villa,1,541,369.82,0.68,2007,Furnished,18,7,18,4,4,East,Under_Construction
100072,100073,Karnataka,Bangalore,North-East,Apartment,1,1440,399.84,0.28,1994,Unfurnished,28,29,31,10,10,West,Ready_to_Move
100127,100128,Karnataka,Bangalore,East,Apartment,4,2412,90.68,0.04,1999,Semi-furnished,10,28,26,6,8,East,Under_Construction
100154,100155,Karnataka,Bangalore,North,Villa,4,4709,407.88,0.09,1998,Unfurnished,7,7,27,2,3,North,Under_Construction
100202,100203,Karnataka,Bangalore,North,Independent House,5,2655,97.5,0.04,2011,Furnished,2,7,14,4,9,West,Ready_to_Move
100233,100234,Karnataka,Bangalore,West,Villa,3,703,227.8,0.32,2022,Unfurnished,25,9,3,8,7,South,Ready_to_Move
100289,100290,Karnataka,Bangalore,North-East,Apartment,2,4001,493.28,0.12,2005,Unfurnished,6,13,20,3,3,North,Under_Construction
100300,100301,Karnataka,Bangalore,East,Apartment,4,4846,283.86,0.06,2022,Unfurnished,5,5,3,1,10,South,Ready_to_Move
100332,100333,Karnataka,Bangalore,East,Villa,5,1235,294.89,0.24,2002,Unfurnished,15,10,23,5,3,East,Ready_to_Move
100360,100361,Karnataka,Bangalore,South,Villa,2,2191,33.24,0.02,2011,Furnished,30,14,14,6,5,North,Under_Construction
100474,100475,Karnataka,Bangalore,West,Apartment,1,1439,226.91,0.16,1997,Unfurnished,3,30,28,8,4,West,Ready_to_Move
100484,100485,Karnataka,Bangalore,East,Independent House,2,2293,291.71,0.13,2022,Furnished,2,13,3,7,6,North,Under_Construction
100556,100557,Karnataka,Bangalore,South-West,Villa,3,2636,444.36,0.17,2015,Furnished,4,21,10,6,5,North,Ready_to_Move
100563,100564,Karnataka,Bangalore,North,Villa,5,1705,358.32,0.21,2012,Semi-furnished,25,24,13,3,5,East,Ready_to_Move
100665,100666,Karnataka,Bangalore,South,Independent House,2,4585,346.59,0.08,1992,Unfurnished,14,5,33,4,4,West,Ready_to_Move
100666,100667,Karnataka,Bangalore,South-East,Apartment,2,854,295.84,0.35,2010,Unfurnished,2,29,15,4,2,East,Under_Construction
100674,100675,Karnataka,Bangalore,East,Apartment,3,4311,83.35,0.02,2005,Unfurnished,23,20,20,10,10,South,Ready_to_Move
100691,100692,Karnataka,Bangalore,North-East,Independent House,5,2588,264.12,0.1,1995,Unfurnished,6,8,30,3,1,North,Under_Construction
100789,100790,Karnataka,Bangalore,West,Villa,4,4833,265.38,0.05,1996,Semi-furnished,23,8,29,10,9,South,Under_Construction
100791,100792,Karnataka,Bangalore,West,Apartment,4,2954,77.23,0.03,1993,Furnished,29,22,32,9,8,North,Under_Construction
100921,100922,Karnataka,Bangalore,South-East,Independent House,2,2414,286.67,0.12,2005,Furnished,20,20,20,2,5,North,Ready_to_Move
100928,100929,Karnataka,Bangalore,South-West,Independent House,1,4791,236.33,0.05,1996,Unfurnished,24,25,29,7,7,East,Under_Construction
100948,100949,Karnataka,Bangalore,South-East,Apartment,3,2395,73.39,0.03,1992,Unfurnished,4,19,33,1,10,West,Ready_to_Move
100963,100964,Karnataka,Bangalore,South-West,Independent House,5,4757,55.92,0.01,2014,Furnished,28,20,11,6,4,North,Ready_to_Move
100992,100993,Karnataka,Bangalore,South-West,Independent House,2,760,321.79,0.42,2005,Semi-furnished,28,15,20,2,3,East,Under_Construction
101033,101034,Karnataka,Bangalore,Central,Apartment,1,2540,275.04,0.11,2015,Furnished,0,11,10,1,4,South,Under_Construction
101067,101068,Karnataka,Bangalore,South-West,Apartment,5,2834,109.32,0.04,1995,Furnished,28,12,30,10,10,East,Ready_to_Move
101259,101260,Karnataka,Bangalore,South-East,Independent House,1,2757,469.59,0.17,2015,Semi-furnished,19,9,10,1,8,North,Under_Construction
101284,101285,Karnataka,Bangalore,South,Independent House,4,3134,60.13,0.02,2020,Furnished,5,15,5,7,10,South,Under_Construction
101376,101377,Karnataka,Bangalore,North-East,Apartment,4,2352,270.87,0.12,2021,Semi-furnished,3,24,4,10,8,East,Under_Construction
101661,101662,Karnataka,Bangalore,North,Apartment,1,3021,236.59,0.08,1991,Semi-furnished,29,9,34,9,5,North,Under_Construction
101755,101756,Karnataka,Bangalore,South-West,Apartment,4,1800,99.46,0.06,1997,Semi-furnished,7,11,28,7,7,West,Under_Construction
101803,101804,Karnataka,Bangalore,South-East,Apartment,3,2548,324.15,0.13,1992,Semi-furnished,25,4,33,8,8,West,Ready_to_Move
101844,101845,Karnataka,Bangalore,South-East,Villa,3,3295,121.57,0.04,2019,Semi-furnished,19,26,6,4,3,South,Ready_to_Move
101885,101886,Karnataka,Bangalore,North,Independent House,2,4199,137.92,0.03,2004,Semi-furnished,14,14,21,1,7,West,Under_Construction
102000,102001,Karnataka,Bangalore,East,Villa,2,3446,147.66,0.04,2003,Semi-furnished,19,25,22,10,8,East,Under_Construction
102169,102170,Karnataka,Bangalore,North,Villa,2,3674,161.74,0.04,2019,Semi-furnished,4,26,6,9,9,South,Under_Construction
102221,102222,Karnataka,Bangalore,South-East,Apartment,4,1622,274.18,0.17,1994,Unfurnished,3,24,31,10,6,South,Ready_to_Move
102264,102265,Karnataka,Bangalore,West,Apartment,1,541,480.11,0.89,1995,Furnished,25,26,30,8,3,North,Ready_to_Move
102289,102290,Karnataka,Bangalore,West,Independent House,2,4934,437.45,0.09,2006,Unfurnished,10,7,19,10,5,West,Under_Construction
102361,102362,Karnataka,Bangalore,South,Independent House,3,1047,449.33,0.43,2020,Semi-furnished,26,27,5,2,1,South,Ready_to_Move
102468,102469,Karnataka,Bangalore,North,Apartment,4,4070,468.84,0.12,2008,Furnished,7,5,17,6,6,North,Ready_to_Move
102545,102546,Karnataka,Bangalore,Central,Apartment,1,2227,188.15,0.08,2022,Semi-furnished,12,25,3,4,3,West,Ready_to_Move
102696,102697,Karnataka,Bangalore,South,Villa,4,3464,186.11,0.05,1996,Unfurnished,2,1,29,6,9,South,Ready_to_Move
102727,102728,Karnataka,Bangalore,West,Independent House,3,975,40.82,0.04,1994,Unfurnished,5,1,31,7,9,West,Under_Construction
103030,103031,Karnataka,Bangalore,North-East,Villa,3,4494,449.74,0.1,2001,Unfurnished,4,11,24,7,4,North,Ready_to_Move
103098,103099,Karnataka,Bangalore,South-East,Apartment,1,4066,222.96,0.05,2005,Semi-furnished,19,14,20,4,4,East,Ready_to_Move
103109,103110,Karnataka,Bangalore,West,Apartment,2,4139,294.13,0.07,2000,Semi-furnished,3,25,25,8,5,South,Ready_to_Move
103168,103169,Karnataka,Bangalore,West,Independent House,4,3298,37.75,0.01,2002,Unfurnished,17,2,23,8,4,East,Under_Construction
103182,103183,Karnataka,Bangalore,South,Independent House,2,4796,139.38,0.03,1993,Semi-furnished,19,13,32,2,9,North,Under_Construction
103235,103236,Karnataka,Bangalore,West,Independent House,5,3504,171.13,0.05,2019,Furnished,17,29,6,4,10,North,Ready_to_Move
103267,103268,Karnataka,Bangalore,East,Villa,1,2506,131.05,0.05,1999,Semi-furnished,20,6,26,3,4,North,Under_Construction
103360,103361,Karnataka,Bangalore,North,Villa,3,884,277.65,0.31,1994,Semi-furnished,15,18,31,5,1,South,Ready_to_Move
103497,103498,Karnataka,Bangalore,Central,Villa,1,2133,333.82,0.16,2013,Unfurnished,12,25,12,8,6,East,Under_Construction
103518,103519,Karnataka,Bangalore,North,Villa,4,1157,18.13,0.02,1996,Semi-furnished,4,21,29,6,1,West,Ready_to_Move
103592,103593,Karnataka,Bangalore,South-East,Villa,4,4798,53.74,0.01,2006,Semi-furnished,6,4,19,6,6,South,Under_Construction
103647,103648,Karnataka,Bangalore,Central,Villa,1,2629,81.94,0.03,2018,Furnished,17,17,7,8,2,South,Under_Construction
103743,103744,Karnataka,Bangalore,South-East,Independent House,2,4857,53.81,0.01,2010,Furnished,30,24,15,10,10,South,Ready_to_Move
103802,103803,Karnataka,Bangalore,West,Independent House,3,2157,99.51,0.05,1993,Unfurnished,21,27,32,4,8,West,Under_Construction
103828,103829,Karnataka,Bangalore,South,Villa,3,2141,284.31,0.13,2012,Unfurnished,16,10,13,5,7,West,Ready_to_Move
103841,103842,Karnataka,Bangalore,South,Independent House,1,1552,391.24,0.25,2000,Semi-furnished,20,17,25,5,7,South,Ready_to_Move
103900,103901,Karnataka,Bangalore,South,Apartment,3,4472,421.36,0.09,2013,Furnished,13,17,12,6,6,West,Ready_to_Move
103911,103912,Karnataka,Bangalore,Central,Independent House,1,2629,271.12,0.1,2011,Furnished,6,3,14,3,7,North,Ready_to_Move
103944,103945,Karnataka,Bangalore,East,Apartment,3,4762,213.82,0.04,2015,Furnished,8,3,10,2,7,West,Under_Construction
104087,104088,Karnataka,Bangalore,Central,Villa,4,1306,465.17,0.36,2020,Semi-furnished,15,19,5,9,6,South,Ready_to_Move
104188,104189,Karnataka,Bangalore,Central,Independent House,1,1496,236.61,0.16,1992,Furnished,12,22,33,8,6,South,Under_Construction
104280,104281,Karnataka,Bangalore,South,Apartment,2,2990,265.68,0.09,2002,Furnished,9,29,23,5,3,South,Under_Construction
104281,104282,Karnataka,Bangalore,East,Independent House,4,2983,129.54,0.04,2010,Unfurnished,24,3,15,4,5,East,Under_Construction
104292,104293,Karnataka,Bangalore,South-West,Independent House,2,3042,450.34,0.15,2021,Semi-furnished,26,24,4,10,9,South,Ready_to_Move
104296,104297,Karnataka,Bangalore,West,Villa,5,4030,387.13,0.1,2022,Furnished,29,14,3,6,1,North,Under_Construction
104301,104302,Karnataka,Bangalore,Central,Apartment,4,1843,443.59,0.24,2010,Semi-furnished,20,6,15,4,1,West,Ready_to_Move
104317,104318,Karnataka,Bangalore,Central,Independent House,2,2769,388.96,0.14,1992,Semi-furnished,9,11,33,7,8,South,Ready_to_Move
104339,104340,Karnataka,Bangalore,North,Independent House,2,1242,286.75,0.23,2001,Furnished,20,30,24,6,2,West,Under_Construction
104399,104400,Karnataka,Bangalore,South-East,Apartment,2,2871,219.39,0.08,2002,Unfurnished,21,7,23,1,10,South,Ready_to_Move
104434,104435,Karnataka,Bangalore,North,Independent House,3,1552,426.42,0.27,2006,Semi-furnished,18,23,19,2,3,South,Ready_to_Move
104575,104576,Karnataka,Bangalore,Central,Independent House,1,4965,325.83,0.07,1995,Furnished,21,9,30,5,4,West,Ready_to_Move
104640,104641,Karnataka,Bangalore,North-East,Apartment,3,3855,380.84,0.1,2016,Semi-furnished,17,15,9,9,5,East,Under_Construction
104645,104646,Karnataka,Bangalore,Central,Apartment,5,1297,411.6,0.32,2017,Unfurnished,11,22,8,6,6,South,Ready_to_Move
104650,104651,Karnataka,Bangalore,North-East,Apartment,3,4697,196.8,0.04,2017,Furnished,27,22,8,7,7,West,Under_Construction
104652,104653,Karnataka,Bangalore,North,Independent House,3,1096,482.79,0.44,1999,Unfurnished,15,12,26,8,9,North,Ready_to_Move
104744,104745,Karnataka,Bangalore,South-West,Apartment,2,2398,79.53,0.03,2006,Unfurnished,0,21,19,8,8,East,Under_Construction
104916,104917,Karnataka,Bangalore,Central,Independent House,5,4264,492.09,0.12,1996,Unfurnished,9,9,29,8,6,East,Under_Construction
104984,104985,Karnataka,Bangalore,Central,Villa,2,3507,370.01,0.11,2002,Furnished,19,6,23,10,8,North,Under_Construction
105024,105025,Karnataka,Bangalore,East,Apartment,2,2990,140.49,0.05,2003,Semi-furnished,11,15,22,9,2,East,Under_Construction
105104,105105,Karnataka,Bangalore,South-West,Villa,4,2004,232.85,0.12,2010,Furnished,16,5,15,6,9,North,Under_Construction
105220,105221,Karnataka,Bangalore,North-East,Apartment,5,4122,138.02,0.03,1996,Semi-furnished,0,20,29,3,7,West,Ready_to_Move
105276,105277,Karnataka,Bangalore,East,Apartment,2,2759,497.81,0.18,2011,Furnished,25,8,14,10,5,West,Ready_to_Move
105482,105483,Karnataka,Bangalore,Central,Apartment,2,4135,191.84,0.05,2008,Unfurnished,4,13,17,3,5,East,Ready_to_Move
105500,105501,Karnataka,Bangalore,Central,Apartment,5,2539,104.63,0.04,2020,Semi-furnished,2,14,5,10,10,North,Under_Construction
105502,105503,Karnataka,Bangalore,North,Villa,3,3734,43.5,0.01,2006,Unfurnished,18,15,19,10,9,South,Under_Construction
105597,105598,Karnataka,Bangalore,North,Apartment,5,3630,232.12,0.06,2002,Unfurnished,9,7,23,2,8,East,Ready_to_Move
105647,105648,Karnataka,Bangalore,North-East,Independent House,5,2081,351.49,0.17,1998,Furnished,20,6,27,9,7,West,Under_Construction
105782,105783,Karnataka,Bangalore,North-East,Independent House,4,3802,136.54,0.04,2012,Unfurnished,22,6,13,10,1,South,Ready_to_Move
105796,105797,Karnataka,Bangalore,East,Independent House,4,590,67.87,0.12,2018,Semi-furnished,0,26,7,2,9,North,Under_Construction
105847,105848,Karnataka,Bangalore,West,Independent House,2,3700,422.91,0.11,2004,Unfurnished,1,12,21,2,10,West,Under_Construction
105863,105864,Karnataka,Bangalore,South,Apartment,4,2727,469.65,0.17,2013,Unfurnished,28,23,12,8,1,North,Under_Construction
105874,105875,Karnataka,Bangalore,North-East,Villa,5,2069,327.52,0.16,2016,Semi-furnished,10,13,9,1,2,South,Under_Construction
105884,105885,Karnataka,Bangalore,South-East,Independent House,5,3133,61.13,0.02,1996,Unfurnished,0,28,29,1,5,West,Under_Construction
105950,105951,Karnataka,Bangalore,Central,Villa,2,1554,324.02,0.21,2006,Unfurnished,1,2,19,1,3,South,Under_Construction
106023,106024,Karnataka,Bangalore,South-West,Apartment,5,3180,306.54,0.1,2014,Semi-furnished,9,21,11,1,9,South,Under_Construction
106041,106042,Karnataka,Bangalore,East,Villa,1,1805,402.05,0.22,2010,Semi-furnished,13,16,15,7,1,North,Under_Construction
106159,106160,Karnataka,Bangalore,West,Independent House,3,2581,119.2,0.05,2016,Semi-furnished,14,28,9,4,9,North,Under_Construction
106180,106181,Karnataka,Bangalore,Central,Independent House,4,1746,405.76,0.23,2020,Unfurnished,8,27,5,9,9,South,Under_Construction
106201,106202,Karnataka,Bangalore,North,Villa,5,2085,110.96,0.05,2016,Semi-furnished,7,6,9,4,10,East,Under_Construction
106333,106334,Karnataka,Bangalore,West,Independent House,3,3100,381.74,0.12,2002,Furnished,27,16,23,1,1,East,Ready_to_Move
106337,106338,Karnataka,Bangalore,Central,Apartment,5,2718,315.12,0.12,2020,Furnished,14,22,5,2,1,South,Under_Construction
106338,106339,Karnataka,Bangalore,East,Villa,1,3632,225.55,0.06,2005,Furnished,30,13,20,6,2,South,Under_Construction
106350,106351,Karnataka,Bangalore,East,Apartment,2,4655,471.16,0.1,2016,Unfurnished,13,19,9,1,10,South,Under_Construction
106450,106451,Karnataka,Bangalore,West,Apartment,2,3212,349.46,0.11,1997,Unfurnished,11,16,28,4,5,West,Ready_to_Move
106869,106870,Karnataka,Bangalore,South,Villa,1,1532,140.79,0.09,2020,Furnished,17,20,5,10,4,South,Under_Construction
106892,106893,Karnataka,Bangalore,North-East,Independent House,1,1630,325.11,0.2,2020,Semi-furnished,20,1,5,2,5,South,Under_Construction
106896,106897,Karnataka,Bangalore,Central,Independent House,1,3658,292.15,0.08,2016,Unfurnished,17,26,9,1,2,North,Ready_to_Move
106937,106938,Karnataka,Bangalore,West,Villa,2,2653,147.0,0.06,2006,Semi-furnished,27,25,19,5,9,South,Ready_to_Move
106957,106958,Karnataka,Bangalore,South-West,Independent House,4,2455,215.32,0.09,1997,Furnished,15,8,28,7,4,East,Ready_to_Move
107007,107008,Karnataka,Bangalore,South-East,Villa,1,4050,159.79,0.04,2018,Semi-furnished,21,29,7,3,10,South,Ready_to_Move
107017,107018,Karnataka,Bangalore,South-East,Villa,4,2171,210.09,0.1,1998,Furnished,30,14,27,1,10,North,Under_Construction
107051,107052,Karnataka,Bangalore,South,Villa,3,2480,140.88,0.06,1993,Unfurnished,2,3,32,8,2,North,Ready_to_Move
107093,107094,Karnataka,Bangalore,Central,Apartment,1,2444,49.29,0.02,2023,Unfurnished,23,16,2,10,5,East,Ready_to_Move
107300,107301,Karnataka,Bangalore,South-East,Apartment,3,4441,144.65,0.03,2019,Furnished,11,21,6,2,5,East,Ready_to_Move
107369,107370,Karnataka,Bangalore,Central,Independent House,3,3911,150.54,0.04,1998,Furnished,4,12,27,3,2,North,Ready_to_Move
107389,107390,Karnataka,Bangalore,North-East,Apartment,2,564,197.11,0.35,2001,Semi-furnished,16,8,24,3,3,West,Ready_to_Move
107496,107497,Karnataka,Bangalore,South-West,Independent House,1,3382,355.07,0.1,2009,Furnished,25,10,16,2,10,North,Ready_to_Move
107508,107509,Karnataka,Bangalore,North,Independent House,3,3290,225.42,0.07,2013,Furnished,11,10,12,6,3,West,Ready_to_Move
107729,107730,Karnataka,Bangalore,West,Apartment,4,2917,480.69,0.16,1996,Unfurnished,8,9,29,4,7,East,Ready_to_Move
107959,107960,Karnataka,Bangalore,South,Villa,1,4624,460.31,0.1,2009,Semi-furnished,29,12,16,4,6,North,Under_Construction
107984,107985,Karnataka,Bangalore,South,Apartment,1,4265,413.51,0.1,2006,Furnished,6,16,19,9,5,East,Ready_to_Move
108021,108022,Karnataka,Bangalore,West,Villa,3,4732,418.83,0.09,2017,Unfurnished,16,3,8,4,5,North,Under_Construction
108137,108138,Karnataka,Bangalore,North-East,Villa,3,3478,414.08,0.12,2007,Furnished,2,3,18,5,5,North,Under_Construction
108187,108188,Karnataka,Bangalore,North,Villa,5,2957,397.06,0.13,2011,Furnished,7,22,14,5,3,North,Under_Construction
108267,108268,Karnataka,Bangalore,South-East,Villa,3,800,329.93,0.41,2018,Semi-furnished,7,19,7,5,7,East,Under_Construction
108293,108294,Karnataka,Bangalore,South-East,Villa,5,3528,102.17,0.03,2021,Furnished,10,1,4,6,7,East,Ready_to_Move
108392,108393,Karnataka,Bangalore,West,Villa,3,2535,223.89,0.09,2012,Furnished,13,26,13,4,3,South,Ready_to_Move
108610,108611,Karnataka,Bangalore,North,Independent House,4,1458,38.48,0.03,2023,Furnished,9,2,2,2,2,North,Under_Construction
108645,108646,Karnataka,Bangalore,East,Villa,1,4913,416.0,0.08,1992,Semi-furnished,3,1,33,1,10,West,Ready_to_Move
108733,108734,Karnataka,Bangalore,Central,Independent House,2,3409,447.63,0.13,2021,Semi-furnished,12,23,4,6,9,North,Ready_to_Move
108809,108810,Karnataka,Bangalore,South-East,Apartment,4,1018,253.42,0.25,1997,Semi-furnished,3,11,28,5,6,North,Ready_to_Move
108813,108814,Karnataka,Bangalore,South,Villa,4,793,299.4,0.38,2017,Unfurnished,29,24,8,6,5,West,Ready_to_Move
108849,108850,Karnataka,Bangalore,North,Independent House,1,4704,242.81,0.05,2023,Furnished,6,6,2,4,7,West,Ready_to_Move
108870,108871,Karnataka,Bangalore,Central,Apartment,1,1793,47.98,0.03,2021,Furnished,20,8,4,3,10,South,Ready_to_Move
108893,108894,Karnataka,Bangalore,South-West,Apartment,1,3048,340.84,0.11,2017,Unfurnished,10,27,8,4,8,East,Ready_to_Move
109089,109090,Karnataka,Bangalore,North,Apartment,4,1742,274.81,0.16,2009,Semi-furnished,13,18,16,6,10,South,Under_Construction
109133,109134,Karnataka,Bangalore,North,Villa,4,3454,266.4,0.08,2018,Furnished,19,1,7,7,4,South,Ready_to_Move
109243,109244,Karnataka,Bangalore,South-West,Villa,5,1925,441.7,0.23,2019,Furnished,27,29,6,2,7,South,Under_Construction
109267,109268,Karnataka,Bangalore,North,Independent House,5,3418,490.47,0.14,2012,Unfurnished,16,21,13,9,2,East,Under_Construction
109289,109290,Karnataka,Bangalore,North-East,Independent House,1,4803,340.19,0.07,2000,Semi-furnished,8,24,25,7,4,East,Under_Construction
109432,109433,Karnataka,Bangalore,South-West,Apartment,4,3987,232.69,0.06,2021,Furnished,16,18,4,6,4,South,Under_Construction
109465,109466,Karnataka,Bangalore,South-East,Villa,4,1334,125.19,0.09,1994,Furnished,6,28,31,9,9,North,Under_Construction
109475,109476,Karnataka,Bangalore,North-East,Villa,2,4256,172.92,0.04,2011,Furnished,20,14,14,3,4,South,Ready_to_Move
109495,109496,Karnataka,Bangalore,North-East,Apartment,3,4853,469.3,0.1,2014,Furnished,5,23,11,1,4,North,Ready_to_Move
109503,109504,Karnataka,Bangalore,North-East,Villa,4,2581,59.64,0.02,2009,Furnished,7,30,16,6,7,South,Ready_to_Move
109509,109510,Karnataka,Bangalore,South,Apartment,4,2024,370.02,0.18,2015,Semi-furnished,6,16,10,5,1,North,Under_Construction
109693,109694,Karnataka,Bangalore,South,Villa,4,3119,391.81,0.13,2002,Unfurnished,3,19,23,9,5,South,Under_Construction
109800,109801,Karnataka,Bangalore,South,Villa,1,4806,468.76,0.1,1998,Unfurnished,18,18,27,10,7,East,Under_Construction
109925,109926,Karnataka,Bangalore,Central,Villa,3,1949,322.23,0.17,2015,Furnished,10,2,10,9,10,East,Ready_to_Move
110092,110093,Karnataka,Bangalore,North-East,Villa,5,1834,44.09,0.02,2019,Semi-furnished,2,3,6,9,5,West,Ready_to_Move
110167,110168,Karnataka,Bangalore,Central,Villa,1,3211,351.33,0.11,1996,Unfurnished,28,21,29,5,9,South,Ready_to_Move
110225,110226,Karnataka,Bangalore,South-East,Apartment,2,1356,87.16,0.06,2023,Furnished,29,22,2,10,9,North,Under_Construction
110254,110255,Karnataka,Bangalore,North,Villa,5,4928,496.58,0.1,2003,Unfurnished,30,12,22,8,6,North,Ready_to_Move
110507,110508,Karnataka,Bangalore,North-East,Villa,2,1178,56.81,0.05,2001,Furnished,5,9,24,10,2,North,Ready_to_Move
110526,110527,Karnataka,Bangalore,South,Apartment,2,1151,184.8,0.16,2022,Unfurnished,6,10,3,2,9,North,Ready_to_Move
110546,110547,Karnataka,Bangalore,North,Independent House,4,3823,19.2,0.01,2004,Semi-furnished,3,22,21,6,10,West,Ready_to_Move
110606,110607,Karnataka,Bangalore,West,Villa,5,3958,66.74,0.02,1990,Furnished,7,2,35,1,1,West,Under_Construction
110618,110619,Karnataka,Bangalore,South-East,Apartment,3,642,39.31,0.06,2009,Semi-furnished,5,27,16,3,10,West,Ready_to_Move
110698,110699,Karnataka,Bangalore,North,Independent House,2,1950,467.96,0.24,2002,Unfurnished,2,23,23,2,1,South,Ready_to_Move
110757,110758,Karnataka,Bangalore,North-East,Apartment,3,1921,284.65,0.15,1995,Semi-furnished,17,29,30,2,4,West,Under_Construction
110882,110883,Karnataka,Bangalore,South,Villa,3,3086,495.3,0.16,2000,Semi-furnished,7,28,25,7,8,South,Ready_to_Move
111011,111012,Karnataka,Bangalore,Central,Apartment,4,2925,262.23,0.09,2007,Furnished,16,8,18,8,9,North,Ready_to_Move
111037,111038,Karnataka,Bangalore,North-East,Apartment,3,1748,415.41,0.24,2019,Furnished,24,3,6,6,4,North,Ready_to_Move
111197,111198,Karnataka,Bangalore,South,Villa,5,4087,294.11,0.07,2005,Unfurnished,28,7,20,7,10,East,Under_Construction
111252,111253,Karnataka,Bangalore,South,Independent House,3,3508,415.32,0.12,2006,Semi-furnished,17,7,19,6,10,West,Under_Construction
111276,111277,Karnataka,Bangalore,West,Villa,5,4762,364.44,0.08,2014,Semi-furnished,5,29,11,10,2,North,Ready_to_Move
111294,111295,Karnataka,Bangalore,South,Apartment,5,3598,417.06,0.12,1994,Semi-furnished,2,8,31,4,6,North,Under_Construction
111300,111301,Karnataka,Bangalore,South,Independent House,2,1070,156.98,0.15,2000,Semi-furnished,28,4,25,1,1,South,Under_Construction
111395,111396,Karnataka,Bangalore,South-West,Apartment,3,1996,35.69,0.02,2008,Semi-furnished,5,18,17,1,2,North,Ready_to_Move
111576,111577,Karnataka,Bangalore,South,Villa,1,891,15.22,0.02,2013,Furnished,30,11,12,8,8,South,Ready_to_Move
111596,111597,Karnataka,Bangalore,South-East,Villa,1,4506,268.22,0.06,1991,Semi-furnished,19,10,34,10,10,South,Under_Construction
111740,111741,Karnataka,Bangalore,North,Villa,1,4937,360.58,0.07,2012,Unfurnished,18,16,13,1,10,North,Under_Construction
111745,111746,Karnataka,Bangalore,South-East,Apartment,1,3036,372.28,0.12,2003,Semi-furnished,7,1,22,9,8,North,Under_Construction
111797,111798,Karnataka,Bangalore,South-East,Villa,5,1650,127.8,0.08,2003,Furnished,3,26,22,8,7,North,Ready_to_Move
111848,111849,Karnataka,Bangalore,East,Apartment,2,3255,425.35,0.13,2015,Semi-furnished,24,25,10,2,8,South,Ready_to_Move
111856,111857,Karnataka,Bangalore,North,Apartment,3,3015,343.29,0.11,1994,Semi-furnished,16,26,31,9,2,North,Under_Construction
111868,111869,Karnataka,Bangalore,East,Independent House,1,1628,162.11,0.1,2005,Semi-furnished,14,20,20,6,8,East,Ready_to_Move
111896,111897,Karnataka,Bangalore,West,Independent House,5,3707,101.95,0.03,2015,Unfurnished,4,9,10,3,8,West,Under_Construction
112036,112037,Karnataka,Bangalore,South-West,Independent House,4,4984,253.87,0.05,2003,Unfurnished,9,6,22,4,8,North,Ready_to_Move
112042,112043,Karnataka,Bangalore,North,Independent House,1,1104,132.76,0.12,2003,Unfurnished,8,4,22,6,10,South,Ready_to_Move
112139,112140,Karnataka,Bangalore,North,Apartment,1,4223,397.89,0.09,2016,Furnished,21,26,9,3,8,East,Ready_to_Move
112181,112182,Karnataka,Bangalore,East,Villa,4,611,36.23,0.06,1995,Furnished,26,6,30,6,4,North,Ready_to_Move
112203,112204,Karnataka,Bangalore,South-West,Independent House,2,4673,493.03,0.11,2002,Semi-furnished,7,25,23,6,2,East,Ready_to_Move
112320,112321,Karnataka,Bangalore,South-West,Apartment,3,1469,324.09,0.22,2016,Semi-furnished,19,28,9,8,10,North,Under_Construction
112395,112396,Karnataka,Bangalore,North,Villa,4,1904,196.43,0.1,2022,Furnished,3,10,3,2,10,North,Ready_to_Move
112525,112526,Karnataka,Bangalore,North-East,Independent House,5,1629,170.63,0.1,2023,Semi-furnished,14,10,2,8,7,West,Ready_to_Move
112541,112542,Karnataka,Bangalore,South-West,Independent House,2,2788,16.5,0.01,2008,Unfurnished,26,30,17,4,8,South,Under_Construction
112596,112597,Karnataka,Bangalore,East,Independent House,4,1957,183.99,0.09,2020,Furnished,8,18,5,4,8,West,Under_Construction
112612,112613,Karnataka,Bangalore,Central,Independent House,3,2333,228.52,0.1,2015,Semi-furnished,10,14,10,6,1,West,Ready_to_Move
112745,112746,Karnataka,Bangalore,East,Independent House,2,4151,321.42,0.08,2016,Unfurnished,13,24,9,2,10,North,Ready_to_Move
112860,112861,Karnataka,Bangalore,Central,Apartment,5,4679,85.82,0.02,2001,Semi-furnished,6,14,24,7,9,East,Ready_to_Move
112863,112864,Karnataka,Bangalore,South-East,Villa,4,2562,333.82,0.13,1997,Unfurnished,20,2,28,7,3,East,Under_Construction
112907,112908,Karnataka,Bangalore,South-West,Independent House,4,4734,163.76,0.03,2003,Unfurnished,28,18,22,3,10,North,Ready_to_Move
112931,112932,Karnataka,Bangalore,South-West,Villa,3,2332,224.02,0.1,2007,Semi-furnished,29,13,18,10,9,South,Ready_to_Move
112974,112975,Karnataka,Bangalore,Central,Independent House,2,1129,59.69,0.05,2023,Furnished,2,23,2,2,1,North,Ready_to_Move
113090,113091,Karnataka,Bangalore,South,Independent House,1,4809,240.67,0.05,1992,Unfurnished,30,20,33,4,3,North,Ready_to_Move
113092,113093,Karnataka,Bangalore,North-East,Villa,4,4438,458.26,0.1,1992,Furnished,6,28,33,7,2,South,Ready_to_Move
113110,113111,Karnataka,Bangalore,North-East,Villa,3,1774,328.49,0.19,2007,Furnished,9,17,18,3,2,East,Ready_to_Move
113143,113144,Karnataka,Bangalore,South-West,Independent House,1,2359,490.04,0.21,2008,Unfurnished,29,26,17,4,8,East,Ready_to_Move
113152,113153,Karnataka,Bangalore,North,Independent House,5,2480,287.56,0.12,2015,Furnished,26,15,10,10,7,North,Under_Construction
113248,113249,Karnataka,Bangalore,Central,Villa,4,3302,103.39,0.03,2000,Unfurnished,10,20,25,1,4,South,Under_Construction
113265,113266,Karnataka,Bangalore,South,Apartment,3,3948,475.61,0.12,2016,Unfurnished,28,10,9,4,4,North,Ready_to_Move
113419,113420,Karnataka,Bangalore,West,Apartment,4,1985,80.72,0.04,1991,Semi-furnished,9,28,34,4,7,North,Ready_to_Move
113439,113440,Karnataka,Bangalore,North-East,Villa,5,2292,328.73,0.14,1993,Semi-furnished,6,4,32,7,4,North,Under_Construction
113528,113529,Karnataka,Bangalore,North,Apartment,4,1337,14.15,0.01,2012,Unfurnished,29,2,13,1,3,West,Under_Construction
113534,113535,Karnataka,Bangalore,North,Villa,2,2349,27.26,0.01,2019,Unfurnished,20,11,6,10,3,South,Under_Construction
113547,113548,Karnataka,Bangalore,East,Independent House,4,2823,99.97,0.04,2021,Semi-furnished,29,1,4,7,1,North,Under_Construction
113571,113572,Karnataka,Bangalore,South-East,Villa,3,2413,262.53,0.11,2023,Semi-furnished,2,9,2,7,1,East,Ready_to_Move
113608,113609,Karnataka,Bangalore,North-East,Villa,3,1540,96.55,0.06,2021,Furnished,25,29,4,3,2,South,Ready_to_Move
113612,113613,Karnataka,Bangalore,South-West,Villa,3,2511,444.38,0.18,1990,Semi-furnished,23,9,35,6,7,South,Ready_to_Move
113650,113651,Karnataka,Bangalore,East,Apartment,2,3641,137.9,0.04,2009,Furnished,22,30,16,7,2,South,Ready_to_Move
113667,113668,Karnataka,Bangalore,South-West,Villa,5,1374,441.11,0.32,2000,Semi-furnished,28,22,25,6,5,North,Ready_to_Move
113689,113690,Karnataka,Bangalore,Central,Independent House,3,4355,258.57,0.06,2008,Semi-furnished,21,1,17,6,3,West,Under_Construction
113794,113795,Karnataka,Bangalore,South-East,Villa,5,2560,443.34,0.17,2007,Unfurnished,4,25,18,5,1,East,Ready_to_Move
113806,113807,Karnataka,Bangalore,North,Villa,5,1991,153.95,0.08,1997,Semi-furnished,28,23,28,2,3,South,Ready_to_Move
113837,113838,Karnataka,Bangalore,West,Apartment,2,2831,446.13,0.16,2020,Furnished,19,13,5,2,4,East,Under_Construction
113902,113903,Karnataka,Bangalore,North-East,Apartment,2,3602,192.72,0.05,2019,Unfurnished,30,21,6,8,6,West,Ready_to_Move
113916,113917,Karnataka,Bangalore,North,Villa,3,2722,463.0,0.17,2014,Furnished,15,27,11,7,10,East,Ready_to_Move
113997,113998,Karnataka,Bangalore,North,Apartment,2,2183,24.89,0.01,2017,Furnished,2,25,8,5,2,West,Under_Construction
114048,114049,Karnataka,Bangalore,West,Apartment,3,2474,356.89,0.14,2022,Furnished,25,6,3,3,8,West,Under_Construction
114075,114076,Karnataka,Bangalore,South-West,Apartment,1,2993,63.78,0.02,2018,Semi-furnished,8,8,7,9,10,East,Ready_to_Move
114082,114083,Karnataka,Bangalore,South-West,Independent House,1,1728,279.1,0.16,1990,Furnished,2,7,35,1,10,North,Under_Construction
114118,114119,Karnataka,Bangalore,South-East,Villa,2,3074,480.02,0.16,2005,Semi-furnished,27,18,20,10,10,South,Ready_to_Move
114152,114153,Karnataka,Bangalore,South,Villa,4,4877,345.02,0.07,2023,Semi-furnished,4,18,2,6,10,South,Ready_to_Move
114280,114281,Karnataka,Bangalore,East,Apartment,2,839,147.58,0.18,2017,Furnished,2,19,8,9,7,South,Under_Construction
114285,114286,Karnataka,Bangalore,North-East,Apartment,2,534,103.45,0.19,1990,Semi-furnished,20,25,35,9,6,North,Ready_to_Move
114419,114420,Karnataka,Bangalore,South-East,Independent House,3,3799,340.94,0.09,2015,Unfurnished,21,22,10,6,10,West,Under_Construction
114552,114553,Karnataka,Bangalore,South-West,Villa,1,3352,148.06,0.04,1993,Semi-furnished,12,5,32,10,7,West,Under_Construction
114576,114577,Karnataka,Bangalore,East,Villa,4,666,404.66,0.61,2003,Furnished,21,24,22,5,1,South,Ready_to_Move
114583,114584,Karnataka,Bangalore,North-East,Villa,1,699,217.64,0.31,2023,Semi-furnished,8,6,2,3,4,East,Ready_to_Move
114698,114699,Karnataka,Bangalore,East,Apartment,4,4131,415.29,0.1,1995,Semi-furnished,19,13,30,6,5,South,Under_Construction
114858,114859,Karnataka,Bangalore,West,Villa,5,2134,223.38,0.1,2022,Unfurnished,1,25,3,5,5,East,Ready_to_Move
114961,114962,Karnataka,Bangalore,South-East,Apartment,5,3503,440.39,0.13,2023,Semi-furnished,12,15,2,10,3,West,Under_Construction
114964,114965,Karnataka,Bangalore,East,Independent House,1,1600,429.95,0.27,2016,Semi-furnished,2,27,9,10,9,North,Ready_to_Move
115005,115006,Karnataka,Bangalore,North,Apartment,3,3622,325.1,0.09,1996,Unfurnished,1,13,29,2,9,West,Under_Construction
115039,115040,Karnataka,Bangalore,West,Independent House,5,680,200.47,0.29,2023,Semi-furnished,24,19,2,1,6,East,Ready_to_Move
115103,115104,Karnataka,Bangalore,West,Independent House,2,1942,172.36,0.09,2016,Semi-furnished,7,22,9,3,7,South,Under_Construction
115161,115162,Karnataka,Bangalore,North-East,Apartment,4,1018,131.3,0.13,2015,Semi-furnished,3,6,10,4,10,East,Ready_to_Move
115165,115166,Karnataka,Bangalore,South-East,Apartment,1,4529,194.54,0.04,2013,Unfurnished,24,29,12,4,10,North,Under_Construction
115190,115191,Karnataka,Bangalore,North-East,Villa,1,4856,431.53,0.09,2018,Semi-furnished,8,5,7,5,6,East,Ready_to_Move
115207,115208,Karnataka,Bangalore,South,Independent House,5,524,222.32,0.42,1998,Furnished,17,26,27,3,3,South,Ready_to_Move
115244,115245,Karnataka,Bangalore,Central,Apartment,2,986,492.3,0.5,2000,Furnished,11,12,25,9,2,West,Under_Construction
115250,115251,Karnataka,Bangalore,East,Villa,1,4847,249.41,0.05,2011,Unfurnished,13,22,14,7,2,West,Ready_to_Move
115275,115276,Karnataka,Bangalore,South-East,Villa,5,663,16.74,0.03,2021,Semi-furnished,25,27,4,5,1,East,Under_Construction
115281,115282,Karnataka,Bangalore,Central,Independent House,2,1061,212.31,0.2,2019,Semi-furnished,29,15,6,10,2,West,Under_Construction
115378,115379,Karnataka,Bangalore,North,Villa,2,3802,121.51,0.03,1995,Unfurnished,6,15,30,3,1,South,Under_Construction
115442,115443,Karnataka,Bangalore,South-East,Apartment,2,2190,433.57,0.2,2015,Unfurnished,26,4,10,6,6,East,Under_Construction
115470,115471,Karnataka,Bangalore,North,Independent House,2,3653,399.41,0.11,2021,Unfurnished,6,7,4,2,3,North,Under_Construction
115540,115541,Karnataka,Bangalore,West,Apartment,4,2446,192.64,0.08,1998,Unfurnished,27,16,27,2,5,South,Ready_to_Move
115610,115611,Karnataka,Bangalore,South-West,Independent House,3,1668,122.97,0.07,2011,Furnished,3,13,14,1,4,West,Ready_to_Move
115630,115631,Karnataka,Bangalore,South,Independent House,1,3876,154.1,0.04,2009,Unfurnished,24,14,16,1,3,West,Under_Construction
115687,115688,Karnataka,Bangalore,Central,Independent House,5,925,209.51,0.23,2011,Unfurnished,30,6,14,8,7,East,Ready_to_Move
115693,115694,Karnataka,Bangalore,Central,Independent House,3,2821,170.68,0.06,1997,Semi-furnished,5,19,28,4,6,South,Under_Construction
115695,115696,Karnataka,Bangalore,North,Villa,5,2108,45.05,0.02,1993,Unfurnished,25,12,32,9,9,North,Under_Construction
115701,115702,Karnataka,Bangalore,East,Villa,4,1487,451.92,0.3,2013,Semi-furnished,17,23,12,7,6,West,Ready_to_Move
115720,115721,Karnataka,Bangalore,Central,Villa,1,972,13.24,0.01,2002,Unfurnished,25,18,23,6,10,South,Ready_to_Move
115722,115723,Karnataka,Bangalore,South-West,Apartment,5,1727,302.43,0.18,2012,Furnished,3,17,13,4,1,West,Ready_to_Move
115739,115740,Karnataka,Bangalore,East,Villa,3,4622,35.27,0.01,2009,Unfurnished,29,13,16,3,6,East,Under_Construction
115749,115750,Karnataka,Bangalore,South-West,Apartment,4,906,123.23,0.14,1994,Furnished,12,1,31,10,3,South,Under_Construction
115833,115834,Karnataka,Bangalore,North,Apartment,2,4361,57.72,0.01,2001,Unfurnished,2,6,24,1,7,West,Under_Construction
115876,115877,Karnataka,Bangalore,North-East,Independent House,4,3071,130.57,0.04,2000,Unfurnished,28,18,25,5,5,South,Under_Construction
115923,115924,Karnataka,Bangalore,Central,Villa,1,2156,462.07,0.21,1994,Furnished,0,5,31,6,9,East,Ready_to_Move
116027,116028,Karnataka,Bangalore,South,Apartment,2,2736,156.65,0.06,1996,Unfurnished,15,16,29,1,9,East,Ready_to_Move
116060,116061,Karnataka,Bangalore,East,Apartment,3,2373,161.53,0.07,1997,Furnished,15,1,28,7,7,South,Ready_to_Move
116115,116116,Karnataka,Bangalore,East,Villa,2,1188,93.07,0.08,1999,Semi-furnished,1,25,26,8,2,East,Ready_to_Move
116123,116124,Karnataka,Bangalore,East,Apartment,3,3988,262.91,0.07,2009,Semi-furnished,27,6,16,5,3,South,Ready_to_Move
116124,116125,Karnataka,Bangalore,South,Villa,1,4478,300.14,0.07,2002,Semi-furnished,28,21,23,7,10,South,Ready_to_Move
116140,116141,Karnataka,Bangalore,North,Villa,5,1077,82.74,0.08,1994,Unfurnished,24,19,31,3,8,West,Ready_to_Move
116298,116299,Karnataka,Bangalore,West,Independent House,2,2565,72.87,0.03,2003,Unfurnished,23,28,22,10,10,East,Under_Construction
116318,116319,Karnataka,Bangalore,South,Villa,5,2760,209.89,0.08,2002,Unfurnished,12,18,23,4,2,North,Under_Construction
116373,116374,Karnataka,Bangalore,Central,Apartment,4,4775,48.09,0.01,2006,Semi-furnished,28,20,19,1,9,South,Ready_to_Move
116451,116452,Karnataka,Bangalore,Central,Villa,4,3521,289.97,0.08,2004,Furnished,5,1,21,3,10,West,Ready_to_Move
116456,116457,Karnataka,Bangalore,Central,Independent House,5,1445,142.71,0.1,1998,Semi-furnished,2,6,27,8,7,East,Ready_to_Move
116460,116461,Karnataka,Bangalore,North,Villa,1,2553,14.96,0.01,2016,Semi-furnished,24,10,9,8,1,East,Under_Construction
116466,116467,Karnataka,Bangalore,East,Villa,5,2811,408.75,0.15,2014,Furnished,23,14,11,4,2,East,Ready_to_Move
116669,116670,Karnataka,Bangalore,North,Villa,2,2861,66.34,0.02,2002,Semi-furnished,13,10,23,1,7,West,Ready_to_Move
116733,116734,Karnataka,Bangalore,West,Independent House,2,2656,85.06,0.03,2001,Unfurnished,16,20,24,3,7,East,Under_Construction
116763,116764,Karnataka,Bangalore,North-East,Apartment,2,4555,122.19,0.03,1999,Unfurnished,14,2,26,3,5,South,Under_Construction
116799,116800,Karnataka,Bangalore,North-East,Apartment,1,4102,25.33,0.01,2019,Unfurnished,5,5,6,4,8,North,Under_Construction
116818,116819,Karnataka,Bangalore,Central,Independent House,4,2070,446.85,0.22,2007,Semi-furnished,15,7,18,8,4,South,Under_Construction
116824,116825,Karnataka,Bangalore,North-East,Independent House,3,3889,253.11,0.07,2005,Furnished,28,3,20,1,2,South,Under_Construction
116830,116831,Karnataka,Bangalore,West,Independent House,5,2515,314.79,0.13,1997,Furnished,27,25,28,3,2,East,Under_Construction
116836,116837,Karnataka,Bangalore,South-West,Apartment,1,1492,393.72,0.26,1997,Unfurnished,5,9,28,8,1,South,Under_Construction
116960,116961,Karnataka,Bangalore,West,Independent House,4,4245,228.16,0.05,2014,Semi-furnished,27,2,11,8,1,South,Ready_to_Move
116979,116980,Karnataka,Bangalore,Central,Apartment,1,2253,477.75,0.21,1998,Unfurnished,6,21,27,8,7,West,Ready_to_Move
117107,117108,Karnataka,Bangalore,South,Apartment,1,3776,126.37,0.03,1991,Semi-furnished,14,23,34,10,10,North,Under_Construction
117150,117151,Karnataka,Bangalore,North-East,Villa,2,1527,395.53,0.26,2010,Furnished,21,11,15,6,2,South,Ready_to_Move
117279,117280,Karnataka,Bangalore,South-East,Apartment,2,836,167.03,0.2,1990,Furnished,18,5,35,9,8,South,Under_Construction
117304,117305,Karnataka,Bangalore,North-East,Villa,1,4705,282.71,0.06,2018,Furnished,16,26,7,9,10,North,Under_Construction
117350,117351,Karnataka,Bangalore,South-West,Independent House,4,3812,401.38,0.11,2019,Unfurnished,27,16,6,5,6,East,Ready_to_Move
117387,117388,Karnataka,Bangalore,South-East,Apartment,5,1542,481.43,0.31,2013,Unfurnished,9,15,12,10,3,North,Under_Construction
117500,117501,Karnataka,Bangalore,Central,Villa,5,4872,374.61,0.08,1994,Unfurnished,3,8,31,1,8,West,Ready_to_Move
117526,117527,Karnataka,Bangalore,South-East,Independent House,1,928,251.78,0.27,2011,Furnished,21,25,14,7,7,East,Under_Construction
117538,117539,Karnataka,Bangalore,South,Independent House,5,4688,249.74,0.05,2017,Furnished,7,7,8,2,9,East,Ready_to_Move
117655,117656,Karnataka,Bangalore,West,Apartment,5,4287,199.35,0.05,2000,Semi-furnished,24,6,25,7,2,East,Under_Construction
117819,117820,Karnataka,Bangalore,North-East,Independent House,2,1699,163.91,0.1,2001,Furnished,13,24,24,10,6,East,Under_Construction
117956,117957,Karnataka,Bangalore,South-West,Independent House,5,2752,166.9,0.06,1991,Semi-furnished,26,7,34,7,3,East,Ready_to_Move
117959,117960,Karnataka,Bangalore,South,Villa,1,1178,380.62,0.32,2017,Semi-furnished,19,5,8,7,2,South,Under_Construction
117979,117980,Karnataka,Bangalore,North,Villa,1,3261,300.76,0.09,2001,Furnished,24,12,24,2,6,North,Under_Construction
118008,118009,Karnataka,Bangalore,North-East,Apartment,3,804,93.86,0.12,2015,Furnished,19,4,10,9,3,South,Under_Construction
118018,118019,Karnataka,Bangalore,West,Independent House,4,3691,140.69,0.04,2018,Unfurnished,12,6,7,10,8,West,Under_Construction
118034,118035,Karnataka,Bangalore,East,Independent House,2,756,77.46,0.1,1996,Unfurnished,27,1,29,9,2,West,Ready_to_Move
118058,118059,Karnataka,Bangalore,South-East,Villa,5,1651,205.01,0.12,2010,Semi-furnished,20,21,15,10,9,West,Under_Construction
118120,118121,Karnataka,Bangalore,West,Villa,3,1783,322.83,0.18,2004,Furnished,11,26,21,7,4,West,Ready_to_Move
118133,118134,Karnataka,Bangalore,Central,Independent House,2,1874,265.4,0.14,2006,Furnished,25,19,19,10,1,West,Ready_to_Move
118178,118179,Karnataka,Bangalore,East,Villa,4,4936,323.86,0.07,2013,Furnished,1,7,12,4,6,South,Under_Construction
118331,118332,Karnataka,Bangalore,South,Apartment,2,3780,451.55,0.12,2007,Semi-furnished,12,24,18,3,5,South,Ready_to_Move
118493,118494,Karnataka,Bangalore,North,Independent House,1,947,32.44,0.03,2011,Furnished,24,29,14,9,2,West,Under_Construction
118505,118506,Karnataka,Bangalore,North,Villa,1,800,478.55,0.6,1993,Semi-furnished,0,12,32,3,3,West,Under_Construction
118541,118542,Karnataka,Bangalore,East,Apartment,2,3571,19.38,0.01,1996,Unfurnished,9,24,29,8,3,South,Ready_to_Move
118615,118616,Karnataka,Bangalore,South-East,Villa,1,3107,455.45,0.15,2015,Semi-furnished,29,27,10,10,7,North,Under_Construction
118672,118673,Karnataka,Bangalore,North-East,Independent House,1,2453,200.16,0.08,2002,Furnished,6,24,23,6,4,South,Ready_to_Move
118705,118706,Karnataka,Bangalore,West,Independent House,5,1016,35.49,0.03,1997,Semi-furnished,6,12,28,9,2,West,Under_Construction
118741,118742,Karnataka,Bangalore,North,Apartment,1,4491,415.05,0.09,2005,Unfurnished,3,23,20,9,10,West,Ready_to_Move
118748,118749,Karnataka,Bangalore,South-East,Apartment,5,963,63.23,0.07,1997,Semi-furnished,18,8,28,9,6,East,Ready_to_Move
118756,118757,Karnataka,Bangalore,South-West,Independent House,4,2184,274.01,0.13,1991,Unfurnished,17,26,34,7,1,East,Under_Construction
118813,118814,Karnataka,Bangalore,South,Apartment,5,4426,283.27,0.06,2001,Semi-furnished,17,23,24,4,9,West,Ready_to_Move
118922,118923,Karnataka,Bangalore,South-West,Apartment,2,1496,27.59,0.02,2022,Furnished,27,18,3,10,3,South,Under_Construction
119059,119060,Karnataka,Bangalore,South-East,Apartment,3,750,477.83,0.64,1996,Furnished,7,12,29,9,3,East,Under_Construction
119137,119138,Karnataka,Bangalore,North,Independent House,3,2847,482.23,0.17,2022,Furnished,18,2,3,7,10,East,Ready_to_Move
119169,119170,Karnataka,Bangalore,South,Apartment,2,874,459.67,0.53,2010,Unfurnished,14,30,15,4,1,South,Under_Construction
119232,119233,Karnataka,Bangalore,South,Apartment,2,3329,103.94,0.03,2009,Unfurnished,2,19,16,6,2,East,Ready_to_Move
119413,119414,Karnataka,Bangalore,South-East,Villa,5,2357,103.73,0.04,2020,Semi-furnished,29,14,5,5,5,South,Ready_to_Move
119418,119419,Karnataka,Bangalore,North,Villa,2,1109,250.24,0.23,2012,Unfurnished,27,6,13,7,10,North,Ready_to_Move
119609,119610,Karnataka,Bangalore,North-East,Independent House,1,1645,228.22,0.14,2009,Unfurnished,17,15,16,9,1,West,Under_Construction
119665,119666,Karnataka,Bangalore,East,Villa,4,2177,453.44,0.21,2006,Semi-furnished,6,11,19,3,2,North,Ready_to_Move
119709,119710,Karnataka,Bangalore,Central,Villa,2,4745,180.81,0.04,1991,Unfurnished,8,11,34,2,5,East,Ready_to_Move
119717,119718,Karnataka,Bangalore,Central,Independent House,2,534,210.64,0.39,1992,Furnished,3,3,33,10,9,East,Ready_to_Move
119729,119730,Karnataka,Bangalore,South,Independent House,4,3897,436.02,0.11,2005,Unfurnished,5,17,20,9,5,East,Ready_to_Move
119912,119913,Karnataka,Bangalore,South,Villa,3,1717,59.02,0.03,2015,Furnished,19,16,10,1,5,West,Ready_to_Move
119966,119967,Karnataka,Bangalore,West,Villa,1,3749,497.38,0.13,2005,Furnished,25,4,20,8,1,South,Ready_to_Move
119977,119978,Karnataka,Bangalore,North-East,Independent House,4,1609,17.47,0.01,1992,Unfurnished,1,15,33,7,4,East,Under_Construction
119989,119990,Karnataka,Bangalore,South,Apartment,5,1523,234.34,0.15,2020,Furnished,13,2,5,2,6,West,Under_Construction
119995,119996,Karnataka,Bangalore,South-East,Villa,5,4040,440.66,0.11,2008,Semi-furnished,11,8,17,7,8,North,Ready_to_Move
120045,120046,Karnataka,Bangalore,North,Independent House,1,922,401.04,0.43,2005,Furnished,0,15,20,2,1,North,Under_Construction
120094,120095,Karnataka,Bangalore,South,Apartment,3,4356,400.07,0.09,2006,Semi-furnished,17,6,19,2,7,South,Under_Construction
120108,120109,Karnataka,Bangalore,North,Apartment,2,4028,405.7,0.1,2016,Unfurnished,4,25,9,1,1,North,Under_Construction
120143,120144,Karnataka,Bangalore,North,Villa,3,2202,313.45,0.14,2009,Unfurnished,22,24,16,3,1,East,Ready_to_Move
120172,120173,Karnataka,Bangalore,North,Apartment,3,601,322.91,0.54,2016,Semi-furnished,19,5,9,8,6,North,Ready_to_Move
120173,120174,Karnataka,Bangalore,North,Apartment,1,2205,459.08,0.21,2012,Unfurnished,13,15,13,2,2,South,Under_Construction
120206,120207,Karnataka,Bangalore,South-East,Apartment,5,4518,491.26,0.11,2002,Furnished,28,11,23,5,4,South,Under_Construction
120360,120361,Karnataka,Bangalore,South-East,Independent House,4,2611,318.4,0.12,2023,Unfurnished,12,28,2,4,5,East,Under_Construction
120378,120379,Karnataka,Bangalore,South,Villa,5,2060,408.31,0.2,2013,Unfurnished,7,20,12,4,5,North,Ready_to_Move
120445,120446,Karnataka,Bangalore,North,Apartment,5,2207,278.71,0.13,2002,Unfurnished,27,14,23,5,2,West,Ready_to_Move
120447,120448,Karnataka,Bangalore,South-East,Independent House,5,3644,143.79,0.04,2019,Unfurnished,14,22,6,6,5,West,Ready_to_Move
120473,120474,Karnataka,Bangalore,Central,Apartment,2,4315,387.12,0.09,2000,Furnished,2,12,25,6,10,East,Under_Construction
120528,120529,Karnataka,Bangalore,East,Villa,2,3572,197.13,0.06,2016,Furnished,1,25,9,5,8,East,Ready_to_Move
120580,120581,Karnataka,Bangalore,South-West,Independent House,1,3917,215.57,0.06,2015,Unfurnished,9,27,10,4,2,East,Ready_to_Move
120605,120606,Karnataka,Bangalore,South,Independent House,1,4250,115.78,0.03,2010,Furnished,8,18,15,5,10,South,Under_Construction
120627,120628,Karnataka,Bangalore,East,Independent House,5,3957,392.8,0.1,1996,Semi-furnished,29,26,29,6,2,South,Under_Construction
120709,120710,Karnataka,Bangalore,North,Apartment,4,4648,474.69,0.1,1999,Furnished,5,15,26,8,4,South,Ready_to_Move
120742,120743,Karnataka,Bangalore,North,Independent House,4,1110,88.27,0.08,2010,Unfurnished,14,30,15,5,2,West,Under_Construction
120842,120843,Karnataka,Bangalore,South-East,Villa,4,4739,272.59,0.06,2011,Furnished,14,8,14,3,4,West,Under_Construction
120985,120986,Karnataka,Bangalore,Central,Apartment,4,1257,468.82,0.37,2001,Semi-furnished,3,4,24,6,7,North,Under_Construction
121044,121045,Karnataka,Bangalore,Central,Apartment,5,2934,387.48,0.13,2013,Furnished,4,15,12,1,2,South,Ready_to_Move
121095,121096,Karnataka,Bangalore,South,Villa,1,3733,81.27,0.02,2011,Unfurnished,23,28,14,6,2,East,Under_Construction
121103,121104,Karnataka,Bangalore,South-East,Villa,3,3229,39.16,0.01,2012,Unfurnished,24,25,13,8,3,South,Under_Construction
121119,121120,Karnataka,Bangalore,Central,Apartment,1,3906,269.54,0.07,2008,Semi-furnished,13,26,17,5,6,South,Under_Construction
121154,121155,Karnataka,Bangalore,North-East,Independent House,2,3524,83.99,0.02,2007,Semi-furnished,22,10,18,8,9,South,Under_Construction
121199,121200,Karnataka,Bangalore,Central,Apartment,4,4332,30.89,0.01,2006,Semi-furnished,21,7,19,8,9,East,Under_Construction
121297,121298,Karnataka,Bangalore,West,Apartment,3,2557,284.81,0.11,1997,Furnished,21,12,28,5,10,South,Under_Construction
121415,121416,Karnataka,Bangalore,East,Independent House,2,832,480.42,0.58,1994,Unfurnished,7,11,31,10,1,West,Under_Construction
121515,121516,Karnataka,Bangalore,South-East,Independent House,2,1534,472.63,0.31,1990,Unfurnished,10,22,35,3,3,North,Ready_to_Move
121541,121542,Karnataka,Bangalore,East,Independent House,2,3554,96.3,0.03,2023,Semi-furnished,14,12,2,9,6,North,Ready_to_Move
121644,121645,Karnataka,Bangalore,South-East,Independent House,1,641,485.06,0.76,2014,Semi-furnished,7,19,11,10,10,South,Ready_to_Move
121900,121901,Karnataka,Bangalore,North,Independent House,2,1509,200.68,0.13,2011,Unfurnished,9,6,14,9,8,South,Ready_to_Move
121923,121924,Karnataka,Bangalore,North-East,Apartment,1,1261,447.56,0.35,1995,Furnished,2,18,30,8,4,North,Under_Construction
121976,121977,Karnataka,Bangalore,South,Apartment,3,3195,132.22,0.04,2013,Unfurnished,19,25,12,9,8,West,Under_Construction
121998,121999,Karnataka,Bangalore,North,Independent House,1,2298,462.52,0.2,2017,Furnished,17,26,8,1,10,West,Under_Construction
122053,122054,Karnataka,Bangalore,South-West,Apartment,5,4369,285.18,0.07,2000,Semi-furnished,28,12,25,3,2,North,Ready_to_Move
122143,122144,Karnataka,Bangalore,South,Apartment,4,4394,181.64,0.04,2010,Unfurnished,14,18,15,2,10,West,Under_Construction
122160,122161,Karnataka,Bangalore,Central,Independent House,2,3753,169.02,0.05,2001,Semi-furnished,12,26,24,10,8,North,Under_Construction
122214,122215,Karnataka,Bangalore,South-East,Villa,4,3306,74.87,0.02,2019,Furnished,4,27,6,10,7,West,Ready_to_Move
122305,122306,Karnataka,Bangalore,North-East,Villa,5,1853,64.7,0.03,2015,Furnished,26,19,10,4,3,North,Ready_to_Move
122352,122353,Karnataka,Bangalore,North-East,Villa,4,2196,167.49,0.08,2016,Semi-furnished,4,27,9,4,6,South,Ready_to_Move
122444,122445,Karnataka,Bangalore,North,Villa,3,3063,430.75,0.14,2022,Unfurnished,9,18,3,4,8,North,Under_Construction
122468,122469,Karnataka,Bangalore,North,Villa,3,1892,379.62,0.2,2008,Furnished,13,27,17,4,3,South,Ready_to_Move
122533,122534,Karnataka,Bangalore,South-East,Villa,5,3122,78.11,0.03,1994,Furnished,11,17,31,10,5,North,Under_Construction
122618,122619,Karnataka,Bangalore,South-West,Villa,1,2524,145.38,0.06,1997,Unfurnished,5,18,28,8,7,West,Ready_to_Move
122687,122688,Karnataka,Bangalore,South,Villa,1,3896,381.22,0.1,1993,Semi-furnished,2,1,32,8,3,North,Under_Construction
122706,122707,Karnataka,Bangalore,South-West,Apartment,3,4564,336.29,0.07,2005,Furnished,17,25,20,8,9,South,Under_Construction
122795,122796,Karnataka,Bangalore,Central,Apartment,1,773,20.78,0.03,2019,Furnished,8,29,6,7,2,West,Ready_to_Move
122923,122924,Karnataka,Bangalore,West,Villa,3,4231,10.59,0.0,2020,Furnished,15,6,5,4,4,North,Under_Construction
122977,122978,Karnataka,Bangalore,South,Independent House,5,2467,432.91,0.18,2008,Unfurnished,17,12,17,8,8,West,Ready_to_Move
123077,123078,Karnataka,Bangalore,East,Villa,3,1985,195.38,0.1,2015,Unfurnished,17,3,10,4,9,South,Ready_to_Move
123114,123115,Karnataka,Bangalore,North-East,Independent House,1,4874,293.68,0.06,2000,Unfurnished,13,22,25,9,5,West,Ready_to_Move
123131,123132,Karnataka,Bangalore,South,Apartment,4,1061,440.6,0.42,2007,Furnished,30,18,18,1,10,West,Under_Construction
123266,123267,Karnataka,Bangalore,North-East,Apartment,2,2639,193.78,0.07,2002,Semi-furnished,12,8,23,9,6,West,Under_Construction
123400,123401,Karnataka,Bangalore,North,Independent House,1,531,415.41,0.78,2020,Semi-furnished,6,19,5,8,3,West,Under_Construction
123414,123415,Karnataka,Bangalore,North,Independent House,2,1969,211.59,0.11,1998,Unfurnished,8,9,27,1,6,South,Under_Construction
123504,123505,Karnataka,Bangalore,North-East,Villa,4,3814,32.74,0.01,1992,Furnished,24,5,33,9,8,South,Under_Construction
123534,123535,Karnataka,Bangalore,South-West,Villa,3,3601,337.43,0.09,2016,Furnished,24,1,9,5,5,North,Ready_to_Move
123686,123687,Karnataka,Bangalore,East,Apartment,1,1962,367.38,0.19,1999,Semi-furnished,2,9,26,3,10,South,Under_Construction
123742,123743,Karnataka,Bangalore,South-East,Villa,1,945,438.4,0.46,1998,Furnished,19,21,27,4,1,East,Under_Construction
123837,123838,Karnataka,Bangalore,East,Independent House,5,1184,86.58,0.07,2018,Semi-furnished,5,30,7,4,8,South,Ready_to_Move
123862,123863,Karnataka,Bangalore,South-West,Villa,5,4682,444.81,0.1,2012,Furnished,0,23,13,6,2,North,Ready_to_Move
123882,123883,Karnataka,Bangalore,Central,Apartment,1,1539,412.68,0.27,2006,Unfurnished,20,16,19,5,3,East,Ready_to_Move
123943,123944,Karnataka,Bangalore,South-West,Independent House,2,4193,255.5,0.06,1990,Semi-furnished,3,19,35,7,7,West,Ready_to_Move
124049,124050,Karnataka,Bangalore,South,Independent House,5,1485,283.09,0.19,1992,Furnished,4,27,33,8,2,South,Ready_to_Move
124269,124270,Karnataka,Bangalore,East,Apartment,4,3285,132.98,0.04,2003,Furnished,22,18,22,6,9,North,Under_Construction
124393,124394,Karnataka,Bangalore,South-West,Apartment,3,906,151.73,0.17,1999,Furnished,8,22,26,4,8,West,Under_Construction
124458,124459,Karnataka,Bangalore,West,Apartment,5,1231,116.49,0.09,2004,Unfurnished,7,8,21,4,3,North,Under_Construction
124533,124534,Karnataka,Bangalore,South-West,Independent House,1,3834,187.32,0.05,2022,Furnished,4,25,3,9,2,North,Ready_to_Move
124659,124660,Karnataka,Bangalore,West,Independent House,4,607,493.18,0.81,2003,Semi-furnished,25,8,22,7,8,South,Ready_to_Move
124713,124714,Karnataka,Bangalore,South-West,Apartment,2,1958,434.85,0.22,2019,Semi-furnished,16,11,6,2,4,East,Under_Construction
124716,124717,Karnataka,Bangalore,South-East,Independent House,5,4661,327.48,0.07,2012,Furnished,28,22,13,4,1,North,Ready_to_Move
124775,124776,Karnataka,Bangalore,South-East,Villa,3,2632,340.14,0.13,2002,Semi-furnished,29,13,23,3,3,West,Ready_to_Move
124785,124786,Karnataka,Bangalore,South,Independent House,2,1551,157.73,0.1,1990,Unfurnished,2,6,35,10,3,North,Ready_to_Move
124805,124806,Karnataka,Bangalore,North,Villa,5,1875,296.47,0.16,1995,Semi-furnished,13,22,30,10,1,East,Under_Construction
124826,124827,Karnataka,Bangalore,West,Villa,2,4323,481.7,0.11,2001,Unfurnished,17,17,24,2,3,West,Under_Construction
124969,124970,Karnataka,Bangalore,West,Independent House,2,4728,413.64,0.09,2007,Furnished,22,25,18,1,6,West,Ready_to_Move
125044,125045,Karnataka,Bangalore,East,Apartment,5,4814,461.69,0.1,2004,Semi-furnished,17,10,21,2,2,South,Ready_to_Move
125054,125055,Karnataka,Bangalore,South-West,Apartment,3,1960,316.71,0.16,2001,Semi-furnished,12,22,24,3,9,East,Under_Construction
125135,125136,Karnataka,Bangalore,South-West,Villa,5,2942,389.36,0.13,1997,Unfurnished,25,4,28,2,8,North,Ready_to_Move
125309,125310,Karnataka,Bangalore,South,Apartment,1,1058,173.95,0.16,2013,Semi-furnished,3,29,12,4,8,West,Under_Construction
125371,125372,Karnataka,Bangalore,North,Apartment,2,1962,315.08,0.16,1999,Unfurnished,30,29,26,9,10,East,Under_Construction
125387,125388,Karnataka,Bangalore,South,Villa,1,2113,368.96,0.17,2015,Unfurnished,21,5,10,3,7,East,Under_Construction
125400,125401,Karnataka,Bangalore,South-West,Villa,3,4395,395.39,0.09,2016,Semi-furnished,2,17,9,9,3,North,Ready_to_Move
125412,125413,Karnataka,Bangalore,South-West,Apartment,3,3289,384.08,0.12,1994,Unfurnished,4,11,31,6,8,North,Under_Construction
125414,125415,Karnataka,Bangalore,South-West,Apartment,2,2409,146.27,0.06,1996,Furnished,14,28,29,2,2,East,Ready_to_Move
125477,125478,Karnataka,Bangalore,Central,Apartment,2,4206,95.46,0.02,1997,Furnished,18,28,28,8,5,West,Under_Construction
125497,125498,Karnataka,Bangalore,North-East,Apartment,4,2709,462.15,0.17,2012,Furnished,26,25,13,10,7,North,Ready_to_Move
125520,125521,Karnataka,Bangalore,South-West,Villa,3,3223,386.76,0.12,1993,Unfurnished,14,4,32,10,2,West,Under_Construction
125551,125552,Karnataka,Bangalore,Central,Apartment,4,4070,441.24,0.11,1990,Semi-furnished,0,28,35,5,6,West,Ready_to_Move
125558,125559,Karnataka,Bangalore,South,Independent House,1,3328,69.57,0.02,2002,Semi-furnished,23,24,23,3,7,West,Ready_to_Move
125563,125564,Karnataka,Bangalore,South,Independent House,4,1225,433.28,0.35,2013,Furnished,0,21,12,10,7,West,Under_Construction
125567,125568,Karnataka,Bangalore,North,Independent House,3,994,109.88,0.11,2016,Furnished,24,28,9,7,4,East,Under_Construction
125672,125673,Karnataka,Bangalore,West,Independent House,2,1042,243.58,0.23,1999,Semi-furnished,17,13,26,3,2,East,Under_Construction
125752,125753,Karnataka,Bangalore,North-East,Independent House,4,554,221.36,0.4,2021,Semi-furnished,28,16,4,8,4,North,Under_Construction
125761,125762,Karnataka,Bangalore,South,Apartment,1,4208,232.73,0.06,1998,Semi-furnished,14,7,27,2,7,North,Ready_to_Move
125766,125767,Karnataka,Bangalore,West,Apartment,5,3062,311.65,0.1,2008,Unfurnished,19,19,17,4,5,East,Under_Construction
125860,125861,Karnataka,Bangalore,North-East,Independent House,2,2330,385.98,0.17,2004,Unfurnished,24,11,21,5,4,South,Under_Construction
125915,125916,Karnataka,Bangalore,East,Villa,2,2090,188.42,0.09,2017,Furnished,0,3,8,6,4,North,Ready_to_Move
125990,125991,Karnataka,Bangalore,South-East,Apartment,1,3616,111.7,0.03,2009,Semi-furnished,23,4,16,7,9,South,Under_Construction
126081,126082,Karnataka,Bangalore,South-East,Apartment,4,1714,288.12,0.17,2016,Furnished,19,24,9,9,2,East,Ready_to_Move
126132,126133,Karnataka,Bangalore,South,Villa,3,4195,61.5,0.01,2008,Furnished,16,23,17,2,2,South,Under_Construction
126176,126177,Karnataka,Bangalore,South-West,Independent House,3,1621,219.36,0.14,2019,Semi-furnished,28,17,6,9,5,North,Ready_to_Move
126264,126265,Karnataka,Bangalore,South,Apartment,4,1843,275.74,0.15,2000,Furnished,9,22,25,5,9,North,Ready_to_Move
126307,126308,Karnataka,Bangalore,North,Independent House,1,2439,459.05,0.19,2009,Semi-furnished,20,30,16,1,8,South,Ready_to_Move
126345,126346,Karnataka,Bangalore,South-East,Apartment,2,3937,310.87,0.08,2023,Unfurnished,26,6,2,7,3,East,Ready_to_Move
126349,126350,Karnataka,Bangalore,East,Apartment,2,3602,367.08,0.1,1991,Furnished,11,23,34,2,7,South,Under_Construction
126360,126361,Karnataka,Bangalore,West,Apartment,1,2471,345.37,0.14,1990,Unfurnished,3,24,35,10,3,South,Ready_to_Move
126374,126375,Karnataka,Bangalore,North-East,Independent House,4,2032,216.44,0.11,2009,Semi-furnished,0,29,16,5,6,East,Ready_to_Move
126392,126393,Karnataka,Bangalore,West,Independent House,1,3988,362.21,0.09,1997,Semi-furnished,15,7,28,6,6,South,Under_Construction
126436,126437,Karnataka,Bangalore,North-East,Independent House,3,2092,401.65,0.19,2016,Unfurnished,8,4,9,2,4,West,Under_Construction
126549,126550,Karnataka,Bangalore,West,Villa,2,2501,183.06,0.07,2015,Furnished,13,16,10,4,1,East,Ready_to_Move
126602,126603,Karnataka,Bangalore,North,Independent House,4,2530,287.64,0.11,2002,Semi-furnished,10,7,23,5,7,North,Under_Construction
126623,126624,Karnataka,Bangalore,South-East,Villa,3,4452,163.02,0.04,2014,Semi-furnished,3,21,11,6,6,East,Ready_to_Move
126646,126647,Karnataka,Bangalore,East,Independent House,3,4942,458.22,0.09,2014,Furnished,21,1,11,4,5,East,Ready_to_Move
126672,126673,Karnataka,Bangalore,East,Villa,3,1290,211.35,0.16,2009,Unfurnished,21,13,16,9,5,West,Under_Construction
126692,126693,Karnataka,Bangalore,East,Villa,3,506,202.01,0.4,2000,Furnished,18,24,25,10,5,South,Ready_to_Move
126695,126696,Karnataka,Bangalore,South,Apartment,4,1980,405.43,0.2,2005,Semi-furnished,5,27,20,5,2,North,Under_Construction
126704,126705,Karnataka,Bangalore,South-West,Independent House,5,4205,443.09,0.11,2002,Unfurnished,10,22,23,7,6,South,Under_Construction
126734,126735,Karnataka,Bangalore,West,Independent House,2,1070,404.05,0.38,2007,Unfurnished,17,15,18,4,9,North,Ready_to_Move
126984,126985,Karnataka,Bangalore,East,Independent House,1,2469,367.87,0.15,2013,Furnished,4,27,12,9,9,North,Under_Construction
127226,127227,Karnataka,Bangalore,South,Villa,2,1161,138.84,0.12,2021,Semi-furnished,21,11,4,6,1,East,Under_Construction
127367,127368,Karnataka,Bangalore,North,Apartment,4,560,180.94,0.32,1996,Semi-furnished,9,23,29,6,2,East,Under_Construction
127434,127435,Karnataka,Bangalore,Central,Villa,3,4845,487.5,0.1,1994,Furnished,28,2,31,3,4,West,Under_Construction
127441,127442,Karnataka,Bangalore,East,Villa,2,2547,22.1,0.01,2005,Furnished,9,21,20,7,4,East,Under_Construction
127508,127509,Karnataka,Bangalore,South-West,Independent House,2,3105,223.46,0.07,1994,Unfurnished,16,6,31,1,1,South,Under_Construction
127525,127526,Karnataka,Bangalore,Central,Independent House,2,4084,286.61,0.07,2019,Semi-furnished,14,13,6,6,2,West,Ready_to_Move
127571,127572,Karnataka,Bangalore,North-East,Villa,3,3628,323.45,0.09,2013,Unfurnished,17,27,12,9,5,West,Ready_to_Move
127593,127594,Karnataka,Bangalore,Central,Apartment,1,3181,470.83,0.15,2002,Unfurnished,26,8,23,4,5,South,Ready_to_Move
127619,127620,Karnataka,Bangalore,South,Apartment,4,781,241.92,0.31,2008,Semi-furnished,17,8,17,3,4,South,Ready_to_Move
127650,127651,Karnataka,Bangalore,East,Independent House,3,1983,31.45,0.02,1998,Semi-furnished,30,20,27,2,7,South,Ready_to_Move
127664,127665,Karnataka,Bangalore,North-East,Villa,3,1292,32.87,0.03,2012,Furnished,27,23,13,1,1,North,Ready_to_Move
127667,127668,Karnataka,Bangalore,Central,Independent House,5,4161,377.59,0.09,2011,Semi-furnished,30,15,14,3,9,North,Under_Construction
127698,127699,Karnataka,Bangalore,South-West,Apartment,3,4395,156.45,0.04,2023,Unfurnished,2,12,2,6,4,East,Under_Construction
127705,127706,Karnataka,Bangalore,East,Independent House,5,1123,36.67,0.03,2011,Semi-furnished,9,2,14,6,4,South,Ready_to_Move
127750,127751,Karnataka,Bangalore,Central,Villa,5,4255,100.64,0.02,2019,Semi-furnished,17,14,6,10,4,South,Ready_to_Move
127786,127787,Karnataka,Bangalore,East,Villa,3,896,310.01,0.35,2000,Furnished,26,11,25,10,6,East,Ready_to_Move
127852,127853,Karnataka,Bangalore,Central,Apartment,3,2465,304.6,0.12,2011,Unfurnished,3,13,14,3,10,West,Under_Construction
127869,127870,Karnataka,Bangalore,South-East,Villa,5,4965,175.98,0.04,2017,Furnished,23,20,8,6,3,North,Under_Construction
127879,127880,Karnataka,Bangalore,South-East,Independent House,2,504,29.98,0.06,1997,Furnished,29,14,28,8,2,North,Ready_to_Move
127900,127901,Karnataka,Bangalore,West,Independent House,5,1394,476.43,0.34,2012,Furnished,12,26,13,7,3,North,Ready_to_Move
128004,128005,Karnataka,Bangalore,South-East,Independent House,1,1534,187.65,0.12,2020,Unfurnished,29,8,5,3,6,East,Under_Construction
128203,128204,Karnataka,Bangalore,East,Apartment,1,2193,278.68,0.13,2015,Furnished,2,15,10,5,5,East,Ready_to_Move
128207,128208,Karnataka,Bangalore,East,Apartment,3,3229,212.88,0.07,1999,Unfurnished,21,23,26,3,2,South,Under_Construction
128348,128349,Karnataka,Bangalore,South-West,Independent House,5,642,152.81,0.24,2023,Unfurnished,17,18,2,8,8,East,Under_Construction
128446,128447,Karnataka,Bangalore,Central,Villa,3,3581,294.99,0.08,1990,Unfurnished,10,26,35,1,8,North,Ready_to_Move
128460,128461,Karnataka,Bangalore,East,Villa,2,553,469.09,0.85,2006,Furnished,3,1,19,10,7,West,Ready_to_Move
128499,128500,Karnataka,Bangalore,West,Apartment,3,808,492.62,0.61,2017,Unfurnished,21,13,8,9,10,North,Ready_to_Move
128556,128557,Karnataka,Bangalore,West,Independent House,3,876,425.11,0.49,2012,Semi-furnished,15,13,13,3,4,North,Under_Construction
128580,128581,Karnataka,Bangalore,North,Independent House,1,4392,392.32,0.09,2000,Furnished,12,11,25,2,8,East,Under_Construction
128595,128596,Karnataka,Bangalore,North,Apartment,2,3480,103.9,0.03,2003,Unfurnished,29,27,22,7,5,East,Ready_to_Move
128697,128698,Karnataka,Bangalore,West,Independent House,3,2004,244.23,0.12,2007,Unfurnished,27,20,18,2,3,North,Ready_to_Move
128794,128795,Karnataka,Bangalore,South-East,Villa,2,2560,158.61,0.06,1999,Semi-furnished,2,5,26,6,3,North,Ready_to_Move
128870,128871,Karnataka,Bangalore,North,Apartment,1,2315,474.76,0.21,2016,Unfurnished,5,25,9,9,8,South,Under_Construction
129101,129102,Karnataka,Bangalore,South,Independent House,1,3216,367.02,0.11,2019,Unfurnished,17,30,6,3,7,South,Ready_to_Move
129133,129134,Karnataka,Bangalore,South,Villa,2,1898,498.4,0.26,2019,Semi-furnished,2,19,6,2,8,South,Under_Construction
129159,129160,Karnataka,Bangalore,South-West,Villa,1,2698,306.64,0.11,2000,Unfurnished,0,26,25,6,10,West,Ready_to_Move
129171,129172,Karnataka,Bangalore,South-East,Apartment,1,1301,492.45,0.38,2016,Furnished,14,9,9,5,9,West,Ready_to_Move
129249,129250,Karnataka,Bangalore,Central,Independent House,2,1991,328.58,0.17,1990,Semi-furnished,4,20,35,9,10,West,Under_Construction
129282,129283,Karnataka,Bangalore,South,Apartment,2,1019,422.06,0.41,2010,Unfurnished,22,1,15,8,8,North,Ready_to_Move
129325,129326,Karnataka,Bangalore,South,Independent House,4,3469,467.79,0.13,2023,Unfurnished,16,4,2,1,3,North,Under_Construction
129463,129464,Karnataka,Bangalore,North,Villa,2,2337,33.18,0.01,2015,Semi-furnished,6,23,10,8,10,South,Under_Construction
129527,129528,Karnataka,Bangalore,South-East,Apartment,3,2835,247.13,0.09,2022,Semi-furnished,9,15,3,5,8,North,Ready_to_Move
129637,129638,Karnataka,Bangalore,South-West,Villa,1,1441,71.0,0.05,1993,Unfurnished,10,16,32,6,9,East,Ready_to_Move
129719,129720,Karnataka,Bangalore,South-West,Apartment,3,1644,149.72,0.09,2015,Furnished,17,8,10,6,10,West,Ready_to_Move
129758,129759,Karnataka,Bangalore,West,Apartment,1,4363,155.44,0.04,1991,Semi-furnished,14,30,34,9,7,West,Ready_to_Move
129794,129795,Karnataka,Bangalore,South-East,Independent House,5,778,477.58,0.61,2020,Semi-furnished,23,2,5,4,5,East,Ready_to_Move
129819,129820,Karnataka,Bangalore,North,Apartment,5,2617,491.41,0.19,2005,Semi-furnished,12,22,20,5,8,West,Ready_to_Move
129820,129821,Karnataka,Bangalore,North-East,Villa,4,1627,254.23,0.16,2011,Furnished,11,12,14,3,4,South,Ready_to_Move
129858,129859,Karnataka,Bangalore,South,Independent House,1,1667,411.39,0.25,2009,Semi-furnished,8,13,16,7,8,South,Under_Construction
129865,129866,Karnataka,Bangalore,Central,Apartment,2,1282,445.61,0.35,1994,Furnished,4,23,31,4,2,South,Under_Construction
130014,130015,Karnataka,Bangalore,Central,Apartment,1,3545,94.91,0.03,2007,Unfurnished,17,29,18,8,7,West,Ready_to_Move
130018,130019,Karnataka,Bangalore,South-East,Villa,4,2810,424.72,0.15,1992,Furnished,11,4,33,1,10,West,Under_Construction
130167,130168,Karnataka,Bangalore,South-West,Villa,4,4502,306.26,0.07,1991,Semi-furnished,3,10,34,4,5,East,Under_Construction
130227,130228,Karnataka,Bangalore,South,Villa,5,3406,436.98,0.13,2011,Semi-furnished,1,27,14,7,9,South,Under_Construction
130247,130248,Karnataka,Bangalore,East,Apartment,3,3408,83.29,0.02,2013,Furnished,27,7,12,6,7,South,Ready_to_Move
130260,130261,Karnataka,Bangalore,West,Apartment,1,3362,209.03,0.06,2010,Furnished,15,15,15,2,6,West,Ready_to_Move
130359,130360,Karnataka,Bangalore,East,Villa,3,3325,139.07,0.04,1990,Furnished,30,28,35,2,4,East,Ready_to_Move
130464,130465,Karnataka,Bangalore,South,Villa,3,3666,380.49,0.1,1994,Semi-furnished,17,19,31,5,3,West,Under_Construction
130581,130582,Karnataka,Bangalore,North,Apartment,1,4482,236.15,0.05,2013,Furnished,22,27,12,2,1,West,Ready_to_Move
130603,130604,Karnataka,Bangalore,Central,Villa,2,2577,104.92,0.04,2011,Unfurnished,23,21,14,3,8,South,Under_Construction
130657,130658,Karnataka,Bangalore,West,Independent House,5,3069,183.54,0.06,2013,Semi-furnished,15,19,12,10,5,East,Ready_to_Move
130658,130659,Karnataka,Bangalore,Central,Independent House,1,1136,418.38,0.37,2023,Furnished,23,13,2,1,8,North,Under_Construction
130707,130708,Karnataka,Bangalore,Central,Villa,3,4308,155.85,0.04,2008,Semi-furnished,13,5,17,5,9,West,Under_Construction
130744,130745,Karnataka,Bangalore,South,Villa,3,4079,351.61,0.09,2005,Furnished,10,22,20,6,10,West,Under_Construction
130810,130811,Karnataka,Bangalore,North,Villa,2,1002,358.92,0.36,2004,Semi-furnished,13,13,21,7,7,North,Ready_to_Move
130829,130830,Karnataka,Bangalore,East,Apartment,1,2565,461.77,0.18,2000,Unfurnished,18,2,25,4,4,East,Ready_to_Move
130873,130874,Karnataka,Bangalore,South,Apartment,3,3736,453.01,0.12,2009,Semi-furnished,6,12,16,9,2,South,Under_Construction
130913,130914,Karnataka,Bangalore,West,Independent House,2,1673,453.62,0.27,2012,Furnished,14,11,13,8,2,North,Under_Construction
130915,130916,Karnataka,Bangalore,North,Apartment,3,2182,84.25,0.04,2002,Unfurnished,0,2,23,6,2,East,Ready_to_Move
130924,130925,Karnataka,Bangalore,South,Apartment,4,632,100.55,0.16,2004,Furnished,5,11,21,2,4,East,Ready_to_Move
131026,131027,Karnataka,Bangalore,Central,Independent House,2,2377,259.75,0.11,2001,Furnished,1,8,24,6,4,South,Ready_to_Move
131050,131051,Karnataka,Bangalore,South,Apartment,4,4593,83.02,0.02,1991,Furnished,30,21,34,4,1,North,Ready_to_Move
131071,131072,Karnataka,Bangalore,South-East,Apartment,1,2870,286.11,0.1,1999,Semi-furnished,0,20,26,9,9,South,Ready_to_Move
131229,131230,Karnataka,Bangalore,South-West,Villa,4,3906,225.9,0.06,2019,Unfurnished,3,2,6,6,4,South,Under_Construction
131489,131490,Karnataka,Bangalore,Central,Villa,5,2127,139.24,0.07,2022,Semi-furnished,18,11,3,8,4,East,Under_Construction
131515,131516,Karnataka,Bangalore,South,Apartment,4,621,305.39,0.49,2020,Furnished,15,10,5,5,5,North,Under_Construction
131536,131537,Karnataka,Bangalore,South,Apartment,5,3240,55.7,0.02,1999,Furnished,14,18,26,5,3,North,Ready_to_Move
131551,131552,Karnataka,Bangalore,South-West,Apartment,2,885,202.42,0.23,2000,Unfurnished,23,26,25,10,2,South,Ready_to_Move
131576,131577,Karnataka,Bangalore,South,Apartment,4,793,240.57,0.3,1991,Furnished,26,30,34,9,2,North,Under_Construction
131622,131623,Karnataka,Bangalore,West,Villa,1,1364,317.55,0.23,1994,Unfurnished,30,23,31,5,2,East,Under_Construction
131762,131763,Karnataka,Bangalore,Central,Independent House,3,1812,95.35,0.05,2022,Furnished,29,11,3,6,3,North,Under_Construction
131770,131771,Karnataka,Bangalore,South,Apartment,2,4993,306.33,0.06,1999,Semi-furnished,15,18,26,5,2,West,Under_Construction
131780,131781,Karnataka,Bangalore,North,Independent House,2,691,216.66,0.31,2014,Unfurnished,11,19,11,3,7,South,Under_Construction
131986,131987,Karnataka,Bangalore,Central,Villa,2,910,313.76,0.34,1997,Unfurnished,6,21,28,8,2,East,Ready_to_Move
132035,132036,Karnataka,Bangalore,South,Villa,2,694,489.08,0.7,2005,Semi-furnished,20,28,20,3,7,East,Under_Construction
132050,132051,Karnataka,Bangalore,Central,Independent House,4,691,176.24,0.26,2021,Furnished,26,6,4,2,4,South,Ready_to_Move
132285,132286,Karnataka,Bangalore,South-East,Independent House,4,3272,410.37,0.13,1990,Unfurnished,23,23,35,9,8,North,Ready_to_Move
132304,132305,Karnataka,Bangalore,South-West,Villa,1,4712,480.8,0.1,1990,Furnished,9,30,35,9,10,South,Ready_to_Move
132318,132319,Karnataka,Bangalore,Central,Apartment,5,1013,260.19,0.26,2006,Semi-furnished,18,12,19,8,10,South,Ready_to_Move
132360,132361,Karnataka,Bangalore,South-West,Villa,1,590,399.65,0.68,2023,Semi-furnished,1,1,2,3,5,East,Under_Construction
132381,132382,Karnataka,Bangalore,North,Apartment,3,2059,50.21,0.02,2013,Unfurnished,5,29,12,4,10,South,Ready_to_Move
132520,132521,Karnataka,Bangalore,Central,Apartment,1,4996,45.39,0.01,1990,Semi-furnished,7,22,35,9,4,South,Ready_to_Move
132625,132626,Karnataka,Bangalore,North-East,Apartment,4,2031,226.71,0.11,2007,Semi-furnished,24,27,18,8,9,South,Ready_to_Move
132702,132703,Karnataka,Bangalore,South-East,Villa,4,2181,89.7,0.04,1992,Unfurnished,30,29,33,1,5,West,Under_Construction
132708,132709,Karnataka,Bangalore,Central,Independent House,1,3550,249.44,0.07,2010,Semi-furnished,1,27,15,3,4,West,Ready_to_Move
132728,132729,Karnataka,Bangalore,South-East,Independent House,5,3972,263.08,0.07,2022,Semi-furnished,2,1,3,4,7,South,Under_Construction
132780,132781,Karnataka,Bangalore,Central,Apartment,1,780,112.51,0.14,2023,Semi-furnished,20,8,2,10,6,North,Ready_to_Move
132822,132823,Karnataka,Bangalore,East,Independent House,4,4962,418.3,0.08,1992,Unfurnished,24,2,33,2,4,North,Under_Construction
132857,132858,Karnataka,Bangalore,South-West,Apartment,4,1134,214.17,0.19,1998,Semi-furnished,24,17,27,7,2,North,Ready_to_Move
132911,132912,Karnataka,Bangalore,Central,Independent House,2,2625,101.62,0.04,2014,Semi-furnished,2,15,11,4,7,North,Under_Construction
132917,132918,Karnataka,Bangalore,West,Independent House,1,2698,200.87,0.07,2022,Furnished,4,3,3,5,7,East,Under_Construction
132918,132919,Karnataka,Bangalore,South-West,Independent House,3,645,190.46,0.3,2020,Semi-furnished,27,12,5,6,4,East,Under_Construction
132973,132974,Karnataka,Bangalore,South-West,Apartment,1,2102,484.18,0.23,2004,Semi-furnished,4,29,21,9,6,East,Ready_to_Move
133084,133085,Karnataka,Bangalore,North-East,Apartment,5,2709,434.68,0.16,2022,Semi-furnished,7,14,3,1,2,North,Under_Construction
133127,133128,Karnataka,Bangalore,North,Independent House,3,749,218.03,0.29,2005,Furnished,27,2,20,9,1,West,Under_Construction
133130,133131,Karnataka,Bangalore,East,Apartment,5,1014,64.49,0.06,2020,Unfurnished,5,9,5,1,8,North,Ready_to_Move
133132,133133,Karnataka,Bangalore,South-East,Villa,3,2543,482.92,0.19,1993,Semi-furnished,23,15,32,8,2,South,Ready_to_Move
133154,133155,Karnataka,Bangalore,South,Apartment,4,2880,166.18,0.06,1997,Semi-furnished,19,26,28,2,8,East,Under_Construction
133212,133213,Karnataka,Bangalore,East,Villa,5,4527,272.48,0.06,2022,Furnished,24,25,3,3,1,North,Under_Construction
133236,133237,Karnataka,Bangalore,North-East,Villa,5,3691,347.93,0.09,1993,Unfurnished,18,13,32,1,6,West,Under_Construction
133263,133264,Karnataka,Bangalore,East,Independent House,5,551,199.58,0.36,2012,Furnished,8,28,13,4,9,East,Ready_to_Move
133271,133272,Karnataka,Bangalore,North,Apartment,5,1754,300.64,0.17,2016,Furnished,29,25,9,7,9,West,Ready_to_Move
133406,133407,Karnataka,Bangalore,South,Apartment,3,1208,212.0,0.18,2009,Unfurnished,14,7,16,5,3,South,Under_Construction
133423,133424,Karnataka,Bangalore,East,Villa,2,4550,82.34,0.02,1991,Furnished,19,26,34,4,4,East,Ready_to_Move
133548,133549,Karnataka,Bangalore,North-East,Independent House,2,2886,310.63,0.11,2013,Unfurnished,22,15,12,3,6,East,Under_Construction
133620,133621,Karnataka,Bangalore,Central,Apartment,1,746,418.94,0.56,1992,Unfurnished,14,18,33,1,10,East,Under_Construction
133671,133672,Karnataka,Bangalore,East,Villa,1,3824,43.85,0.01,2001,Unfurnished,0,14,24,1,1,West,Under_Construction
133908,133909,Karnataka,Bangalore,West,Apartment,4,2827,496.07,0.18,1992,Unfurnished,16,28,33,6,9,West,Ready_to_Move
133978,133979,Karnataka,Bangalore,South-East,Villa,4,3635,48.43,0.01,2006,Semi-furnished,12,3,19,6,7,West,Ready_to_Move
134049,134050,Karnataka,Bangalore,West,Apartment,1,1333,181.47,0.14,2018,Semi-furnished,9,25,7,3,6,North,Ready_to_Move
134053,134054,Karnataka,Bangalore,North,Independent House,4,3097,492.78,0.16,2017,Semi-furnished,16,11,8,1,8,North,Under_Construction
134054,134055,Karnataka,Bangalore,South-West,Villa,5,2969,58.47,0.02,2018,Unfurnished,22,30,7,2,4,East,Under_Construction
134117,134118,Karnataka,Bangalore,South-West,Apartment,3,4050,120.69,0.03,2015,Semi-furnished,23,27,10,6,5,South,Under_Construction
134131,134132,Karnataka,Bangalore,North,Independent House,5,520,377.53,0.73,2013,Furnished,22,25,12,1,8,West,Under_Construction
134401,134402,Karnataka,Bangalore,South-East,Independent House,2,1798,178.06,0.1,1995,Furnished,10,7,30,1,9,South,Under_Construction
134545,134546,Karnataka,Bangalore,East,Apartment,5,1393,404.04,0.29,2013,Semi-furnished,17,26,12,5,3,South,Ready_to_Move
134567,134568,Karnataka,Bangalore,North,Independent House,4,4804,346.38,0.07,1994,Furnished,3,14,31,5,8,South,Under_Construction
134573,134574,Karnataka,Bangalore,West,Independent House,2,4861,367.34,0.08,1996,Semi-furnished,1,16,29,1,9,South,Under_Construction
134668,134669,Karnataka,Bangalore,South-East,Villa,5,774,119.24,0.15,1997,Semi-furnished,3,11,28,4,5,North,Under_Construction
134799,134800,Karnataka,Bangalore,South-East,Villa,3,3586,335.86,0.09,2020,Semi-furnished,21,13,5,9,1,South,Under_Construction
134887,134888,Karnataka,Bangalore,South-East,Independent House,2,3171,353.89,0.11,1995,Furnished,7,20,30,8,5,North,Under_Construction
134938,134939,Karnataka,Bangalore,North-East,Villa,1,2070,344.59,0.17,1999,Furnished,29,19,26,7,5,West,Ready_to_Move
135145,135146,Karnataka,Bangalore,North,Independent House,2,4843,62.32,0.01,2004,Unfurnished,3,29,21,9,6,West,Under_Construction
135164,135165,Karnataka,Bangalore,South-East,Independent House,2,4698,32.5,0.01,1995,Furnished,19,22,30,7,8,North,Ready_to_Move
135295,135296,Karnataka,Bangalore,West,Apartment,4,2255,188.26,0.08,2004,Unfurnished,7,11,21,7,2,East,Under_Construction
135329,135330,Karnataka,Bangalore,Central,Villa,2,4046,482.15,0.12,1992,Semi-furnished,21,12,33,6,6,North,Under_Construction
135337,135338,Karnataka,Bangalore,South-East,Villa,1,2106,150.96,0.07,1996,Unfurnished,4,3,29,3,5,North,Ready_to_Move
135358,135359,Karnataka,Bangalore,North-East,Apartment,3,1184,294.21,0.25,1994,Unfurnished,12,13,31,1,7,North,Ready_to_Move
135377,135378,Karnataka,Bangalore,North,Independent House,2,743,10.2,0.01,2009,Furnished,24,2,16,1,10,West,Ready_to_Move
135428,135429,Karnataka,Bangalore,North,Independent House,3,3775,445.45,0.12,2001,Unfurnished,29,27,24,5,6,West,Under_Construction
135455,135456,Karnataka,Bangalore,South,Apartment,1,853,380.17,0.45,2016,Furnished,12,1,9,10,4,East,Ready_to_Move
135562,135563,Karnataka,Bangalore,South,Apartment,2,555,64.92,0.12,2006,Furnished,30,12,19,6,2,East,Ready_to_Move
135656,135657,Karnataka,Bangalore,South-West,Independent House,4,3797,249.02,0.07,1991,Unfurnished,2,18,34,3,3,North,Under_Construction
135723,135724,Karnataka,Bangalore,Central,Villa,5,4263,342.22,0.08,2004,Furnished,0,7,21,1,3,South,Under_Construction
135735,135736,Karnataka,Bangalore,North,Apartment,2,1526,457.75,0.3,1990,Unfurnished,20,15,35,7,7,South,Ready_to_Move
136260,136261,Karnataka,Bangalore,South-West,Villa,5,1535,264.51,0.17,2021,Furnished,19,3,4,3,9,North,Under_Construction
136286,136287,Karnataka,Bangalore,East,Villa,5,1355,454.37,0.34,2009,Furnished,8,20,16,7,4,South,Under_Construction
136501,136502,Karnataka,Bangalore,Central,Independent House,5,2138,133.71,0.06,2019,Unfurnished,2,18,6,1,8,North,Under_Construction
136532,136533,Karnataka,Bangalore,North-East,Independent House,5,4783,482.89,0.1,1999,Furnished,18,20,26,8,7,South,Ready_to_Move
136535,136536,Karnataka,Bangalore,West,Apartment,1,2208,317.06,0.14,2006,Furnished,16,13,19,6,8,West,Under_Construction
136575,136576,Karnataka,Bangalore,South-West,Villa,4,736,64.28,0.09,2017,Furnished,26,8,8,4,1,South,Ready_to_Move
136593,136594,Karnataka,Bangalore,North,Villa,1,3599,269.95,0.08,2006,Unfurnished,27,18,19,3,6,West,Ready_to_Move
136653,136654,Karnataka,Bangalore,South-East,Independent House,4,3407,124.8,0.04,2005,Unfurnished,10,5,20,10,6,South,Ready_to_Move
136737,136738,Karnataka,Bangalore,North,Independent House,5,2189,494.11,0.23,2012,Semi-furnished,22,23,13,8,4,South,Ready_to_Move
136807,136808,Karnataka,Bangalore,South,Villa,5,3963,392.31,0.1,2017,Semi-furnished,5,20,8,5,5,East,Ready_to_Move
136847,136848,Karnataka,Bangalore,East,Apartment,4,4626,156.68,0.03,2008,Unfurnished,24,25,17,3,7,South,Ready_to_Move
136894,136895,Karnataka,Bangalore,South,Independent House,3,1780,297.18,0.17,2010,Semi-furnished,17,14,15,10,5,North,Under_Construction
136928,136929,Karnataka,Bangalore,North,Apartment,1,1297,62.07,0.05,2006,Furnished,14,18,19,7,4,West,Under_Construction
136945,136946,Karnataka,Bangalore,Central,Independent House,2,3285,383.69,0.12,2014,Unfurnished,1,24,11,7,5,North,Under_Construction
136983,136984,Karnataka,Bangalore,North-East,Independent House,4,2563,331.15,0.13,2018,Unfurnished,7,1,7,5,7,East,Ready_to_Move
136990,136991,Karnataka,Bangalore,East,Independent House,3,2295,331.34,0.14,2017,Unfurnished,5,2,8,3,2,West,Under_Construction
137076,137077,Karnataka,Bangalore,South-East,Apartment,5,1972,144.88,0.07,2008,Unfurnished,11,15,17,2,6,North,Ready_to_Move
137114,137115,Karnataka,Bangalore,East,Independent House,3,759,207.53,0.27,2000,Furnished,24,1,25,4,4,South,Ready_to_Move
137221,137222,Karnataka,Bangalore,Central,Apartment,2,4987,202.36,0.04,2013,Unfurnished,10,25,12,9,8,North,Ready_to_Move
137311,137312,Karnataka,Bangalore,East,Villa,4,880,74.87,0.09,2012,Unfurnished,19,21,13,1,7,West,Under_Construction
137414,137415,Karnataka,Bangalore,South-West,Villa,1,1262,356.1,0.28,2003,Furnished,30,8,22,8,1,East,Under_Construction
137574,137575,Karnataka,Bangalore,East,Independent House,4,1517,440.62,0.29,1998,Semi-furnished,23,14,27,3,8,North,Under_Construction
137759,137760,Karnataka,Bangalore,South-East,Independent House,4,1225,294.27,0.24,2013,Unfurnished,10,25,12,7,7,North,Ready_to_Move
137791,137792,Karnataka,Bangalore,West,Apartment,1,2708,353.02,0.13,2013,Semi-furnished,23,10,12,2,9,South,Ready_to_Move
137797,137798,Karnataka,Bangalore,West,Apartment,3,2226,482.67,0.22,2003,Furnished,2,10,22,9,4,West,Ready_to_Move
137829,137830,Karnataka,Bangalore,South,Villa,5,4313,192.76,0.04,2000,Semi-furnished,7,1,25,1,5,North,Under_Construction
137836,137837,Karnataka,Bangalore,East,Villa,2,4714,102.06,0.02,2016,Semi-furnished,21,19,9,5,4,East,Ready_to_Move
137874,137875,Karnataka,Bangalore,South-East,Apartment,1,1718,421.76,0.25,2014,Unfurnished,12,6,11,10,8,West,Ready_to_Move
137968,137969,Karnataka,Bangalore,South,Independent House,2,2840,318.54,0.11,2005,Unfurnished,1,26,20,3,9,South,Ready_to_Move
137988,137989,Karnataka,Bangalore,West,Independent House,1,4270,185.55,0.04,2007,Semi-furnished,17,22,18,2,3,South,Under_Construction
138001,138002,Karnataka,Bangalore,West,Independent House,2,2234,239.83,0.11,2003,Semi-furnished,13,2,22,10,4,North,Ready_to_Move
138077,138078,Karnataka,Bangalore,South-West,Villa,2,1659,375.17,0.23,2002,Semi-furnished,2,11,23,2,9,West,Under_Construction
138242,138243,Karnataka,Bangalore,North-East,Apartment,5,3240,325.78,0.1,1996,Unfurnished,23,17,29,3,7,North,Ready_to_Move
138253,138254,Karnataka,Bangalore,North,Independent House,5,541,105.51,0.2,1991,Unfurnished,2,28,34,2,8,South,Ready_to_Move
138290,138291,Karnataka,Bangalore,Central,Apartment,1,952,425.24,0.45,1990,Unfurnished,4,15,35,9,10,East,Under_Construction
138367,138368,Karnataka,Bangalore,North,Villa,4,2639,126.45,0.05,2013,Furnished,5,26,12,2,6,East,Ready_to_Move
138440,138441,Karnataka,Bangalore,East,Independent House,5,4749,281.53,0.06,2020,Unfurnished,16,5,5,2,1,South,Ready_to_Move
138473,138474,Karnataka,Bangalore,South-East,Independent House,2,4866,472.11,0.1,1996,Semi-furnished,5,14,29,1,8,East,Under_Construction
138483,138484,Karnataka,Bangalore,West,Apartment,5,4304,315.33,0.07,1997,Semi-furnished,19,2,28,4,8,East,Ready_to_Move
138503,138504,Karnataka,Bangalore,East,Villa,3,4474,318.14,0.07,1992,Unfurnished,14,13,33,1,5,North,Under_Construction
138541,138542,Karnataka,Bangalore,West,Independent House,4,4346,422.92,0.1,2001,Furnished,3,1,24,5,1,North,Under_Construction
138631,138632,Karnataka,Bangalore,East,Villa,5,3052,440.16,0.14,2010,Unfurnished,17,22,15,3,4,South,Under_Construction
138800,138801,Karnataka,Bangalore,North,Apartment,4,4064,262.7,0.06,2017,Unfurnished,17,7,8,3,1,North,Ready_to_Move
138866,138867,Karnataka,Bangalore,North,Villa,2,4399,65.14,0.01,1992,Furnished,3,3,33,9,4,North,Under_Construction
138923,138924,Karnataka,Bangalore,North-East,Independent House,4,3963,112.9,0.03,2013,Unfurnished,0,20,12,4,2,South,Under_Construction
139019,139020,Karnataka,Bangalore,Central,Apartment,3,3989,320.57,0.08,2003,Furnished,20,24,22,5,4,East,Under_Construction
139131,139132,Karnataka,Bangalore,West,Villa,4,2843,312.86,0.11,2011,Furnished,13,26,14,2,6,West,Ready_to_Move
139215,139216,Karnataka,Bangalore,West,Villa,4,3697,399.18,0.11,2022,Unfurnished,28,19,3,3,4,North,Ready_to_Move
139387,139388,Karnataka,Bangalore,West,Apartment,5,3800,104.31,0.03,2002,Unfurnished,4,17,23,1,1,West,Ready_to_Move
139530,139531,Karnataka,Bangalore,West,Villa,2,1005,142.94,0.14,2010,Semi-furnished,3,26,15,5,7,South,Ready_to_Move
139638,139639,Karnataka,Bangalore,Central,Independent House,3,1679,194.53,0.12,1992,Unfurnished,14,17,33,5,9,South,Under_Construction
139728,139729,Karnataka,Bangalore,Central,Apartment,1,1379,413.06,0.3,1992,Furnished,24,25,33,6,10,West,Ready_to_Move
139740,139741,Karnataka,Bangalore,South,Villa,1,2796,109.38,0.04,1992,Unfurnished,6,22,33,9,7,North,Under_Construction
139751,139752,Karnataka,Bangalore,North,Villa,1,2754,394.91,0.14,1994,Furnished,25,28,31,5,8,West,Ready_to_Move
139817,139818,Karnataka,Bangalore,North-East,Apartment,3,4815,78.5,0.02,1995,Semi-furnished,16,26,30,2,9,East,Ready_to_Move
139917,139918,Karnataka,Bangalore,South-West,Independent House,5,3329,190.12,0.06,2013,Unfurnished,20,27,12,4,8,West,Under_Construction
139936,139937,Karnataka,Bangalore,North,Villa,5,4335,476.79,0.11,2013,Semi-furnished,22,28,12,6,6,South,Ready_to_Move
139946,139947,Karnataka,Bangalore,West,Independent House,4,2450,59.49,0.02,1991,Unfurnished,8,15,34,9,2,North,Under_Construction
139982,139983,Karnataka,Bangalore,East,Independent House,5,4953,294.12,0.06,2003,Unfurnished,0,30,22,10,7,East,Under_Construction
139990,139991,Karnataka,Bangalore,South-East,Villa,2,4114,233.26,0.06,2018,Semi-furnished,0,1,7,5,5,North,Under_Construction
140051,140052,Karnataka,Bangalore,South-West,Apartment,5,2506,468.77,0.19,2009,Unfurnished,7,21,16,8,3,North,Ready_to_Move
140107,140108,Karnataka,Bangalore,South,Apartment,1,3065,68.39,0.02,1991,Unfurnished,29,18,34,6,3,South,Ready_to_Move
140123,140124,Karnataka,Bangalore,West,Independent House,4,4329,242.23,0.06,1991,Semi-furnished,12,3,34,7,8,North,Under_Construction
140193,140194,Karnataka,Bangalore,South-East,Apartment,2,3176,253.98,0.08,2013,Unfurnished,27,25,12,7,4,West,Ready_to_Move
140245,140246,Karnataka,Bangalore,East,Apartment,2,834,119.95,0.14,1993,Furnished,29,1,32,8,5,South,Ready_to_Move
140388,140389,Karnataka,Bangalore,North,Independent House,2,3394,459.93,0.14,2015,Unfurnished,29,26,10,3,5,South,Ready_to_Move
140409,140410,Karnataka,Bangalore,East,Villa,3,4305,119.85,0.03,2013,Unfurnished,5,16,12,7,6,North,Under_Construction
140444,140445,Karnataka,Bangalore,Central,Villa,1,3661,145.01,0.04,2000,Furnished,20,4,25,2,9,East,Ready_to_Move
140524,140525,Karnataka,Bangalore,South-West,Independent House,5,2043,225.43,0.11,2009,Furnished,3,12,16,4,3,North,Under_Construction
140727,140728,Karnataka,Bangalore,South-West,Apartment,1,518,140.25,0.27,2016,Semi-furnished,3,24,9,4,3,East,Under_Construction
140892,140893,Karnataka,Bangalore,East,Apartment,3,2702,237.63,0.09,2019,Unfurnished,1,19,6,9,3,West,Ready_to_Move
140950,140951,Karnataka,Bangalore,North,Independent House,1,3750,221.79,0.06,2013,Semi-furnished,8,28,12,6,4,South,Under_Construction
141185,141186,Karnataka,Bangalore,South-West,Villa,4,2345,412.75,0.18,2003,Unfurnished,29,7,22,10,3,East,Ready_to_Move
141306,141307,Karnataka,Bangalore,South,Independent House,5,4713,94.61,0.02,2015,Semi-furnished,7,18,10,7,7,North,Ready_to_Move
141335,141336,Karnataka,Bangalore,North-East,Independent House,4,3461,96.98,0.03,2023,Furnished,25,22,2,10,1,South,Under_Construction
141470,141471,Karnataka,Bangalore,South-East,Apartment,1,1740,268.06,0.15,2019,Semi-furnished,29,28,6,4,3,East,Ready_to_Move
141566,141567,Karnataka,Bangalore,South-West,Villa,3,1628,147.02,0.09,1996,Semi-furnished,16,1,29,7,6,South,Ready_to_Move
141623,141624,Karnataka,Bangalore,Central,Apartment,3,3164,403.23,0.13,2017,Furnished,29,8,8,3,1,South,Under_Construction
141741,141742,Karnataka,Bangalore,West,Independent House,2,1694,490.95,0.29,2008,Unfurnished,14,7,17,6,4,West,Ready_to_Move
141755,141756,Karnataka,Bangalore,South-West,Independent House,2,4309,495.23,0.11,2016,Semi-furnished,5,19,9,9,3,North,Under_Construction
141759,141760,Karnataka,Bangalore,West,Apartment,1,4511,19.59,0.0,2016,Furnished,12,15,9,1,7,North,Under_Construction
141896,141897,Karnataka,Bangalore,South-West,Apartment,1,4983,428.52,0.09,2003,Semi-furnished,20,11,22,3,10,West,Ready_to_Move
141909,141910,Karnataka,Bangalore,West,Apartment,5,4250,240.03,0.06,2020,Unfurnished,17,3,5,5,9,North,Ready_to_Move
141977,141978,Karnataka,Bangalore,West,Apartment,5,4945,30.05,0.01,2002,Unfurnished,17,28,23,8,4,East,Under_Construction
142034,142035,Karnataka,Bangalore,Central,Apartment,3,1016,128.28,0.13,2011,Semi-furnished,25,12,14,5,1,South,Under_Construction
142048,142049,Karnataka,Bangalore,South-East,Independent House,1,3758,70.15,0.02,2014,Semi-furnished,26,27,11,6,7,North,Under_Construction
142106,142107,Karnataka,Bangalore,East,Villa,1,538,346.66,0.64,1997,Furnished,21,14,28,4,9,North,Under_Construction
142132,142133,Karnataka,Bangalore,East,Apartment,5,1521,179.34,0.12,2011,Semi-furnished,3,28,14,7,2,South,Under_Construction
142143,142144,Karnataka,Bangalore,North,Independent House,2,4949,398.58,0.08,2017,Semi-furnished,11,16,8,3,8,East,Ready_to_Move
142196,142197,Karnataka,Bangalore,South-East,Villa,1,4271,99.85,0.02,1998,Unfurnished,5,11,27,4,3,East,Under_Construction
142288,142289,Karnataka,Bangalore,Central,Independent House,2,2050,458.76,0.22,2005,Unfurnished,3,8,20,10,5,East,Under_Construction
142370,142371,Karnataka,Bangalore,North,Apartment,2,4659,120.03,0.03,2001,Furnished,20,27,24,3,3,East,Ready_to_Move
142384,142385,Karnataka,Bangalore,East,Villa,4,2787,167.22,0.06,2003,Furnished,24,6,22,1,5,South,Ready_to_Move
142434,142435,Karnataka,Bangalore,North,Villa,4,4723,185.77,0.04,2019,Furnished,18,20,6,10,4,East,Under_Construction
142438,142439,Karnataka,Bangalore,North,Villa,1,1121,314.56,0.28,1999,Furnished,22,27,26,6,5,North,Ready_to_Move
142444,142445,Karnataka,Bangalore,West,Independent House,1,2960,196.07,0.07,2004,Furnished,2,30,21,7,1,East,Under_Construction
142503,142504,Karnataka,Bangalore,North,Villa,2,2351,489.13,0.21,2019,Semi-furnished,4,22,6,4,1,West,Ready_to_Move
142506,142507,Karnataka,Bangalore,South,Apartment,2,4788,157.39,0.03,2000,Unfurnished,28,25,25,5,5,West,Ready_to_Move
142531,142532,Karnataka,Bangalore,Central,Independent House,5,2974,207.6,0.07,2020,Semi-furnished,27,16,5,7,3,South,Ready_to_Move
142560,142561,Karnataka,Bangalore,West,Villa,3,4081,299.48,0.07,2012,Unfurnished,9,21,13,7,10,North,Ready_to_Move
142595,142596,Karnataka,Bangalore,North-East,Independent House,3,4978,237.55,0.05,2001,Furnished,0,26,24,10,1,North,Under_Construction
142665,142666,Karnataka,Bangalore,North-East,Apartment,1,4489,337.97,0.08,1993,Furnished,17,17,32,10,9,East,Under_Construction
142698,142699,Karnataka,Bangalore,South-West,Villa,2,2511,292.22,0.12,1991,Semi-furnished,6,27,34,1,10,North,Under_Construction
142963,142964,Karnataka,Bangalore,West,Independent House,3,1506,450.66,0.3,2018,Furnished,29,10,7,10,3,West,Under_Construction
143023,143024,Karnataka,Bangalore,Central,Apartment,1,4917,453.75,0.09,2020,Furnished,15,24,5,1,5,West,Ready_to_Move
143116,143117,Karnataka,Bangalore,West,Apartment,1,624,278.18,0.45,2014,Semi-furnished,14,16,11,5,5,South,Under_Construction
143315,143316,Karnataka,Bangalore,North-East,Apartment,3,1773,218.39,0.12,1998,Semi-furnished,22,16,27,6,10,West,Ready_to_Move
143322,143323,Karnataka,Bangalore,North-East,Apartment,5,967,477.81,0.49,1998,Semi-furnished,13,12,27,3,8,North,Ready_to_Move
143339,143340,Karnataka,Bangalore,East,Villa,5,2709,57.62,0.02,1992,Unfurnished,17,4,33,9,10,North,Ready_to_Move
143417,143418,Karnataka,Bangalore,South-East,Independent House,3,4699,203.2,0.04,2022,Unfurnished,30,20,3,8,9,South,Ready_to_Move
143513,143514,Karnataka,Bangalore,South,Apartment,5,1688,100.6,0.06,1997,Furnished,1,29,28,1,5,East,Ready_to_Move
143534,143535,Karnataka,Bangalore,South-West,Villa,3,4927,332.83,0.07,2014,Semi-furnished,0,21,11,4,6,East,Under_Construction
143655,143656,Karnataka,Bangalore,South,Independent House,5,1576,467.09,0.3,1997,Furnished,27,20,28,7,1,North,Under_Construction
143672,143673,Karnataka,Bangalore,North,Apartment,3,3168,202.72,0.06,2013,Unfurnished,13,4,12,2,6,West,Ready_to_Move
143676,143677,Karnataka,Bangalore,South,Independent House,3,3641,283.58,0.08,2009,Furnished,25,2,16,6,8,East,Ready_to_Move
143706,143707,Karnataka,Bangalore,South,Apartment,3,2700,388.94,0.14,1998,Semi-furnished,29,2,27,6,3,East,Ready_to_Move
143736,143737,Karnataka,Bangalore,North-East,Villa,4,1718,91.34,0.05,2009,Unfurnished,4,13,16,10,4,North,Ready_to_Move
143765,143766,Karnataka,Bangalore,East,Villa,3,3544,498.31,0.14,1991,Unfurnished,29,5,34,9,9,East,Under_Construction
143803,143804,Karnataka,Bangalore,West,Independent House,5,3434,488.36,0.14,2011,Semi-furnished,17,1,14,4,3,South,Ready_to_Move
143832,143833,Karnataka,Bangalore,West,Villa,5,3043,284.89,0.09,2021,Unfurnished,12,23,4,7,9,South,Ready_to_Move
143963,143964,Karnataka,Bangalore,Central,Villa,1,2953,105.05,0.04,2005,Unfurnished,12,4,20,8,6,East,Under_Construction
144104,144105,Karnataka,Bangalore,East,Independent House,2,2182,214.34,0.1,2019,Unfurnished,10,2,6,4,9,North,Ready_to_Move
144219,144220,Karnataka,Bangalore,East,Independent House,5,1049,48.42,0.05,1993,Furnished,28,5,32,3,5,East,Under_Construction
144346,144347,Karnataka,Bangalore,South-West,Villa,2,4953,37.13,0.01,2007,Semi-furnished,4,16,18,8,10,East,Under_Construction
144426,144427,Karnataka,Bangalore,Central,Independent House,5,3548,446.64,0.13,2008,Semi-furnished,8,14,17,2,1,South,Ready_to_Move
144589,144590,Karnataka,Bangalore,South-West,Independent House,4,2376,230.79,0.1,2015,Furnished,17,21,10,1,1,North,Under_Construction
144650,144651,Karnataka,Bangalore,West,Villa,2,3877,452.69,0.12,2018,Furnished,1,4,7,9,6,North,Under_Construction
144652,144653,Karnataka,Bangalore,West,Independent House,3,2446,356.75,0.15,2006,Semi-furnished,30,9,19,5,8,North,Under_Construction
144760,144761,Karnataka,Bangalore,West,Apartment,1,678,430.72,0.64,2001,Unfurnished,24,12,24,5,2,North,Under_Construction
144996,144997,Karnataka,Bangalore,West,Villa,3,1439,39.1,0.03,1990,Furnished,7,4,35,8,2,West,Under_Construction
145152,145153,Karnataka,Bangalore,West,Independent House,3,3847,169.14,0.04,2006,Furnished,15,10,19,5,8,East,Under_Construction
145153,145154,Karnataka,Bangalore,South-West,Apartment,1,659,96.97,0.15,1990,Furnished,20,14,35,1,8,South,Under_Construction
145159,145160,Karnataka,Bangalore,North,Apartment,5,2273,384.54,0.17,1996,Unfurnished,14,4,29,4,8,East,Under_Construction
145192,145193,Karnataka,Bangalore,South-West,Independent House,1,4457,489.61,0.11,1997,Semi-furnished,15,7,28,7,3,West,Ready_to_Move
145196,145197,Karnataka,Bangalore,East,Villa,4,2747,251.64,0.09,1994,Unfurnished,5,20,31,3,7,North,Ready_to_Move
145303,145304,Karnataka,Bangalore,South-East,Villa,5,1557,434.85,0.28,1993,Semi-furnished,12,16,32,4,4,East,Ready_to_Move
145331,145332,Karnataka,Bangalore,West,Villa,5,3631,341.39,0.09,2006,Semi-furnished,2,10,19,5,2,East,Under_Construction
145410,145411,Karnataka,Bangalore,South,Villa,2,1417,424.11,0.3,1990,Semi-furnished,10,14,35,8,8,South,Under_Construction
145447,145448,Karnataka,Bangalore,South,Independent House,5,4349,316.67,0.07,2000,Semi-furnished,9,8,25,10,6,South,Under_Construction
145489,145490,Karnataka,Bangalore,North,Independent House,5,2639,366.43,0.14,1993,Furnished,2,18,32,5,1,North,Ready_to_Move
145586,145587,Karnataka,Bangalore,West,Villa,4,4488,338.53,0.08,2022,Unfurnished,3,5,3,6,5,West,Under_Construction
145611,145612,Karnataka,Bangalore,North,Independent House,5,3679,462.02,0.13,2002,Semi-furnished,29,28,23,3,9,North,Ready_to_Move
145713,145714,Karnataka,Bangalore,South-East,Apartment,1,657,166.27,0.25,2002,Furnished,15,16,23,7,1,South,Ready_to_Move
145836,145837,Karnataka,Bangalore,South-East,Villa,4,3512,194.39,0.06,2010,Unfurnished,9,24,15,7,2,North,Ready_to_Move
145908,145909,Karnataka,Bangalore,Central,Villa,5,1618,288.48,0.18,2008,Semi-furnished,8,26,17,6,8,West,Under_Construction
145929,145930,Karnataka,Bangalore,Central,Apartment,5,4764,444.78,0.09,2002,Unfurnished,17,5,23,7,4,West,Under_Construction
146088,146089,Karnataka,Bangalore,Central,Apartment,4,2692,316.74,0.12,1995,Semi-furnished,15,15,30,4,3,North,Under_Construction
146136,146137,Karnataka,Bangalore,East,Villa,5,2160,322.92,0.15,2001,Semi-furnished,0,1,24,8,3,North,Under_Construction
146248,146249,Karnataka,Bangalore,South-West,Villa,3,2241,319.4,0.14,2010,Semi-furnished,3,9,15,8,7,West,Ready_to_Move
146263,146264,Karnataka,Bangalore,West,Apartment,4,2708,40.24,0.01,2001,Semi-furnished,3,3,24,8,1,West,Under_Construction
146356,146357,Karnataka,Bangalore,West,Apartment,4,1439,14.71,0.01,2017,Semi-furnished,3,24,8,2,6,West,Ready_to_Move
146374,146375,Karnataka,Bangalore,South-East,Villa,3,1992,329.06,0.17,2016,Unfurnished,11,6,9,7,1,East,Under_Construction
146377,146378,Karnataka,Bangalore,West,Independent House,2,4162,178.73,0.04,2020,Furnished,13,2,5,2,9,East,Under_Construction
146566,146567,Karnataka,Bangalore,Central,Independent House,5,3818,231.46,0.06,2012,Unfurnished,23,4,13,4,3,South,Ready_to_Move
146776,146777,Karnataka,Bangalore,North,Apartment,4,2268,190.26,0.08,2020,Furnished,15,21,5,8,1,South,Under_Construction
146778,146779,Karnataka,Bangalore,North-East,Apartment,2,2701,445.34,0.16,1991,Unfurnished,18,18,34,2,8,East,Ready_to_Move
146781,146782,Karnataka,Bangalore,Central,Villa,5,2036,348.53,0.17,1999,Semi-furnished,26,21,26,8,8,East,Ready_to_Move
146893,146894,Karnataka,Bangalore,Central,Villa,3,2783,430.37,0.15,2002,Furnished,4,18,23,4,6,East,Under_Construction
146977,146978,Karnataka,Bangalore,South-East,Villa,2,4302,361.89,0.08,2012,Unfurnished,25,7,13,10,6,North,Ready_to_Move
147136,147137,Karnataka,Bangalore,North-East,Villa,2,3305,254.21,0.08,2012,Unfurnished,8,5,13,5,10,North,Under_Construction
147206,147207,Karnataka,Bangalore,South,Villa,1,2634,329.28,0.13,1990,Furnished,13,28,35,6,1,West,Ready_to_Move
147362,147363,Karnataka,Bangalore,South-East,Independent House,3,4211,432.6,0.1,1994,Furnished,8,14,31,2,2,East,Ready_to_Move
147380,147381,Karnataka,Bangalore,West,Villa,1,2252,451.21,0.2,2023,Semi-furnished,22,24,2,4,3,West,Ready_to_Move
147438,147439,Karnataka,Bangalore,South-East,Villa,2,1769,127.14,0.07,2007,Semi-furnished,30,26,18,2,2,West,Under_Construction
147456,147457,Karnataka,Bangalore,North,Apartment,1,3795,205.99,0.05,1998,Furnished,16,30,27,4,2,East,Ready_to_Move
147520,147521,Karnataka,Bangalore,South-West,Apartment,2,2140,46.07,0.02,2016,Furnished,6,6,9,6,7,South,Under_Construction
147542,147543,Karnataka,Bangalore,North-East,Apartment,4,4642,76.14,0.02,2021,Furnished,17,1,4,3,1,South,Ready_to_Move
147587,147588,Karnataka,Bangalore,West,Independent House,2,3962,83.15,0.02,2020,Semi-furnished,25,17,5,3,8,West,Under_Construction
147613,147614,Karnataka,Bangalore,Central,Apartment,5,3116,144.28,0.05,1992,Semi-furnished,9,5,33,3,6,South,Under_Construction
147676,147677,Karnataka,Bangalore,South-West,Villa,1,4543,311.89,0.07,2016,Furnished,25,23,9,8,8,North,Ready_to_Move
147797,147798,Karnataka,Bangalore,West,Independent House,5,4074,153.01,0.04,2005,Unfurnished,26,1,20,10,1,South,Under_Construction
147808,147809,Karnataka,Bangalore,North,Apartment,4,1639,489.64,0.3,2017,Semi-furnished,21,28,8,5,10,West,Under_Construction
147824,147825,Karnataka,Bangalore,South-East,Apartment,5,3973,355.04,0.09,2008,Unfurnished,3,11,17,3,7,East,Under_Construction
147864,147865,Karnataka,Bangalore,Central,Villa,4,1438,407.32,0.28,2021,Furnished,10,2,4,5,7,North,Ready_to_Move
147920,147921,Karnataka,Bangalore,South-East,Independent House,1,4775,258.8,0.05,1990,Semi-furnished,21,15,35,6,8,North,Ready_to_Move
148015,148016,Karnataka,Bangalore,Central,Apartment,1,4112,188.52,0.05,1991,Furnished,22,4,34,6,5,East,Ready_to_Move
148028,148029,Karnataka,Bangalore,South-West,Villa,5,1979,59.15,0.03,2019,Unfurnished,18,14,6,4,7,East,Ready_to_Move
148078,148079,Karnataka,Bangalore,Central,Independent House,1,1844,113.75,0.06,2007,Furnished,3,23,18,9,8,East,Ready_to_Move
148139,148140,Karnataka,Bangalore,Central,Independent House,2,3379,402.5,0.12,2020,Semi-furnished,26,3,5,2,3,North,Under_Construction
148290,148291,Karnataka,Bangalore,South,Apartment,5,3915,478.94,0.12,2002,Furnished,2,6,23,1,5,South,Ready_to_Move
148425,148426,Karnataka,Bangalore,South-West,Independent House,3,4481,326.38,0.07,2003,Furnished,19,9,22,4,6,West,Ready_to_Move
148479,148480,Karnataka,Bangalore,North,Villa,5,4457,196.48,0.04,2003,Semi-furnished,3,30,22,8,4,North,Ready_to_Move
148480,148481,Karnataka,Bangalore,South-West,Apartment,2,3039,315.08,0.1,2015,Unfurnished,4,22,10,6,1,East,Ready_to_Move
148507,148508,Karnataka,Bangalore,West,Villa,2,3798,454.76,0.12,1993,Semi-furnished,24,17,32,3,3,West,Ready_to_Move
148540,148541,Karnataka,Bangalore,Central,Villa,4,1054,336.63,0.32,2018,Semi-furnished,12,14,7,4,10,North,Ready_to_Move
148650,148651,Karnataka,Bangalore,North,Villa,2,965,313.74,0.33,2005,Unfurnished,5,30,20,1,7,West,Under_Construction
148746,148747,Karnataka,Bangalore,South-East,Villa,4,4346,229.47,0.05,2000,Semi-furnished,30,16,25,10,5,North,Under_Construction
148806,148807,Karnataka,Bangalore,West,Villa,5,1052,466.09,0.44,2003,Unfurnished,19,1,22,10,8,South,Under_Construction
148843,148844,Karnataka,Bangalore,West,Villa,1,2531,186.98,0.07,2007,Unfurnished,8,25,18,10,3,West,Ready_to_Move
149004,149005,Karnataka,Bangalore,East,Independent House,5,3334,168.4,0.05,2000,Furnished,9,5,25,4,8,East,Under_Construction
149028,149029,Karnataka,Bangalore,South,Villa,2,2210,139.43,0.06,2004,Furnished,22,20,21,3,7,West,Under_Construction
149129,149130,Karnataka,Bangalore,South-East,Villa,1,629,264.94,0.42,1990,Unfurnished,23,5,35,9,4,South,Under_Construction
149169,149170,Karnataka,Bangalore,Central,Villa,1,2893,478.02,0.17,2011,Unfurnished,19,18,14,6,6,West,Ready_to_Move
149200,149201,Karnataka,Bangalore,North-East,Villa,1,3676,30.96,0.01,2000,Furnished,5,6,25,9,9,South,Under_Construction
149268,149269,Karnataka,Bangalore,North,Villa,5,2757,264.79,0.1,2003,Unfurnished,26,24,22,5,9,North,Under_Construction
149331,149332,Karnataka,Bangalore,North-East,Apartment,2,2785,109.66,0.04,2000,Semi-furnished,28,11,25,4,1,North,Ready_to_Move
149337,149338,Karnataka,Bangalore,South-West,Independent House,1,4503,426.92,0.09,2012,Furnished,12,21,13,1,1,East,Under_Construction
149348,149349,Karnataka,Bangalore,North-East,Apartment,1,4129,454.16,0.11,2001,Unfurnished,11,19,24,9,8,South,Ready_to_Move
149370,149371,Karnataka,Bangalore,North-East,Apartment,4,2312,235.74,0.1,2003,Semi-furnished,21,13,22,10,5,West,Ready_to_Move
149406,149407,Karnataka,Bangalore,Central,Independent House,5,3391,96.61,0.03,2017,Semi-furnished,2,30,8,4,5,East,Under_Construction
149424,149425,Karnataka,Bangalore,Central,Villa,5,2190,188.63,0.09,2004,Furnished,24,26,21,3,6,West,Under_Construction
149471,149472,Karnataka,Bangalore,North,Villa,2,638,31.96,0.05,2018,Unfurnished,28,18,7,4,4,East,Under_Construction
149494,149495,Karnataka,Bangalore,South,Villa,3,1379,64.33,0.05,2013,Unfurnished,9,27,12,7,9,West,Under_Construction
149586,149587,Karnataka,Bangalore,East,Apartment,5,3022,171.97,0.06,2016,Unfurnished,5,25,9,3,6,South,Ready_to_Move
149588,149589,Karnataka,Bangalore,South-East,Independent House,3,2858,367.41,0.13,1995,Furnished,22,13,30,8,6,North,Ready_to_Move
149608,149609,Karnataka,Bangalore,East,Villa,1,3374,499.1,0.15,2022,Semi-furnished,1,9,3,6,8,South,Under_Construction
149689,149690,Karnataka,Bangalore,West,Independent House,2,1696,282.85,0.17,2011,Semi-furnished,6,30,14,1,10,North,Under_Construction
149708,149709,Karnataka,Bangalore,East,Independent House,3,2336,292.45,0.13,1997,Semi-furnished,28,25,28,2,10,North,Ready_to_Move
149716,149717,Karnataka,Bangalore,South,Independent House,2,1436,278.48,0.19,2009,Unfurnished,11,2,16,9,9,East,Ready_to_Move
149741,149742,Karnataka,Bangalore,North-East,Independent House,5,1332,237.5,0.18,2023,Unfurnished,8,14,2,6,5,West,Under_Construction
149762,149763,Karnataka,Bangalore,South,Apartment,5,4316,301.54,0.07,2014,Semi-furnished,12,28,11,9,10,North,Under_Construction
149772,149773,Karnataka,Bangalore,South-West,Villa,3,3816,184.23,0.05,2013,Semi-furnished,21,6,12,5,1,East,Ready_to_Move
149892,149893,Karnataka,Bangalore,South-East,Villa,3,832,83.46,0.1,2013,Semi-furnished,1,16,12,9,7,East,Ready_to_Move
149914,149915,Karnataka,Bangalore,South-East,Apartment,3,2286,358.37,0.16,2019,Unfurnished,11,18,6,3,6,West,Ready_to_Move
150044,150045,Karnataka,Bangalore,North,Independent House,3,4058,181.93,0.04,1997,Unfurnished,6,14,28,10,8,South,Ready_to_Move
150050,150051,Karnataka,Bangalore,North,Apartment,4,2860,81.48,0.03,1994,Furnished,1,18,31,10,2,South,Ready_to_Move
150264,150265,Karnataka,Bangalore,South-East,Villa,4,2925,278.88,0.1,2018,Unfurnished,7,20,7,8,7,South,Under_Construction
150301,150302,Karnataka,Bangalore,Central,Apartment,4,1133,294.78,0.26,2018,Semi-furnished,0,4,7,6,6,South,Under_Construction
150328,150329,Karnataka,Bangalore,North-East,Apartment,2,2974,108.63,0.04,1996,Semi-furnished,0,13,29,2,8,North,Under_Construction
150394,150395,Karnataka,Bangalore,North-East,Apartment,3,2633,455.74,0.17,1992,Semi-furnished,8,30,33,6,5,North,Under_Construction
150415,150416,Karnataka,Bangalore,North-East,Villa,5,1964,447.74,0.23,2009,Semi-furnished,16,6,16,1,4,North,Under_Construction
150485,150486,Karnataka,Bangalore,East,Villa,5,1257,264.46,0.21,1996,Unfurnished,29,10,29,8,9,North,Under_Construction
150534,150535,Karnataka,Bangalore,South-West,Independent House,1,4128,23.29,0.01,2003,Semi-furnished,23,30,22,3,10,West,Under_Construction
150741,150742,Karnataka,Bangalore,West,Apartment,1,2675,300.86,0.11,2018,Semi-furnished,2,28,7,7,4,North,Ready_to_Move
150773,150774,Karnataka,Bangalore,South-West,Apartment,4,653,264.52,0.41,1991,Furnished,30,22,34,1,9,West,Ready_to_Move
150821,150822,Karnataka,Bangalore,South-East,Apartment,4,3909,352.93,0.09,2007,Furnished,6,9,18,6,8,West,Under_Construction
150869,150870,Karnataka,Bangalore,North,Independent House,3,3949,293.96,0.07,2019,Semi-furnished,25,11,6,8,2,West,Under_Construction
150892,150893,Karnataka,Bangalore,North-East,Villa,2,4337,178.74,0.04,1992,Semi-furnished,26,6,33,9,9,West,Under_Construction
150905,150906,Karnataka,Bangalore,North,Independent House,3,2582,400.38,0.16,2001,Unfurnished,11,20,24,8,3,South,Ready_to_Move
150930,150931,Karnataka,Bangalore,South-East,Villa,1,1990,414.07,0.21,1999,Furnished,22,15,26,2,7,West,Ready_to_Move
151023,151024,Karnataka,Bangalore,Central,Apartment,4,4842,349.88,0.07,2013,Unfurnished,9,23,12,4,9,East,Ready_to_Move
151047,151048,Karnataka,Bangalore,East,Apartment,3,4561,120.77,0.03,1996,Furnished,22,6,29,7,4,South,Under_Construction
151055,151056,Karnataka,Bangalore,East,Apartment,4,1365,369.26,0.27,2020,Semi-furnished,15,5,5,8,9,South,Under_Construction
151062,151063,Karnataka,Bangalore,West,Apartment,2,4488,258.27,0.06,2007,Semi-furnished,26,28,18,4,5,North,Ready_to_Move
151134,151135,Karnataka,Bangalore,South,Independent House,1,3318,85.83,0.03,2002,Semi-furnished,8,16,23,5,6,South,Ready_to_Move
151185,151186,Karnataka,Bangalore,Central,Independent House,4,2331,156.91,0.07,1992,Furnished,15,10,33,5,6,South,Ready_to_Move
151201,151202,Karnataka,Bangalore,West,Independent House,4,3417,213.62,0.06,1990,Semi-furnished,9,15,35,5,4,South,Under_Construction
151229,151230,Karnataka,Bangalore,West,Apartment,4,1257,202.71,0.16,2008,Furnished,12,22,17,4,6,North,Ready_to_Move
151276,151277,Karnataka,Bangalore,North,Independent House,1,2117,436.6,0.21,2006,Furnished,2,22,19,8,7,North,Ready_to_Move
151316,151317,Karnataka,Bangalore,West,Apartment,3,3200,415.56,0.13,2021,Furnished,18,9,4,4,7,West,Under_Construction
151366,151367,Karnataka,Bangalore,North,Independent House,4,581,209.72,0.36,2022,Furnished,13,24,3,1,7,North,Under_Construction
151432,151433,Karnataka,Bangalore,Central,Villa,3,1783,237.53,0.13,2003,Furnished,7,19,22,9,10,West,Under_Construction
151483,151484,Karnataka,Bangalore,West,Independent House,1,877,110.93,0.13,2015,Unfurnished,13,27,10,4,8,West,Under_Construction
151490,151491,Karnataka,Bangalore,South-West,Apartment,1,2753,189.56,0.07,2023,Semi-furnished,28,28,2,10,2,North,Under_Construction
151551,151552,Karnataka,Bangalore,North-East,Apartment,4,4531,357.86,0.08,2003,Furnished,2,17,22,6,7,East,Under_Construction
151697,151698,Karnataka,Bangalore,South-East,Villa,1,3406,143.84,0.04,2003,Unfurnished,9,9,22,8,5,East,Under_Construction
151756,151757,Karnataka,Bangalore,Central,Apartment,2,2209,492.33,0.22,2015,Unfurnished,23,5,10,7,4,North,Under_Construction
151827,151828,Karnataka,Bangalore,East,Independent House,3,1502,468.7,0.31,1990,Unfurnished,27,3,35,6,5,South,Ready_to_Move
151857,151858,Karnataka,Bangalore,West,Apartment,4,3363,414.97,0.12,2002,Semi-furnished,16,22,23,9,1,South,Ready_to_Move
151891,151892,Karnataka,Bangalore,South,Apartment,4,3745,92.25,0.02,1996,Furnished,10,23,29,3,3,East,Under_Construction
151909,151910,Karnataka,Bangalore,South-East,Independent House,5,3944,284.82,0.07,1991,Semi-furnished,25,1,34,10,7,North,Under_Construction
151919,151920,Karnataka,Bangalore,West,Apartment,2,4710,53.24,0.01,1994,Furnished,22,17,31,9,5,South,Ready_to_Move
151921,151922,Karnataka,Bangalore,South,Independent House,4,1467,256.84,0.18,1991,Semi-furnished,21,25,34,5,5,West,Under_Construction
151925,151926,Karnataka,Bangalore,West,Independent House,1,4770,254.29,0.05,2001,Semi-furnished,15,20,24,5,7,North,Under_Construction
151937,151938,Karnataka,Bangalore,West,Apartment,2,604,407.07,0.67,1994,Unfurnished,13,15,31,5,10,North,Ready_to_Move
152129,152130,Karnataka,Bangalore,West,Apartment,1,992,160.92,0.16,2023,Semi-furnished,6,30,2,8,2,East,Under_Construction
152301,152302,Karnataka,Bangalore,South-West,Apartment,1,3180,120.36,0.04,2019,Semi-furnished,24,9,6,3,10,East,Ready_to_Move
152330,152331,Karnataka,Bangalore,South-East,Independent House,4,4048,457.95,0.11,2016,Furnished,29,24,9,3,5,South,Under_Construction
152358,152359,Karnataka,Bangalore,North-East,Villa,5,2122,87.76,0.04,2003,Unfurnished,2,16,22,1,7,South,Ready_to_Move
152488,152489,Karnataka,Bangalore,North-East,Independent House,2,1642,201.32,0.12,2003,Furnished,28,1,22,2,6,North,Under_Construction
152500,152501,Karnataka,Bangalore,South-West,Villa,4,1671,156.46,0.09,2007,Furnished,16,22,18,3,10,West,Under_Construction
152506,152507,Karnataka,Bangalore,East,Villa,3,3842,66.3,0.02,2015,Unfurnished,24,12,10,10,3,East,Ready_to_Move
152556,152557,Karnataka,Bangalore,North,Independent House,4,3267,366.71,0.11,1995,Semi-furnished,26,2,30,6,2,South,Under_Construction
152560,152561,Karnataka,Bangalore,South-East,Apartment,2,1044,354.78,0.34,1997,Furnished,22,22,28,8,5,North,Under_Construction
152626,152627,Karnataka,Bangalore,South-West,Apartment,1,4071,451.14,0.11,2011,Unfurnished,11,18,14,3,2,West,Ready_to_Move
152628,152629,Karnataka,Bangalore,South-East,Villa,5,956,205.97,0.22,2001,Furnished,21,20,24,5,6,North,Ready_to_Move
152672,152673,Karnataka,Bangalore,South-West,Independent House,2,1159,139.21,0.12,2019,Unfurnished,26,17,6,9,5,South,Ready_to_Move
152837,152838,Karnataka,Bangalore,South-East,Apartment,3,1755,135.58,0.08,2023,Semi-furnished,19,8,2,9,4,South,Under_Construction
152940,152941,Karnataka,Bangalore,East,Villa,1,4585,33.53,0.01,1995,Unfurnished,24,20,30,8,1,West,Under_Construction
153214,153215,Karnataka,Bangalore,North-East,Villa,5,1699,480.06,0.28,2007,Furnished,22,22,18,9,2,West,Under_Construction
153301,153302,Karnataka,Bangalore,South-West,Independent House,2,993,454.14,0.46,1996,Unfurnished,8,7,29,2,5,East,Ready_to_Move
153307,153308,Karnataka,Bangalore,Central,Independent House,2,3757,488.49,0.13,2014,Semi-furnished,23,17,11,2,4,East,Ready_to_Move
153324,153325,Karnataka,Bangalore,South,Apartment,4,3586,268.17,0.07,2008,Furnished,2,13,17,9,5,North,Ready_to_Move
153375,153376,Karnataka,Bangalore,South,Villa,3,3810,453.61,0.12,2019,Unfurnished,5,10,6,6,10,South,Under_Construction
153390,153391,Karnataka,Bangalore,West,Apartment,1,3344,485.48,0.15,1997,Semi-furnished,13,25,28,10,9,West,Ready_to_Move
153527,153528,Karnataka,Bangalore,North-East,Independent House,2,4097,200.4,0.05,1991,Semi-furnished,25,9,34,4,1,East,Ready_to_Move
153535,153536,Karnataka,Bangalore,North,Villa,5,1607,258.43,0.16,2018,Semi-furnished,27,27,7,6,10,West,Ready_to_Move
153542,153543,Karnataka,Bangalore,East,Apartment,1,1594,471.31,0.3,2002,Furnished,28,26,23,7,5,East,Ready_to_Move
153568,153569,Karnataka,Bangalore,West,Apartment,3,999,302.89,0.3,1991,Semi-furnished,30,4,34,5,9,South,Ready_to_Move
153573,153574,Karnataka,Bangalore,South-West,Apartment,3,1550,413.9,0.27,2023,Unfurnished,7,13,2,8,3,East,Under_Construction
153602,153603,Karnataka,Bangalore,Central,Independent House,4,795,462.41,0.58,2006,Unfurnished,3,15,19,6,7,West,Ready_to_Move
153743,153744,Karnataka,Bangalore,North,Independent House,1,598,177.26,0.3,2021,Unfurnished,0,4,4,3,6,North,Ready_to_Move
153744,153745,Karnataka,Bangalore,North-East,Independent House,4,988,84.54,0.09,1996,Furnished,4,15,29,7,3,South,Under_Construction
153823,153824,Karnataka,Bangalore,West,Villa,3,3529,265.6,0.08,2012,Semi-furnished,20,28,13,2,4,West,Under_Construction
153861,153862,Karnataka,Bangalore,North-East,Independent House,3,3918,263.6,0.07,1995,Unfurnished,29,16,30,4,3,East,Ready_to_Move
153886,153887,Karnataka,Bangalore,East,Villa,5,3532,78.21,0.02,2003,Furnished,25,17,22,4,10,West,Ready_to_Move
153915,153916,Karnataka,Bangalore,West,Villa,4,4907,288.14,0.06,1997,Semi-furnished,18,22,28,8,5,South,Ready_to_Move
154072,154073,Karnataka,Bangalore,South,Apartment,1,1498,273.87,0.18,2002,Unfurnished,8,25,23,1,6,South,Ready_to_Move
154154,154155,Karnataka,Bangalore,East,Independent House,2,4985,210.35,0.04,2004,Semi-furnished,6,3,21,2,5,West,Under_Construction
154440,154441,Karnataka,Bangalore,South-West,Independent House,1,2530,52.52,0.02,1993,Furnished,9,25,32,4,1,East,Under_Construction
154502,154503,Karnataka,Bangalore,Central,Apartment,1,1644,222.85,0.14,2005,Semi-furnished,29,28,20,9,9,South,Under_Construction
154507,154508,Karnataka,Bangalore,North-East,Villa,3,802,170.33,0.21,2007,Semi-furnished,20,27,18,8,3,West,Ready_to_Move
154569,154570,Karnataka,Bangalore,South,Villa,2,4148,122.85,0.03,1991,Semi-furnished,10,16,34,6,7,South,Ready_to_Move
154617,154618,Karnataka,Bangalore,North,Apartment,2,3977,465.3,0.12,2009,Unfurnished,7,10,16,9,10,North,Ready_to_Move
154628,154629,Karnataka,Bangalore,Central,Apartment,3,1307,288.04,0.22,2002,Unfurnished,28,25,23,3,5,South,Ready_to_Move
154742,154743,Karnataka,Bangalore,North,Independent House,3,896,88.24,0.1,2014,Furnished,12,5,11,8,6,East,Under_Construction
154777,154778,Karnataka,Bangalore,South-West,Independent House,5,2534,449.6,0.18,2021,Furnished,1,13,4,6,9,West,Under_Construction
154815,154816,Karnataka,Bangalore,South-East,Independent House,3,3914,129.55,0.03,2012,Unfurnished,16,8,13,5,2,West,Ready_to_Move
154826,154827,Karnataka,Bangalore,South-West,Villa,3,2499,168.73,0.07,2016,Furnished,5,24,9,6,10,East,Under_Construction
155032,155033,Karnataka,Bangalore,South,Villa,2,2115,195.43,0.09,2002,Unfurnished,9,19,23,2,5,South,Under_Construction
155153,155154,Karnataka,Bangalore,Central,Villa,3,1817,483.85,0.27,1999,Semi-furnished,9,19,26,7,7,East,Ready_to_Move
155329,155330,Karnataka,Bangalore,East,Independent House,3,3217,481.35,0.15,2000,Semi-furnished,15,30,25,3,5,North,Ready_to_Move
155499,155500,Karnataka,Bangalore,East,Villa,4,4249,444.24,0.1,1992,Unfurnished,24,18,33,7,4,North,Ready_to_Move
155661,155662,Karnataka,Bangalore,East,Independent House,2,4308,476.4,0.11,2022,Semi-furnished,27,17,3,7,7,West,Under_Construction
155770,155771,Karnataka,Bangalore,South-West,Villa,2,2541,36.72,0.01,2022,Unfurnished,27,30,3,1,4,East,Ready_to_Move
155906,155907,Karnataka,Bangalore,North,Independent House,5,1049,340.62,0.32,2013,Unfurnished,11,29,12,4,4,North,Ready_to_Move
155921,155922,Karnataka,Bangalore,South,Apartment,2,2437,214.62,0.09,1990,Unfurnished,17,11,35,9,5,South,Ready_to_Move
155924,155925,Karnataka,Bangalore,North-East,Villa,2,4217,296.97,0.07,2010,Furnished,8,30,15,10,2,South,Ready_to_Move
155951,155952,Karnataka,Bangalore,South-East,Independent House,3,1508,483.85,0.32,2003,Semi-furnished,17,16,22,1,4,West,Ready_to_Move
155958,155959,Karnataka,Bangalore,South-East,Apartment,4,1841,210.74,0.11,2006,Semi-furnished,30,17,19,5,8,South,Under_Construction
155980,155981,Karnataka,Bangalore,West,Independent House,1,4570,384.12,0.08,2001,Furnished,12,12,24,6,6,North,Under_Construction
156075,156076,Karnataka,Bangalore,Central,Apartment,1,2328,141.54,0.06,2009,Furnished,10,25,16,1,1,South,Ready_to_Move
156087,156088,Karnataka,Bangalore,North,Apartment,4,3131,313.51,0.1,2011,Semi-furnished,8,10,14,5,10,North,Ready_to_Move
156469,156470,Karnataka,Bangalore,East,Apartment,1,735,384.19,0.52,1990,Semi-furnished,26,17,35,6,2,South,Under_Construction
156501,156502,Karnataka,Bangalore,East,Independent House,2,3553,339.9,0.1,2009,Unfurnished,3,25,16,3,8,South,Ready_to_Move
156525,156526,Karnataka,Bangalore,North,Apartment,5,4936,269.85,0.05,1999,Furnished,3,30,26,2,1,North,Under_Construction
156735,156736,Karnataka,Bangalore,East,Apartment,3,4511,257.83,0.06,2011,Furnished,21,29,14,10,9,West,Ready_to_Move
156832,156833,Karnataka,Bangalore,North,Apartment,1,4266,424.45,0.1,2006,Semi-furnished,25,26,19,2,9,West,Ready_to_Move
156900,156901,Karnataka,Bangalore,North,Apartment,2,1055,484.24,0.46,2018,Furnished,7,14,7,3,5,South,Ready_to_Move
156908,156909,Karnataka,Bangalore,North,Apartment,1,4268,179.34,0.04,1996,Semi-furnished,21,11,29,1,8,East,Under_Construction
156917,156918,Karnataka,Bangalore,East,Independent House,3,3385,233.01,0.07,2023,Furnished,4,6,2,1,7,East,Ready_to_Move
156967,156968,Karnataka,Bangalore,South-East,Villa,4,3636,26.6,0.01,2019,Semi-furnished,6,26,6,10,6,West,Ready_to_Move
157012,157013,Karnataka,Bangalore,Central,Apartment,3,3122,145.62,0.05,2006,Semi-furnished,18,17,19,2,8,East,Under_Construction
157023,157024,Karnataka,Bangalore,North-East,Villa,3,3089,49.0,0.02,1999,Unfurnished,12,7,26,4,6,West,Under_Construction
157057,157058,Karnataka,Bangalore,East,Apartment,1,4693,242.57,0.05,1995,Furnished,3,19,30,10,7,East,Under_Construction
157063,157064,Karnataka,Bangalore,South-West,Independent House,3,4708,479.57,0.1,2020,Semi-furnished,8,12,5,9,5,South,Under_Construction
157074,157075,Karnataka,Bangalore,East,Villa,4,1089,363.7,0.33,1996,Furnished,7,2,29,7,7,North,Under_Construction
157097,157098,Karnataka,Bangalore,North-East,Apartment,4,2236,497.92,0.22,2010,Unfurnished,23,28,15,6,5,West,Under_Construction
157142,157143,Karnataka,Bangalore,North-East,Villa,5,1975,182.18,0.09,1994,Furnished,26,11,31,1,10,South,Under_Construction
157151,157152,Karnataka,Bangalore,North,Apartment,2,2704,80.11,0.03,2015,Semi-furnished,8,26,10,1,8,South,Under_Construction
157177,157178,Karnataka,Bangalore,North,Villa,5,2223,329.91,0.15,2000,Semi-furnished,15,9,25,8,5,East,Ready_to_Move
157217,157218,Karnataka,Bangalore,North,Apartment,2,2164,133.99,0.06,2021,Semi-furnished,1,23,4,5,1,West,Ready_to_Move
157232,157233,Karnataka,Bangalore,South,Apartment,4,3582,117.67,0.03,2013,Semi-furnished,20,26,12,9,9,East,Ready_to_Move
157243,157244,Karnataka,Bangalore,North,Apartment,2,2106,398.52,0.19,2009,Furnished,21,24,16,8,1,East,Under_Construction
157253,157254,Karnataka,Bangalore,East,Apartment,2,3644,121.03,0.03,1990,Semi-furnished,17,23,35,4,8,East,Ready_to_Move
157291,157292,Karnataka,Bangalore,South-East,Villa,4,4203,374.79,0.09,1991,Unfurnished,29,8,34,3,6,East,Ready_to_Move
157320,157321,Karnataka,Bangalore,North-East,Apartment,1,2451,335.41,0.14,2017,Semi-furnished,22,4,8,4,4,North,Ready_to_Move
157461,157462,Karnataka,Bangalore,North-East,Apartment,2,3861,140.81,0.04,1995,Unfurnished,30,20,30,1,8,South,Under_Construction
157462,157463,Karnataka,Bangalore,Central,Villa,2,4585,15.96,0.0,2003,Unfurnished,11,4,22,2,9,North,Under_Construction
157529,157530,Karnataka,Bangalore,Central,Villa,3,3417,27.15,0.01,1995,Semi-furnished,30,22,30,7,4,South,Ready_to_Move
157566,157567,Karnataka,Bangalore,Central,Apartment,3,2516,232.59,0.09,1994,Unfurnished,7,17,31,2,7,West,Ready_to_Move
157590,157591,Karnataka,Bangalore,North-East,Apartment,3,1534,145.78,0.1,1999,Furnished,17,3,26,6,6,South,Under_Construction
157689,157690,Karnataka,Bangalore,North-East,Apartment,4,2959,220.58,0.07,2018,Furnished,24,17,7,1,1,North,Ready_to_Move
157692,157693,Karnataka,Bangalore,East,Independent House,5,3969,79.38,0.02,2005,Semi-furnished,18,6,20,2,10,West,Under_Construction
157831,157832,Karnataka,Bangalore,East,Independent House,3,622,169.23,0.27,2011,Unfurnished,8,9,14,8,10,North,Ready_to_Move
157852,157853,Karnataka,Bangalore,South,Independent House,5,4320,64.96,0.02,2017,Furnished,17,2,8,2,8,South,Under_Construction
157907,157908,Karnataka,Bangalore,South,Villa,5,3992,443.74,0.11,2000,Furnished,25,5,25,6,9,East,Under_Construction
157914,157915,Karnataka,Bangalore,Central,Independent House,1,4523,97.54,0.02,2005,Furnished,21,4,20,4,1,South,Under_Construction
158029,158030,Karnataka,Bangalore,East,Villa,4,4261,457.52,0.11,2002,Furnished,18,21,23,1,5,South,Ready_to_Move
158075,158076,Karnataka,Bangalore,South-East,Apartment,4,4907,150.56,0.03,2005,Unfurnished,25,2,20,3,3,South,Ready_to_Move
158135,158136,Karnataka,Bangalore,North,Apartment,1,4136,37.81,0.01,1993,Semi-furnished,27,20,32,3,9,South,Under_Construction
158147,158148,Karnataka,Bangalore,North,Independent House,2,2728,21.25,0.01,2003,Semi-furnished,28,22,22,3,3,South,Under_Construction
158193,158194,Karnataka,Bangalore,West,Independent House,3,1883,309.91,0.16,1994,Semi-furnished,11,5,31,2,4,North,Under_Construction
158205,158206,Karnataka,Bangalore,South-East,Independent House,3,2111,123.71,0.06,2006,Unfurnished,24,26,19,3,4,West,Under_Construction
158291,158292,Karnataka,Bangalore,West,Independent House,3,4804,269.04,0.06,2015,Furnished,6,27,10,6,7,North,Ready_to_Move
158331,158332,Karnataka,Bangalore,South,Independent House,3,576,49.33,0.09,2023,Semi-furnished,24,29,2,8,2,South,Under_Construction
158408,158409,Karnataka,Bangalore,East,Apartment,1,4881,378.16,0.08,2005,Unfurnished,14,4,20,7,9,South,Ready_to_Move
158509,158510,Karnataka,Bangalore,South-West,Apartment,4,4651,197.35,0.04,2016,Unfurnished,18,17,9,8,5,East,Ready_to_Move
158553,158554,Karnataka,Bangalore,Central,Independent House,1,4787,135.85,0.03,2011,Furnished,5,30,14,9,2,East,Under_Construction
158665,158666,Karnataka,Bangalore,North,Villa,5,773,27.15,0.04,2014,Unfurnished,13,5,11,2,2,West,Under_Construction
158770,158771,Karnataka,Bangalore,Central,Apartment,2,1012,215.18,0.21,2012,Semi-furnished,21,16,13,5,1,West,Ready_to_Move
158787,158788,Karnataka,Bangalore,North-East,Villa,2,3464,263.27,0.08,1992,Semi-furnished,24,15,33,2,10,East,Under_Construction
158874,158875,Karnataka,Bangalore,Central,Apartment,4,1948,321.69,0.17,2010,Furnished,12,27,15,1,2,South,Under_Construction
158968,158969,Karnataka,Bangalore,West,Independent House,4,2969,193.63,0.07,1995,Furnished,2,24,30,4,6,North,Under_Construction
159266,159267,Karnataka,Bangalore,North,Villa,5,3508,174.08,0.05,1997,Semi-furnished,3,2,28,5,9,South,Under_Construction
159419,159420,Karnataka,Bangalore,South-West,Villa,3,3973,191.04,0.05,2002,Furnished,20,7,23,9,8,West,Ready_to_Move
159439,159440,Karnataka,Bangalore,South-East,Apartment,4,3385,448.65,0.13,2022,Furnished,1,7,3,3,7,North,Under_Construction
159464,159465,Karnataka,Bangalore,West,Apartment,1,4716,147.91,0.03,2013,Unfurnished,19,17,12,7,5,East,Ready_to_Move
159506,159507,Karnataka,Bangalore,Central,Apartment,2,3842,481.93,0.13,2006,Unfurnished,13,10,19,5,10,East,Under_Construction
159541,159542,Karnataka,Bangalore,South,Apartment,1,4969,419.91,0.08,2021,Unfurnished,29,23,4,2,8,South,Under_Construction
159569,159570,Karnataka,Bangalore,South-West,Apartment,5,760,58.85,0.08,2002,Semi-furnished,24,1,23,2,4,West,Ready_to_Move
159602,159603,Karnataka,Bangalore,Central,Apartment,2,3471,38.85,0.01,2014,Unfurnished,20,18,11,9,7,West,Ready_to_Move
159714,159715,Karnataka,Bangalore,South,Villa,2,4480,395.86,0.09,2005,Unfurnished,27,10,20,6,10,East,Ready_to_Move
159762,159763,Karnataka,Bangalore,South-West,Independent House,2,2919,39.83,0.01,1992,Unfurnished,3,24,33,1,10,North,Under_Construction
159786,159787,Karnataka,Bangalore,South-East,Independent House,2,4375,88.66,0.02,1995,Semi-furnished,17,3,30,8,7,South,Ready_to_Move
159864,159865,Karnataka,Bangalore,South-East,Independent House,4,1314,235.62,0.18,2010,Semi-furnished,21,30,15,4,6,South,Ready_to_Move
160101,160102,Karnataka,Bangalore,East,Apartment,3,1054,329.36,0.31,2006,Furnished,20,23,19,6,1,East,Ready_to_Move
160203,160204,Karnataka,Bangalore,South-West,Independent House,5,781,133.2,0.17,1998,Unfurnished,23,10,27,4,10,South,Under_Construction
160310,160311,Karnataka,Bangalore,Central,Apartment,5,4731,442.8,0.09,2019,Furnished,6,28,6,8,2,South,Ready_to_Move
160371,160372,Karnataka,Bangalore,Central,Villa,1,2020,358.95,0.18,1999,Unfurnished,17,23,26,10,6,North,Under_Construction
160394,160395,Karnataka,Bangalore,North-East,Villa,1,4471,276.83,0.06,1996,Unfurnished,18,11,29,5,8,North,Under_Construction
160537,160538,Karnataka,Bangalore,North,Independent House,4,4470,161.69,0.04,2006,Semi-furnished,27,10,19,9,3,East,Ready_to_Move
160638,160639,Karnataka,Bangalore,South-West,Apartment,1,3067,346.04,0.11,2022,Unfurnished,14,15,3,10,7,West,Under_Construction
160651,160652,Karnataka,Bangalore,West,Villa,2,1332,428.88,0.32,2000,Furnished,16,20,25,1,4,West,Under_Construction
160724,160725,Karnataka,Bangalore,North-East,Independent House,2,4262,130.41,0.03,2019,Semi-furnished,3,2,6,8,3,South,Ready_to_Move
160734,160735,Karnataka,Bangalore,North-East,Villa,3,4969,260.08,0.05,1996,Furnished,16,11,29,5,8,East,Ready_to_Move
160817,160818,Karnataka,Bangalore,East,Villa,5,1927,17.73,0.01,2023,Unfurnished,19,18,2,5,4,North,Ready_to_Move
160930,160931,Karnataka,Bangalore,North-East,Independent House,4,1629,177.61,0.11,2019,Unfurnished,6,3,6,7,8,North,Under_Construction
160952,160953,Karnataka,Bangalore,West,Villa,2,3956,180.19,0.05,2005,Unfurnished,1,3,20,7,5,West,Ready_to_Move
160985,160986,Karnataka,Bangalore,West,Apartment,4,3815,315.08,0.08,2016,Semi-furnished,13,22,9,3,4,South,Under_Construction
161027,161028,Karnataka,Bangalore,Central,Villa,4,4190,219.72,0.05,2008,Semi-furnished,9,9,17,1,10,North,Ready_to_Move
161053,161054,Karnataka,Bangalore,West,Villa,3,2817,128.73,0.05,2013,Unfurnished,2,12,12,4,7,North,Ready_to_Move
161184,161185,Karnataka,Bangalore,North-East,Villa,5,1478,34.78,0.02,1991,Semi-furnished,15,7,34,10,2,South,Under_Construction
161283,161284,Karnataka,Bangalore,North-East,Apartment,4,3298,202.11,0.06,2022,Semi-furnished,25,8,3,6,4,West,Ready_to_Move
161310,161311,Karnataka,Bangalore,North-East,Villa,3,1420,151.81,0.11,1994,Furnished,17,4,31,7,8,North,Ready_to_Move
161342,161343,Karnataka,Bangalore,West,Independent House,2,1363,338.18,0.25,2017,Furnished,28,26,8,4,9,West,Ready_to_Move
161497,161498,Karnataka,Bangalore,South,Villa,1,2210,49.67,0.02,2017,Unfurnished,12,15,8,5,9,West,Ready_to_Move
161530,161531,Karnataka,Bangalore,East,Villa,4,793,463.91,0.59,2006,Unfurnished,25,6,19,3,2,West,Under_Construction
161672,161673,Karnataka,Bangalore,South-East,Villa,5,4923,360.22,0.07,2006,Furnished,4,11,19,7,3,West,Under_Construction
161784,161785,Karnataka,Bangalore,North-East,Apartment,5,1734,232.06,0.13,1990,Furnished,2,14,35,8,2,West,Ready_to_Move
161821,161822,Karnataka,Bangalore,East,Independent House,1,2061,132.29,0.06,2014,Unfurnished,10,20,11,2,3,East,Under_Construction
162002,162003,Karnataka,Bangalore,South,Villa,1,4151,94.34,0.02,2005,Furnished,30,16,20,5,8,South,Under_Construction
162175,162176,Karnataka,Bangalore,South-West,Independent House,1,1001,144.65,0.14,1995,Semi-furnished,20,18,30,2,3,North,Ready_to_Move
162179,162180,Karnataka,Bangalore,North,Apartment,2,4756,345.27,0.07,1991,Unfurnished,12,5,34,7,9,West,Ready_to_Move
162193,162194,Karnataka,Bangalore,South-East,Independent House,3,4278,166.91,0.04,2019,Unfurnished,16,15,6,10,9,North,Ready_to_Move
162266,162267,Karnataka,Bangalore,West,Villa,2,3371,82.85,0.02,2005,Furnished,23,2,20,1,1,North,Under_Construction
162324,162325,Karnataka,Bangalore,South,Villa,5,2014,69.93,0.03,2019,Unfurnished,23,9,6,6,3,North,Under_Construction
162433,162434,Karnataka,Bangalore,South-East,Independent House,1,887,396.57,0.45,2023,Furnished,19,30,2,4,3,East,Under_Construction
162548,162549,Karnataka,Bangalore,West,Apartment,2,4960,469.11,0.09,2022,Semi-furnished,27,5,3,3,9,North,Ready_to_Move
162573,162574,Karnataka,Bangalore,Central,Villa,2,758,315.07,0.42,2009,Furnished,22,3,16,7,7,East,Under_Construction
162640,162641,Karnataka,Bangalore,East,Villa,1,3515,282.63,0.08,2018,Furnished,20,22,7,6,2,North,Under_Construction
162650,162651,Karnataka,Bangalore,South-East,Apartment,1,1795,257.43,0.14,1991,Furnished,26,8,34,6,2,North,Ready_to_Move
162672,162673,Karnataka,Bangalore,Central,Villa,2,4094,133.05,0.03,1999,Semi-furnished,0,19,26,6,4,North,Under_Construction
162697,162698,Karnataka,Bangalore,West,Villa,4,2689,389.27,0.14,2022,Furnished,1,19,3,3,2,West,Ready_to_Move
162766,162767,Karnataka,Bangalore,North,Villa,3,1441,455.12,0.32,2011,Furnished,29,11,14,2,8,North,Ready_to_Move
162767,162768,Karnataka,Bangalore,North-East,Apartment,5,3354,267.0,0.08,2009,Furnished,1,28,16,2,5,West,Under_Construction
162771,162772,Karnataka,Bangalore,North,Apartment,1,1095,431.69,0.39,2011,Furnished,24,23,14,2,6,North,Ready_to_Move
163000,163001,Karnataka,Bangalore,South-West,Apartment,1,4752,418.84,0.09,2015,Semi-furnished,4,7,10,9,10,West,Under_Construction
163102,163103,Karnataka,Bangalore,South-East,Villa,4,4614,425.91,0.09,1993,Furnished,7,9,32,7,5,West,Ready_to_Move
163113,163114,Karnataka,Bangalore,North,Independent House,3,3735,170.15,0.05,2023,Unfurnished,27,7,2,1,4,North,Under_Construction
163148,163149,Karnataka,Bangalore,North,Villa,1,1164,89.41,0.08,2001,Furnished,5,7,24,7,1,South,Under_Construction
163174,163175,Karnataka,Bangalore,East,Villa,2,1785,148.92,0.08,2005,Semi-furnished,12,20,20,9,8,North,Ready_to_Move
163184,163185,Karnataka,Bangalore,South-East,Apartment,3,1423,232.61,0.16,2010,Furnished,2,13,15,3,1,East,Ready_to_Move
163200,163201,Karnataka,Bangalore,North-East,Villa,3,1745,280.18,0.16,2013,Unfurnished,11,14,12,7,10,North,Under_Construction
163239,163240,Karnataka,Bangalore,East,Independent House,2,612,327.73,0.54,2016,Semi-furnished,9,18,9,1,2,South,Under_Construction
163346,163347,Karnataka,Bangalore,South-West,Independent House,4,1163,41.24,0.04,2008,Furnished,21,20,17,2,2,East,Under_Construction
163468,163469,Karnataka,Bangalore,South,Apartment,5,2841,465.97,0.16,2020,Unfurnished,22,28,5,3,5,North,Ready_to_Move
163592,163593,Karnataka,Bangalore,East,Villa,1,531,451.24,0.85,1995,Furnished,7,3,30,7,3,West,Under_Construction
163632,163633,Karnataka,Bangalore,West,Independent House,1,3515,77.22,0.02,1995,Furnished,21,3,30,2,4,West,Ready_to_Move
163705,163706,Karnataka,Bangalore,East,Independent House,4,2596,327.09,0.13,2013,Unfurnished,0,28,12,9,2,South,Under_Construction
163737,163738,Karnataka,Bangalore,South,Apartment,5,1366,173.22,0.13,2022,Unfurnished,12,23,3,1,6,West,Under_Construction
163771,163772,Karnataka,Bangalore,North-East,Apartment,4,1997,391.42,0.2,2013,Unfurnished,14,13,12,7,7,West,Ready_to_Move
163805,163806,Karnataka,Bangalore,North-East,Independent House,2,1649,112.02,0.07,2012,Furnished,0,8,13,10,7,South,Under_Construction
163833,163834,Karnataka,Bangalore,North-East,Villa,1,971,402.15,0.41,2009,Semi-furnished,14,17,16,7,2,East,Ready_to_Move
163951,163952,Karnataka,Bangalore,North-East,Independent House,5,2467,175.16,0.07,2005,Semi-furnished,2,14,20,9,10,North,Under_Construction
163964,163965,Karnataka,Bangalore,Central,Independent House,3,3499,263.12,0.08,1991,Semi-furnished,25,25,34,10,1,West,Ready_to_Move
164200,164201,Karnataka,Bangalore,South-West,Independent House,3,2475,93.66,0.04,2011,Furnished,20,29,14,10,10,East,Under_Construction
164201,164202,Karnataka,Bangalore,East,Apartment,5,4903,227.03,0.05,2021,Furnished,29,2,4,5,4,West,Under_Construction
164278,164279,Karnataka,Bangalore,South-East,Villa,5,1215,467.48,0.38,2021,Semi-furnished,15,25,4,2,3,East,Ready_to_Move
164296,164297,Karnataka,Bangalore,West,Villa,3,1675,421.37,0.25,2003,Semi-furnished,21,19,22,10,5,East,Ready_to_Move
164302,164303,Karnataka,Bangalore,North-East,Independent House,1,2262,150.41,0.07,1993,Semi-furnished,21,21,32,2,5,South,Ready_to_Move
164460,164461,Karnataka,Bangalore,Central,Villa,1,1980,263.84,0.13,1992,Semi-furnished,8,14,33,2,6,North,Under_Construction
164478,164479,Karnataka,Bangalore,South-West,Apartment,4,3114,318.91,0.1,1999,Furnished,16,9,26,5,7,South,Under_Construction
164589,164590,Karnataka,Bangalore,South,Villa,5,1571,262.64,0.17,2022,Furnished,23,9,3,6,7,North,Ready_to_Move
164591,164592,Karnataka,Bangalore,North-East,Apartment,2,4752,33.52,0.01,2015,Unfurnished,29,18,10,4,9,West,Under_Construction
164808,164809,Karnataka,Bangalore,North,Apartment,4,2043,186.37,0.09,2013,Unfurnished,16,21,12,6,10,South,Ready_to_Move
164965,164966,Karnataka,Bangalore,South,Villa,1,1972,365.88,0.19,1997,Furnished,26,9,28,10,6,North,Ready_to_Move
164993,164994,Karnataka,Bangalore,West,Villa,2,4675,322.29,0.07,2004,Furnished,22,10,21,8,7,West,Under_Construction
165003,165004,Karnataka,Bangalore,North-East,Villa,3,3666,72.84,0.02,1993,Unfurnished,13,13,32,4,5,West,Ready_to_Move
165004,165005,Karnataka,Bangalore,South-West,Villa,1,4758,491.68,0.1,1996,Furnished,11,6,29,10,4,North,Under_Construction
165051,165052,Karnataka,Bangalore,North,Apartment,2,2442,328.15,0.13,1991,Furnished,14,28,34,9,8,West,Ready_to_Move
165115,165116,Karnataka,Bangalore,South,Villa,3,1444,345.46,0.24,1998,Semi-furnished,20,23,27,6,1,South,Ready_to_Move
165188,165189,Karnataka,Bangalore,Central,Apartment,1,2246,403.53,0.18,2012,Unfurnished,29,12,13,5,10,South,Ready_to_Move
165228,165229,Karnataka,Bangalore,North,Apartment,1,2131,327.45,0.15,2002,Semi-furnished,15,3,23,5,7,West,Ready_to_Move
165304,165305,Karnataka,Bangalore,South-West,Apartment,2,4677,418.2,0.09,2014,Semi-furnished,16,30,11,2,5,West,Ready_to_Move
165481,165482,Karnataka,Bangalore,East,Independent House,1,4345,468.68,0.11,1992,Semi-furnished,22,27,33,6,9,West,Ready_to_Move
165534,165535,Karnataka,Bangalore,North,Independent House,2,2190,441.86,0.2,1995,Semi-furnished,13,14,30,10,3,East,Under_Construction
165535,165536,Karnataka,Bangalore,West,Villa,4,1650,63.63,0.04,2004,Semi-furnished,0,28,21,9,4,North,Under_Construction
165648,165649,Karnataka,Bangalore,Central,Villa,2,4023,60.05,0.01,1993,Unfurnished,7,29,32,9,4,East,Under_Construction
165731,165732,Karnataka,Bangalore,Central,Apartment,2,2128,83.87,0.04,2011,Semi-furnished,13,10,14,7,7,West,Under_Construction
165780,165781,Karnataka,Bangalore,South-East,Independent House,1,1747,20.25,0.01,2023,Semi-furnished,21,28,2,4,3,East,Under_Construction
165788,165789,Karnataka,Bangalore,Central,Apartment,3,3519,448.81,0.13,2014,Semi-furnished,23,6,11,4,8,West,Under_Construction
165843,165844,Karnataka,Bangalore,Central,Apartment,3,4111,169.92,0.04,1999,Furnished,30,26,26,7,4,North,Ready_to_Move
165860,165861,Karnataka,Bangalore,South-West,Apartment,2,3653,293.78,0.08,1996,Semi-furnished,20,6,29,10,5,South,Under_Construction
166002,166003,Karnataka,Bangalore,East,Independent House,4,2464,496.29,0.2,2012,Furnished,23,25,13,6,2,West,Under_Construction
166039,166040,Karnataka,Bangalore,South-East,Apartment,3,3354,193.9,0.06,2007,Furnished,24,25,18,6,6,North,Ready_to_Move
166138,166139,Karnataka,Bangalore,South-West,Independent House,3,3267,454.58,0.14,2010,Semi-furnished,13,25,15,4,10,East,Under_Construction
166152,166153,Karnataka,Bangalore,West,Villa,4,4494,386.09,0.09,2002,Unfurnished,8,6,23,2,6,East,Under_Construction
166184,166185,Karnataka,Bangalore,North,Independent House,4,1748,233.69,0.13,2011,Unfurnished,5,26,14,8,7,North,Ready_to_Move
166205,166206,Karnataka,Bangalore,North-East,Independent House,5,3170,452.8,0.14,1992,Semi-furnished,6,12,33,6,5,West,Under_Construction
166343,166344,Karnataka,Bangalore,South-West,Independent House,4,4639,80.57,0.02,2004,Furnished,25,5,21,6,7,South,Ready_to_Move
166389,166390,Karnataka,Bangalore,Central,Apartment,5,2876,81.86,0.03,2006,Furnished,1,19,19,2,5,South,Under_Construction
166393,166394,Karnataka,Bangalore,East,Independent House,5,2430,321.71,0.13,1996,Furnished,27,3,29,6,5,South,Under_Construction
166398,166399,Karnataka,Bangalore,North,Apartment,5,734,309.48,0.42,2012,Furnished,25,28,13,5,3,North,Under_Construction
166408,166409,Karnataka,Bangalore,South-East,Villa,3,4636,286.49,0.06,2013,Furnished,7,16,12,7,2,North,Under_Construction
166464,166465,Karnataka,Bangalore,North-East,Independent House,4,3977,324.09,0.08,1993,Semi-furnished,15,18,32,8,2,South,Under_Construction
166478,166479,Karnataka,Bangalore,Central,Apartment,4,1982,64.26,0.03,2008,Unfurnished,29,17,17,10,2,West,Under_Construction
166509,166510,Karnataka,Bangalore,South-West,Apartment,4,4906,333.66,0.07,2021,Semi-furnished,1,4,4,3,2,South,Under_Construction
166536,166537,Karnataka,Bangalore,South-East,Villa,2,1103,349.84,0.32,2000,Unfurnished,8,20,25,9,9,East,Under_Construction
166561,166562,Karnataka,Bangalore,North,Villa,3,2056,123.29,0.06,2018,Semi-furnished,10,20,7,4,9,East,Ready_to_Move
166677,166678,Karnataka,Bangalore,South,Villa,3,4785,195.56,0.04,2002,Unfurnished,13,5,23,5,8,North,Ready_to_Move
166679,166680,Karnataka,Bangalore,South-West,Villa,3,4755,194.01,0.04,2004,Semi-furnished,30,25,21,10,6,West,Under_Construction
166692,166693,Karnataka,Bangalore,West,Villa,5,2316,309.82,0.13,2019,Furnished,24,25,6,3,4,North,Under_Construction
166737,166738,Karnataka,Bangalore,South-East,Villa,2,4065,345.54,0.09,1992,Semi-furnished,13,2,33,5,4,South,Under_Construction
166903,166904,Karnataka,Bangalore,Central,Villa,1,3178,256.77,0.08,2018,Unfurnished,19,4,7,5,4,East,Ready_to_Move
166908,166909,Karnataka,Bangalore,South,Apartment,2,987,295.13,0.3,2022,Unfurnished,4,25,3,4,8,North,Ready_to_Move
166932,166933,Karnataka,Bangalore,North-East,Villa,1,1446,230.72,0.16,2004,Furnished,8,2,21,8,5,South,Ready_to_Move
166937,166938,Karnataka,Bangalore,North,Independent House,4,2045,49.29,0.02,2012,Furnished,23,15,13,8,3,East,Ready_to_Move
166946,166947,Karnataka,Bangalore,South-West,Apartment,3,4722,120.75,0.03,1990,Unfurnished,21,25,35,7,5,East,Under_Construction
166953,166954,Karnataka,Bangalore,West,Apartment,5,4098,246.4,0.06,2013,Unfurnished,29,27,12,7,2,West,Ready_to_Move
166964,166965,Karnataka,Bangalore,South-West,Apartment,5,3505,144.67,0.04,2009,Semi-furnished,8,12,16,3,5,North,Ready_to_Move
167010,167011,Karnataka,Bangalore,South-West,Independent House,5,3574,84.17,0.02,1995,Unfurnished,23,24,30,4,8,East,Under_Construction
167040,167041,Karnataka,Bangalore,North-East,Villa,3,812,367.17,0.45,2011,Semi-furnished,5,25,14,4,5,East,Ready_to_Move
167073,167074,Karnataka,Bangalore,North-East,Independent House,5,1966,169.45,0.09,1996,Furnished,21,26,29,7,1,East,Ready_to_Move
167115,167116,Karnataka,Bangalore,West,Apartment,3,2425,368.24,0.15,2004,Unfurnished,13,19,21,6,4,West,Under_Construction
167129,167130,Karnataka,Bangalore,South-West,Villa,5,2481,132.68,0.05,2015,Unfurnished,11,24,10,7,1,East,Under_Construction
167130,167131,Karnataka,Bangalore,North-East,Apartment,5,1408,454.81,0.32,2008,Unfurnished,21,25,17,7,10,North,Under_Construction
167134,167135,Karnataka,Bangalore,South,Independent House,5,3124,48.53,0.02,2004,Furnished,30,28,21,10,9,South,Under_Construction
167170,167171,Karnataka,Bangalore,South,Apartment,5,1524,195.69,0.13,1999,Semi-furnished,18,20,26,1,3,West,Ready_to_Move
167192,167193,Karnataka,Bangalore,East,Apartment,2,1111,402.74,0.36,1990,Semi-furnished,25,25,35,10,9,North,Under_Construction
167292,167293,Karnataka,Bangalore,Central,Villa,2,2879,170.44,0.06,1998,Furnished,0,3,27,8,9,South,Ready_to_Move
167303,167304,Karnataka,Bangalore,East,Independent House,5,3343,393.66,0.12,2017,Semi-furnished,14,16,8,7,8,East,Under_Construction
167305,167306,Karnataka,Bangalore,South-East,Independent House,1,4821,221.78,0.05,2014,Unfurnished,7,14,11,1,5,West,Under_Construction
167350,167351,Karnataka,Bangalore,South,Villa,3,1530,168.29,0.11,1997,Furnished,24,4,28,2,9,East,Ready_to_Move
167370,167371,Karnataka,Bangalore,East,Villa,1,3629,419.59,0.12,2005,Semi-furnished,24,27,20,1,8,West,Under_Construction
167459,167460,Karnataka,Bangalore,East,Apartment,3,502,304.78,0.61,2001,Unfurnished,2,22,24,6,3,North,Ready_to_Move
167482,167483,Karnataka,Bangalore,South,Villa,5,2882,310.16,0.11,1998,Furnished,20,15,27,2,9,South,Ready_to_Move
167488,167489,Karnataka,Bangalore,North-East,Apartment,3,2544,244.7,0.1,2008,Semi-furnished,7,12,17,5,5,North,Under_Construction
167716,167717,Karnataka,Bangalore,North,Independent House,1,3085,415.26,0.13,2011,Semi-furnished,14,29,14,10,1,North,Ready_to_Move
167724,167725,Karnataka,Bangalore,South-West,Apartment,2,1138,424.6,0.37,2000,Furnished,21,23,25,6,7,North,Ready_to_Move
167874,167875,Karnataka,Bangalore,South,Apartment,4,4199,47.61,0.01,2007,Furnished,5,21,18,4,9,South,Under_Construction
167887,167888,Karnataka,Bangalore,West,Independent House,2,1721,77.71,0.05,2016,Furnished,27,18,9,9,2,West,Ready_to_Move
167890,167891,Karnataka,Bangalore,North-East,Villa,5,4970,283.57,0.06,2018,Furnished,8,8,7,9,9,West,Ready_to_Move
167928,167929,Karnataka,Bangalore,North-East,Apartment,1,576,333.1,0.58,1998,Unfurnished,28,6,27,1,3,South,Under_Construction
167929,167930,Karnataka,Bangalore,North,Villa,3,1620,272.78,0.17,2017,Semi-furnished,8,15,8,5,5,North,Ready_to_Move
167975,167976,Karnataka,Bangalore,West,Apartment,4,1521,24.29,0.02,2011,Unfurnished,10,16,14,7,7,South,Ready_to_Move
168117,168118,Karnataka,Bangalore,North,Independent House,3,669,162.09,0.24,2012,Semi-furnished,26,17,13,7,7,East,Under_Construction
168131,168132,Karnataka,Bangalore,West,Villa,3,2580,37.65,0.01,2004,Semi-furnished,12,1,21,9,10,North,Ready_to_Move
168146,168147,Karnataka,Bangalore,West,Independent House,2,3346,289.66,0.09,1993,Furnished,5,4,32,1,2,East,Ready_to_Move
168278,168279,Karnataka,Bangalore,South,Villa,1,2979,356.6,0.12,1990,Unfurnished,29,24,35,5,1,South,Ready_to_Move
168284,168285,Karnataka,Bangalore,North,Apartment,1,2472,323.68,0.13,1996,Semi-furnished,7,6,29,2,5,South,Under_Construction
168411,168412,Karnataka,Bangalore,South-East,Villa,5,4495,445.23,0.1,1995,Furnished,1,23,30,3,4,East,Ready_to_Move
168451,168452,Karnataka,Bangalore,South-East,Apartment,2,3480,353.81,0.1,1992,Furnished,16,5,33,6,7,East,Under_Construction
168483,168484,Karnataka,Bangalore,South-East,Apartment,5,2407,211.1,0.09,2014,Semi-furnished,11,23,11,7,10,West,Ready_to_Move
168567,168568,Karnataka,Bangalore,East,Independent House,4,4856,261.48,0.05,1993,Semi-furnished,1,8,32,3,7,East,Under_Construction
168592,168593,Karnataka,Bangalore,South-East,Independent House,4,835,162.29,0.19,2003,Semi-furnished,15,29,22,6,6,West,Under_Construction
168600,168601,Karnataka,Bangalore,West,Apartment,3,4917,294.13,0.06,2016,Semi-furnished,5,18,9,5,6,North,Ready_to_Move
168630,168631,Karnataka,Bangalore,South,Independent House,4,4019,448.13,0.11,1994,Semi-furnished,2,17,31,8,10,East,Under_Construction
168787,168788,Karnataka,Bangalore,South-West,Apartment,1,802,194.48,0.24,2008,Furnished,11,29,17,6,5,South,Under_Construction
168874,168875,Karnataka,Bangalore,North,Independent House,5,2655,261.53,0.1,2002,Semi-furnished,20,4,23,1,4,East,Under_Construction
168890,168891,Karnataka,Bangalore,Central,Villa,1,1005,190.02,0.19,2003,Furnished,9,7,22,5,6,West,Under_Construction
169024,169025,Karnataka,Bangalore,North,Independent House,1,633,13.08,0.02,2019,Semi-furnished,29,1,6,6,1,South,Under_Construction
169151,169152,Karnataka,Bangalore,South-West,Apartment,5,796,341.74,0.43,2020,Semi-furnished,27,4,5,1,6,East,Under_Construction
169286,169287,Karnataka,Bangalore,South-East,Villa,5,2828,277.53,0.1,2010,Unfurnished,12,12,15,4,5,West,Under_Construction
169379,169380,Karnataka,Bangalore,South-East,Villa,4,2359,463.75,0.2,1995,Unfurnished,16,2,30,9,5,North,Under_Construction
169383,169384,Karnataka,Bangalore,North-East,Villa,5,4341,11.14,0.0,1991,Semi-furnished,13,18,34,6,5,West,Under_Construction
169496,169497,Karnataka,Bangalore,West,Apartment,4,796,429.58,0.54,2014,Unfurnished,22,25,11,9,1,South,Under_Construction
169678,169679,Karnataka,Bangalore,South,Villa,4,955,340.85,0.36,2004,Unfurnished,29,24,21,3,3,North,Under_Construction
169839,169840,Karnataka,Bangalore,North-East,Villa,4,3814,65.72,0.02,1995,Unfurnished,1,23,30,5,1,West,Under_Construction
169960,169961,Karnataka,Bangalore,South,Independent House,3,3229,288.25,0.09,2016,Semi-furnished,10,9,9,7,6,South,Ready_to_Move
170054,170055,Karnataka,Bangalore,Central,Independent House,5,1329,26.21,0.02,1991,Unfurnished,29,28,34,8,3,West,Under_Construction
170168,170169,Karnataka,Bangalore,Central,Independent House,3,2793,374.9,0.13,2005,Unfurnished,13,3,20,5,6,East,Under_Construction
170178,170179,Karnataka,Bangalore,North-East,Independent House,2,911,200.03,0.22,2018,Furnished,7,1,7,7,1,North,Under_Construction
170184,170185,Karnataka,Bangalore,South-East,Apartment,5,4674,68.84,0.01,2023,Unfurnished,17,22,2,7,6,South,Ready_to_Move
170212,170213,Karnataka,Bangalore,West,Independent House,2,2746,470.7,0.17,2021,Furnished,10,14,4,9,9,West,Ready_to_Move
170229,170230,Karnataka,Bangalore,West,Villa,4,2634,115.6,0.04,2020,Semi-furnished,3,28,5,5,5,West,Ready_to_Move
170412,170413,Karnataka,Bangalore,North,Apartment,5,1340,322.84,0.24,2008,Semi-furnished,13,13,17,1,6,East,Ready_to_Move
170521,170522,Karnataka,Bangalore,North,Independent House,4,1120,72.73,0.06,1994,Unfurnished,11,19,31,9,2,North,Under_Construction
170545,170546,Karnataka,Bangalore,South-West,Independent House,4,3217,341.42,0.11,1997,Semi-furnished,3,20,28,8,1,East,Ready_to_Move
170664,170665,Karnataka,Bangalore,South-West,Independent House,1,1948,46.39,0.02,2012,Unfurnished,10,13,13,8,8,East,Ready_to_Move
170748,170749,Karnataka,Bangalore,South-East,Independent House,1,3369,435.89,0.13,1994,Furnished,1,11,31,1,10,North,Under_Construction
170753,170754,Karnataka,Bangalore,West,Apartment,1,2495,344.42,0.14,2019,Unfurnished,17,13,6,2,4,South,Under_Construction
170828,170829,Karnataka,Bangalore,South-East,Apartment,2,999,489.41,0.49,2004,Semi-furnished,23,7,21,8,4,West,Ready_to_Move
170829,170830,Karnataka,Bangalore,South,Apartment,4,3898,396.54,0.1,2008,Furnished,0,24,17,9,3,East,Under_Construction
170996,170997,Karnataka,Bangalore,North-East,Independent House,4,2577,95.55,0.04,1994,Unfurnished,17,10,31,8,10,West,Under_Construction
171018,171019,Karnataka,Bangalore,South-East,Apartment,4,4891,420.51,0.09,1992,Semi-furnished,12,6,33,4,3,West,Ready_to_Move
171077,171078,Karnataka,Bangalore,East,Apartment,5,776,19.05,0.02,2016,Semi-furnished,13,16,9,1,2,North,Ready_to_Move
171317,171318,Karnataka,Bangalore,North-East,Apartment,3,3604,391.31,0.11,1996,Furnished,18,19,29,2,8,South,Under_Construction
171342,171343,Karnataka,Bangalore,South-West,Apartment,4,3972,87.63,0.02,1997,Furnished,9,13,28,2,5,West,Ready_to_Move
171344,171345,Karnataka,Bangalore,South,Independent House,5,2729,363.18,0.13,2011,Semi-furnished,7,6,14,6,6,South,Under_Construction
171402,171403,Karnataka,Bangalore,West,Independent House,1,4708,497.59,0.11,1997,Semi-furnished,12,27,28,2,1,West,Under_Construction
171414,171415,Karnataka,Bangalore,South-East,Independent House,5,3128,44.75,0.01,2000,Furnished,12,24,25,3,10,West,Under_Construction
171650,171651,Karnataka,Bangalore,North,Apartment,2,2543,441.21,0.17,1993,Unfurnished,30,6,32,7,7,West,Under_Construction
171694,171695,Karnataka,Bangalore,South-East,Apartment,3,808,137.43,0.17,2003,Unfurnished,26,1,22,7,10,West,Ready_to_Move
171746,171747,Karnataka,Bangalore,Central,Apartment,4,3880,254.43,0.07,2006,Unfurnished,6,15,19,7,5,East,Ready_to_Move
171759,171760,Karnataka,Bangalore,North,Villa,1,3502,257.79,0.07,1999,Semi-furnished,1,2,26,10,5,South,Ready_to_Move
171799,171800,Karnataka,Bangalore,North-East,Apartment,1,3462,85.4,0.02,2011,Semi-furnished,5,14,14,2,2,West,Under_Construction
171969,171970,Karnataka,Bangalore,South-East,Apartment,3,3106,410.34,0.13,2012,Unfurnished,4,4,13,7,3,North,Ready_to_Move
172114,172115,Karnataka,Bangalore,South,Villa,3,4532,299.33,0.07,2007,Furnished,20,20,18,1,1,East,Under_Construction
172137,172138,Karnataka,Bangalore,North,Apartment,1,617,67.53,0.11,1991,Semi-furnished,5,12,34,9,7,South,Ready_to_Move
172166,172167,Karnataka,Bangalore,East,Independent House,1,4987,54.82,0.01,2007,Unfurnished,0,16,18,9,6,East,Under_Construction
172204,172205,Karnataka,Bangalore,North-East,Villa,3,3807,178.45,0.05,2001,Semi-furnished,13,1,24,8,6,South,Ready_to_Move
172328,172329,Karnataka,Bangalore,South-East,Villa,3,994,499.18,0.5,1999,Furnished,6,9,26,7,7,North,Ready_to_Move
172338,172339,Karnataka,Bangalore,North-East,Apartment,1,877,361.26,0.41,1996,Semi-furnished,15,1,29,6,2,South,Under_Construction
172361,172362,Karnataka,Bangalore,Central,Apartment,3,4793,67.63,0.01,1992,Furnished,14,12,33,7,1,South,Ready_to_Move
172394,172395,Karnataka,Bangalore,South,Independent House,5,2736,119.84,0.04,1996,Unfurnished,14,24,29,6,4,South,Under_Construction
172433,172434,Karnataka,Bangalore,South-West,Villa,5,3626,15.92,0.0,2018,Semi-furnished,1,23,7,9,5,West,Ready_to_Move
172434,172435,Karnataka,Bangalore,North-East,Independent House,5,1484,165.26,0.11,2019,Unfurnished,28,9,6,6,9,North,Under_Construction
172499,172500,Karnataka,Bangalore,Central,Independent House,2,2164,321.53,0.15,1995,Semi-furnished,13,29,30,9,3,East,Ready_to_Move
172584,172585,Karnataka,Bangalore,South-East,Villa,1,4504,497.88,0.11,2010,Furnished,17,27,15,8,5,North,Under_Construction
172593,172594,Karnataka,Bangalore,South,Villa,2,3881,324.18,0.08,2014,Furnished,22,16,11,4,8,East,Ready_to_Move
172666,172667,Karnataka,Bangalore,South-East,Villa,3,3798,459.4,0.12,2009,Unfurnished,1,20,16,7,4,West,Ready_to_Move
172729,172730,Karnataka,Bangalore,South-West,Apartment,2,2376,88.51,0.04,2011,Furnished,29,21,14,3,2,West,Ready_to_Move
172855,172856,Karnataka,Bangalore,North,Independent House,2,2026,487.98,0.24,2006,Unfurnished,4,10,19,10,5,East,Under_Construction
172856,172857,Karnataka,Bangalore,South-West,Villa,3,705,399.2,0.57,2015,Semi-furnished,10,11,10,2,9,North,Ready_to_Move
172870,172871,Karnataka,Bangalore,North-East,Villa,4,3477,341.64,0.1,2023,Semi-furnished,30,17,2,8,7,West,Ready_to_Move
172963,172964,Karnataka,Bangalore,East,Apartment,2,3135,398.8,0.13,1992,Semi-furnished,14,4,33,10,4,East,Under_Construction
172977,172978,Karnataka,Bangalore,North,Apartment,5,1630,24.93,0.02,1991,Unfurnished,7,3,34,3,4,West,Under_Construction
173051,173052,Karnataka,Bangalore,South,Independent House,1,4716,215.52,0.05,2007,Furnished,5,23,18,2,5,North,Ready_to_Move
173104,173105,Karnataka,Bangalore,South-East,Villa,5,4424,209.65,0.05,2005,Furnished,26,19,20,10,10,East,Under_Construction
173217,173218,Karnataka,Bangalore,South-West,Villa,4,3041,305.88,0.1,2005,Furnished,5,15,20,2,6,North,Ready_to_Move
173256,173257,Karnataka,Bangalore,Central,Independent House,5,1061,279.95,0.26,1990,Furnished,24,6,35,1,7,East,Under_Construction
173257,173258,Karnataka,Bangalore,North,Independent House,4,557,327.3,0.59,2022,Semi-furnished,10,30,3,10,10,West,Ready_to_Move
173335,173336,Karnataka,Bangalore,West,Apartment,4,3635,460.6,0.13,2012,Unfurnished,0,4,13,7,2,North,Under_Construction
173337,173338,Karnataka,Bangalore,East,Apartment,5,4832,317.63,0.07,1995,Furnished,20,24,30,5,10,West,Under_Construction
173352,173353,Karnataka,Bangalore,South-West,Apartment,1,2731,52.75,0.02,2011,Unfurnished,21,7,14,8,8,East,Under_Construction
173434,173435,Karnataka,Bangalore,Central,Independent House,1,1511,351.74,0.23,1991,Unfurnished,5,17,34,10,6,East,Ready_to_Move
173536,173537,Karnataka,Bangalore,South-West,Apartment,4,3507,447.69,0.13,1998,Furnished,12,1,27,7,7,East,Ready_to_Move
173554,173555,Karnataka,Bangalore,Central,Villa,1,1246,194.7,0.16,1992,Semi-furnished,19,7,33,2,1,West,Under_Construction
173583,173584,Karnataka,Bangalore,East,Apartment,3,1343,38.25,0.03,2003,Furnished,25,20,22,8,5,South,Under_Construction
173676,173677,Karnataka,Bangalore,South-West,Apartment,1,1202,491.97,0.41,1992,Furnished,10,3,33,4,5,South,Under_Construction
173735,173736,Karnataka,Bangalore,East,Apartment,3,4106,391.24,0.1,2022,Semi-furnished,30,12,3,10,7,West,Ready_to_Move
173769,173770,Karnataka,Bangalore,West,Independent House,2,2768,50.96,0.02,2022,Furnished,30,15,3,9,7,West,Under_Construction
173878,173879,Karnataka,Bangalore,East,Villa,3,1554,90.78,0.06,2007,Furnished,4,11,18,4,5,East,Ready_to_Move
173918,173919,Karnataka,Bangalore,North-East,Apartment,2,3634,320.18,0.09,1999,Semi-furnished,21,23,26,9,6,North,Under_Construction
173979,173980,Karnataka,Bangalore,North-East,Apartment,3,2766,435.56,0.16,2023,Unfurnished,14,27,2,5,10,West,Under_Construction
174155,174156,Karnataka,Bangalore,North-East,Independent House,5,2402,338.32,0.14,2003,Semi-furnished,4,4,22,10,10,East,Under_Construction
174360,174361,Karnataka,Bangalore,East,Villa,3,2012,249.27,0.12,1997,Furnished,19,19,28,4,4,North,Under_Construction
174481,174482,Karnataka,Bangalore,South,Independent House,4,925,448.22,0.48,2017,Semi-furnished,11,9,8,5,8,West,Under_Construction
174507,174508,Karnataka,Bangalore,North-East,Independent House,4,1277,386.06,0.3,2007,Furnished,9,26,18,6,7,East,Under_Construction
174514,174515,Karnataka,Bangalore,North,Independent House,4,1598,162.92,0.1,2004,Furnished,20,7,21,10,2,South,Ready_to_Move
174564,174565,Karnataka,Bangalore,South-West,Villa,3,3061,285.77,0.09,1992,Furnished,2,3,33,3,8,East,Ready_to_Move
174596,174597,Karnataka,Bangalore,East,Apartment,2,2257,403.95,0.18,2021,Unfurnished,11,16,4,6,5,South,Under_Construction
174884,174885,Karnataka,Bangalore,West,Independent House,1,4784,29.03,0.01,2003,Unfurnished,29,28,22,7,2,North,Under_Construction
175012,175013,Karnataka,Bangalore,South-East,Independent House,2,4035,269.84,0.07,2017,Semi-furnished,23,4,8,1,8,North,Under_Construction
175130,175131,Karnataka,Bangalore,East,Independent House,1,4028,312.39,0.08,2004,Unfurnished,19,27,21,10,3,North,Under_Construction
175278,175279,Karnataka,Bangalore,East,Apartment,4,1966,490.02,0.25,2021,Furnished,17,3,4,8,7,East,Under_Construction
175420,175421,Karnataka,Bangalore,East,Independent House,3,2687,271.58,0.1,1994,Semi-furnished,3,21,31,1,7,West,Under_Construction
175430,175431,Karnataka,Bangalore,North,Villa,5,3045,14.44,0.0,1996,Furnished,10,6,29,1,10,West,Under_Construction
175484,175485,Karnataka,Bangalore,South,Apartment,3,3360,476.85,0.14,2012,Unfurnished,25,22,13,1,2,West,Under_Construction
175500,175501,Karnataka,Bangalore,East,Apartment,5,4865,474.18,0.1,2021,Semi-furnished,26,26,4,4,8,East,Ready_to_Move
175591,175592,Karnataka,Bangalore,South,Villa,4,4300,387.33,0.09,1992,Furnished,21,20,33,6,7,East,Under_Construction
175592,175593,Karnataka,Bangalore,West,Independent House,3,2267,386.79,0.17,1998,Furnished,18,10,27,5,5,South,Ready_to_Move
175687,175688,Karnataka,Bangalore,East,Independent House,1,1615,139.04,0.09,2015,Furnished,12,8,10,10,2,West,Under_Construction
175783,175784,Karnataka,Bangalore,South,Villa,4,1941,104.77,0.05,2019,Semi-furnished,15,16,6,7,10,South,Under_Construction
175808,175809,Karnataka,Bangalore,West,Independent House,5,1222,257.51,0.21,2000,Unfurnished,8,2,25,5,9,West,Ready_to_Move
175884,175885,Karnataka,Bangalore,South-East,Apartment,4,613,232.85,0.38,2009,Furnished,21,25,16,7,8,East,Ready_to_Move
175938,175939,Karnataka,Bangalore,North-East,Villa,5,4486,343.38,0.08,1995,Semi-furnished,28,6,30,7,5,North,Under_Construction
175967,175968,Karnataka,Bangalore,East,Apartment,2,4961,190.34,0.04,2019,Unfurnished,13,26,6,6,6,North,Under_Construction
176046,176047,Karnataka,Bangalore,Central,Villa,2,3420,305.1,0.09,1992,Unfurnished,6,28,33,3,2,North,Under_Construction
176194,176195,Karnataka,Bangalore,South-West,Apartment,5,4728,176.86,0.04,2021,Unfurnished,29,30,4,10,6,West,Under_Construction
176257,176258,Karnataka,Bangalore,North-East,Independent House,2,3658,73.77,0.02,2022,Unfurnished,17,15,3,2,9,West,Ready_to_Move
176258,176259,Karnataka,Bangalore,South,Apartment,2,816,397.49,0.49,1994,Furnished,11,16,31,2,3,North,Under_Construction
176315,176316,Karnataka,Bangalore,South,Villa,2,3275,203.12,0.06,2010,Unfurnished,13,30,15,2,4,West,Ready_to_Move
176390,176391,Karnataka,Bangalore,North,Apartment,4,1801,178.48,0.1,2015,Unfurnished,4,17,10,7,4,West,Under_Construction
176414,176415,Karnataka,Bangalore,West,Apartment,3,1329,466.63,0.35,2012,Semi-furnished,8,1,13,1,7,South,Ready_to_Move
176478,176479,Karnataka,Bangalore,North-East,Villa,1,613,293.92,0.48,1992,Unfurnished,24,26,33,2,4,West,Under_Construction
176484,176485,Karnataka,Bangalore,South-East,Villa,1,823,177.18,0.22,2001,Furnished,3,6,24,5,5,East,Under_Construction
176635,176636,Karnataka,Bangalore,South,Apartment,1,1886,353.5,0.19,2017,Furnished,5,1,8,2,5,North,Ready_to_Move
176719,176720,Karnataka,Bangalore,South-West,Villa,2,647,85.82,0.13,1999,Semi-furnished,8,7,26,6,9,West,Under_Construction
176826,176827,Karnataka,Bangalore,South,Apartment,3,2590,54.42,0.02,2019,Furnished,20,28,6,10,2,South,Under_Construction
176961,176962,Karnataka,Bangalore,Central,Apartment,1,2308,51.79,0.02,1999,Furnished,11,3,26,6,8,North,Ready_to_Move
177087,177088,Karnataka,Bangalore,North,Apartment,3,2276,388.95,0.17,1992,Furnished,14,17,33,2,3,North,Ready_to_Move
177160,177161,Karnataka,Bangalore,East,Independent House,3,718,359.78,0.5,2005,Unfurnished,24,20,20,7,6,West,Ready_to_Move
177231,177232,Karnataka,Bangalore,Central,Villa,5,3146,119.15,0.04,2023,Semi-furnished,11,28,2,9,6,North,Under_Construction
177250,177251,Karnataka,Bangalore,North-East,Apartment,5,4352,312.73,0.07,2011,Furnished,12,10,14,7,2,West,Under_Construction
177282,177283,Karnataka,Bangalore,South,Apartment,5,501,449.81,0.9,2016,Unfurnished,15,20,9,2,2,West,Under_Construction
177346,177347,Karnataka,Bangalore,West,Villa,4,3105,357.81,0.12,2000,Furnished,17,12,25,10,8,South,Under_Construction
177348,177349,Karnataka,Bangalore,North,Apartment,4,997,201.23,0.2,2020,Unfurnished,4,25,5,2,1,West,Ready_to_Move
177544,177545,Karnataka,Bangalore,South-East,Apartment,4,2602,109.08,0.04,2020,Furnished,4,20,5,5,2,North,Under_Construction
177565,177566,Karnataka,Bangalore,North,Independent House,3,2276,473.92,0.21,2015,Semi-furnished,4,1,10,1,7,West,Ready_to_Move
177613,177614,Karnataka,Bangalore,South-East,Independent House,1,3469,185.65,0.05,1993,Furnished,0,19,32,2,8,West,Under_Construction
177622,177623,Karnataka,Bangalore,North,Villa,1,1349,210.94,0.16,1992,Semi-furnished,23,28,33,4,9,East,Ready_to_Move
177624,177625,Karnataka,Bangalore,North,Villa,1,946,172.9,0.18,2010,Semi-furnished,9,13,15,3,7,South,Ready_to_Move
177699,177700,Karnataka,Bangalore,South-West,Independent House,3,4633,426.86,0.09,2012,Semi-furnished,10,20,13,1,8,West,Under_Construction
177706,177707,Karnataka,Bangalore,South,Villa,5,1579,342.51,0.22,1996,Furnished,4,9,29,2,5,West,Ready_to_Move
177822,177823,Karnataka,Bangalore,East,Apartment,3,1180,172.42,0.15,2008,Unfurnished,7,30,17,7,5,South,Under_Construction
177828,177829,Karnataka,Bangalore,South-East,Independent House,2,4505,164.49,0.04,1999,Furnished,17,24,26,10,1,East,Under_Construction
177851,177852,Karnataka,Bangalore,West,Apartment,1,4882,152.1,0.03,2018,Semi-furnished,25,17,7,6,2,East,Ready_to_Move
177892,177893,Karnataka,Bangalore,South-East,Apartment,2,4731,400.33,0.08,1996,Semi-furnished,13,23,29,1,8,North,Ready_to_Move
177945,177946,Karnataka,Bangalore,East,Villa,5,4513,138.97,0.03,1991,Semi-furnished,0,27,34,8,1,East,Under_Construction
178065,178066,Karnataka,Bangalore,North,Apartment,5,2150,14.04,0.01,2023,Semi-furnished,14,3,2,8,10,North,Under_Construction
178092,178093,Karnataka,Bangalore,North,Apartment,3,2964,203.64,0.07,2014,Unfurnished,8,11,11,10,8,West,Ready_to_Move
178147,178148,Karnataka,Bangalore,West,Independent House,3,2270,300.8,0.13,1995,Furnished,3,10,30,2,4,North,Under_Construction
178191,178192,Karnataka,Bangalore,North-East,Independent House,4,2838,222.64,0.08,2017,Semi-furnished,18,6,8,8,5,East,Ready_to_Move
178223,178224,Karnataka,Bangalore,West,Independent House,3,4357,78.05,0.02,2020,Semi-furnished,11,20,5,8,9,East,Ready_to_Move
178239,178240,Karnataka,Bangalore,South-East,Villa,3,2123,442.48,0.21,1992,Semi-furnished,26,25,33,9,7,West,Ready_to_Move
178272,178273,Karnataka,Bangalore,West,Villa,3,1869,43.26,0.02,2000,Unfurnished,6,25,25,4,2,North,Under_Construction
178452,178453,Karnataka,Bangalore,South,Apartment,5,931,474.9,0.51,1990,Semi-furnished,18,12,35,2,1,West,Ready_to_Move
178593,178594,Karnataka,Bangalore,East,Villa,2,1022,134.92,0.13,1992,Furnished,18,10,33,3,4,North,Under_Construction
178670,178671,Karnataka,Bangalore,South-East,Apartment,5,1786,384.35,0.22,2009,Unfurnished,6,12,16,2,7,West,Under_Construction
178679,178680,Karnataka,Bangalore,Central,Independent House,3,2215,344.89,0.16,1992,Unfurnished,5,15,33,9,9,West,Under_Construction
178791,178792,Karnataka,Bangalore,South,Apartment,3,3557,470.88,0.13,2002,Semi-furnished,21,9,23,5,8,West,Under_Construction
178845,178846,Karnataka,Bangalore,North-East,Independent House,1,1328,19.91,0.01,1998,Semi-furnished,8,9,27,4,3,West,Ready_to_Move
178857,178858,Karnataka,Bangalore,Central,Independent House,5,4472,191.14,0.04,2023,Furnished,20,21,2,9,3,East,Ready_to_Move
178869,178870,Karnataka,Bangalore,South-East,Villa,1,3762,34.31,0.01,2014,Semi-furnished,10,2,11,3,8,West,Ready_to_Move
178899,178900,Karnataka,Bangalore,North,Villa,3,3401,117.1,0.03,1998,Furnished,8,30,27,9,8,North,Under_Construction
178905,178906,Karnataka,Bangalore,South-West,Apartment,5,1506,216.2,0.14,2007,Furnished,11,15,18,10,3,East,Ready_to_Move
178946,178947,Karnataka,Bangalore,West,Villa,4,1818,483.56,0.27,1998,Furnished,19,1,27,7,8,West,Ready_to_Move
178970,178971,Karnataka,Bangalore,West,Apartment,4,3618,318.24,0.09,2018,Unfurnished,25,12,7,1,9,South,Ready_to_Move
178974,178975,Karnataka,Bangalore,South-East,Independent House,2,2761,130.44,0.05,2002,Furnished,2,6,23,5,9,North,Ready_to_Move
178990,178991,Karnataka,Bangalore,North,Independent House,4,1312,58.69,0.04,2010,Unfurnished,15,12,15,2,3,West,Ready_to_Move
179004,179005,Karnataka,Bangalore,West,Independent House,4,3246,227.76,0.07,2016,Semi-furnished,6,3,9,4,6,North,Ready_to_Move
179050,179051,Karnataka,Bangalore,South-East,Villa,1,2166,386.14,0.18,2010,Semi-furnished,8,13,15,9,3,West,Under_Construction
179189,179190,Karnataka,Bangalore,North-East,Independent House,2,1739,260.61,0.15,2021,Furnished,6,24,4,2,5,North,Ready_to_Move
179204,179205,Karnataka,Bangalore,Central,Independent House,3,4112,285.16,0.07,1999,Unfurnished,21,10,26,4,7,East,Under_Construction
179303,179304,Karnataka,Bangalore,Central,Independent House,2,2190,258.57,0.12,2020,Unfurnished,7,26,5,9,2,South,Ready_to_Move
179374,179375,Karnataka,Bangalore,East,Independent House,5,850,318.37,0.37,2019,Furnished,14,5,6,9,9,South,Ready_to_Move
179559,179560,Karnataka,Bangalore,South-East,Villa,1,3848,37.79,0.01,2007,Furnished,21,11,18,8,5,South,Under_Construction
179629,179630,Karnataka,Bangalore,South-East,Apartment,3,1440,288.94,0.2,1992,Furnished,7,27,33,5,10,East,Ready_to_Move
179633,179634,Karnataka,Bangalore,West,Independent House,3,681,113.07,0.17,2023,Semi-furnished,9,23,2,9,9,East,Ready_to_Move
179647,179648,Karnataka,Bangalore,South,Villa,1,4962,56.19,0.01,2022,Unfurnished,18,16,3,2,3,North,Ready_to_Move
179659,179660,Karnataka,Bangalore,West,Villa,4,3433,296.2,0.09,1996,Furnished,18,26,29,7,4,East,Under_Construction
179678,179679,Karnataka,Bangalore,North,Independent House,1,3295,475.76,0.14,2001,Furnished,20,11,24,4,10,East,Under_Construction
179716,179717,Karnataka,Bangalore,South,Villa,1,535,371.22,0.69,1990,Semi-furnished,23,9,35,8,1,South,Ready_to_Move
179730,179731,Karnataka,Bangalore,South-East,Apartment,2,1431,399.69,0.28,2005,Furnished,26,23,20,8,3,North,Ready_to_Move
179745,179746,Karnataka,Bangalore,South,Independent House,3,3450,477.34,0.14,2003,Semi-furnished,28,23,22,2,4,North,Under_Construction
179756,179757,Karnataka,Bangalore,South-West,Villa,2,4736,85.07,0.02,1998,Semi-furnished,21,16,27,3,3,South,Ready_to_Move
179821,179822,Karnataka,Bangalore,North,Independent House,2,3141,166.26,0.05,2013,Semi-furnished,0,19,12,5,3,North,Under_Construction
179870,179871,Karnataka,Bangalore,South-East,Independent House,2,4789,343.77,0.07,2019,Unfurnished,4,23,6,7,5,South,Ready_to_Move
179892,179893,Karnataka,Bangalore,West,Apartment,4,3905,350.31,0.09,2008,Furnished,8,15,17,10,1,South,Under_Construction
179911,179912,Karnataka,Bangalore,South,Villa,4,2461,176.92,0.07,2020,Unfurnished,30,23,5,2,7,East,Ready_to_Move
179946,179947,Karnataka,Bangalore,South,Apartment,3,1404,337.48,0.24,2007,Semi-furnished,17,8,18,5,1,South,Under_Construction
179952,179953,Karnataka,Bangalore,North-East,Independent House,3,2481,335.26,0.14,1994,Furnished,15,3,31,7,6,West,Under_Construction
179958,179959,Karnataka,Bangalore,North-East,Villa,3,1889,81.42,0.04,1994,Furnished,23,27,31,3,4,East,Under_Construction
179982,179983,Karnataka,Bangalore,North-East,Independent House,4,3636,406.66,0.11,2005,Furnished,12,6,20,3,4,East,Under_Construction
180006,180007,Karnataka,Bangalore,South-East,Independent House,4,1682,64.27,0.04,1992,Furnished,5,21,33,3,8,East,Under_Construction
180071,180072,Karnataka,Bangalore,South,Villa,5,1474,499.94,0.34,1999,Unfurnished,22,26,26,6,2,South,Ready_to_Move
180189,180190,Karnataka,Bangalore,East,Apartment,1,2548,40.15,0.02,2022,Unfurnished,9,13,3,5,6,West,Under_Construction
180196,180197,Karnataka,Bangalore,East,Apartment,1,2757,413.21,0.15,2019,Unfurnished,4,23,6,9,8,West,Ready_to_Move
180215,180216,Karnataka,Bangalore,South-East,Apartment,2,2685,148.28,0.06,2008,Semi-furnished,1,24,17,1,8,North,Ready_to_Move
180285,180286,Karnataka,Bangalore,North,Independent House,1,2952,91.44,0.03,1997,Unfurnished,12,11,28,5,1,South,Under_Construction
180368,180369,Karnataka,Bangalore,North,Independent House,2,1162,356.02,0.31,1990,Semi-furnished,16,5,35,4,4,East,Ready_to_Move
180380,180381,Karnataka,Bangalore,West,Apartment,5,2750,48.32,0.02,2010,Furnished,30,4,15,5,7,North,Under_Construction
180452,180453,Karnataka,Bangalore,North,Independent House,3,3847,235.99,0.06,1998,Furnished,27,28,27,4,9,East,Ready_to_Move
180490,180491,Karnataka,Bangalore,Central,Apartment,2,2698,268.14,0.1,2001,Semi-furnished,23,13,24,4,2,South,Under_Construction
180506,180507,Karnataka,Bangalore,South-East,Independent House,2,546,408.79,0.75,2004,Semi-furnished,18,11,21,3,10,South,Ready_to_Move
180514,180515,Karnataka,Bangalore,Central,Independent House,5,1874,70.51,0.04,2010,Semi-furnished,3,30,15,2,4,South,Ready_to_Move
180567,180568,Karnataka,Bangalore,South-West,Villa,4,3657,366.5,0.1,1999,Semi-furnished,27,17,26,9,8,South,Ready_to_Move
180571,180572,Karnataka,Bangalore,South-West,Apartment,5,4982,402.51,0.08,2007,Semi-furnished,20,8,18,9,7,North,Under_Construction
180600,180601,Karnataka,Bangalore,East,Independent House,1,1592,204.45,0.13,1998,Semi-furnished,15,4,27,4,1,North,Under_Construction
180655,180656,Karnataka,Bangalore,South-East,Apartment,4,1651,227.53,0.14,2000,Semi-furnished,28,30,25,6,8,East,Under_Construction
180793,180794,Karnataka,Bangalore,Central,Apartment,2,3463,406.21,0.12,2009,Unfurnished,25,4,16,3,7,West,Ready_to_Move
180809,180810,Karnataka,Bangalore,Central,Villa,3,3048,137.74,0.05,1998,Furnished,12,25,27,4,3,East,Under_Construction
180860,180861,Karnataka,Bangalore,East,Villa,3,4985,144.03,0.03,2017,Semi-furnished,16,7,8,5,5,North,Ready_to_Move
180867,180868,Karnataka,Bangalore,East,Independent House,3,4184,423.67,0.1,2017,Unfurnished,22,27,8,4,5,North,Under_Construction
180972,180973,Karnataka,Bangalore,North-East,Villa,2,2367,447.59,0.19,2015,Semi-furnished,24,11,10,7,6,North,Under_Construction
181057,181058,Karnataka,Bangalore,East,Independent House,4,2126,319.69,0.15,1997,Furnished,19,8,28,6,5,South,Ready_to_Move
181164,181165,Karnataka,Bangalore,Central,Independent House,3,4523,245.02,0.05,1997,Semi-furnished,28,16,28,9,9,South,Ready_to_Move
181176,181177,Karnataka,Bangalore,North-East,Apartment,4,2076,348.87,0.17,1997,Unfurnished,24,5,28,9,6,South,Ready_to_Move
181330,181331,Karnataka,Bangalore,South,Villa,1,1181,120.08,0.1,2016,Semi-furnished,19,28,9,6,3,South,Ready_to_Move
181376,181377,Karnataka,Bangalore,North-East,Apartment,1,2918,178.2,0.06,1998,Unfurnished,4,12,27,5,4,North,Ready_to_Move
181432,181433,Karnataka,Bangalore,South-West,Independent House,2,2334,203.94,0.09,2011,Furnished,4,24,14,1,4,South,Ready_to_Move
181502,181503,Karnataka,Bangalore,East,Independent House,3,4431,167.36,0.04,2000,Semi-furnished,15,8,25,2,4,North,Ready_to_Move
181563,181564,Karnataka,Bangalore,North-East,Independent House,1,4173,418.53,0.1,2009,Unfurnished,19,29,16,8,1,West,Under_Construction
181710,181711,Karnataka,Bangalore,South-West,Villa,3,4674,100.2,0.02,2006,Semi-furnished,15,18,19,3,9,West,Under_Construction
181770,181771,Karnataka,Bangalore,North-East,Apartment,2,4358,204.02,0.05,2023,Semi-furnished,18,14,2,8,6,South,Ready_to_Move
181771,181772,Karnataka,Bangalore,South-East,Apartment,5,4988,42.57,0.01,2014,Furnished,29,13,11,5,8,West,Under_Construction
181806,181807,Karnataka,Bangalore,Central,Villa,3,4934,93.45,0.02,2006,Furnished,14,24,19,6,10,East,Ready_to_Move
181807,181808,Karnataka,Bangalore,North,Independent House,3,4511,49.24,0.01,2019,Furnished,11,17,6,6,10,South,Ready_to_Move
181851,181852,Karnataka,Bangalore,North,Apartment,2,3012,258.73,0.09,2003,Furnished,27,14,22,7,8,West,Ready_to_Move
181922,181923,Karnataka,Bangalore,South,Apartment,4,1965,127.18,0.06,2013,Furnished,2,7,12,4,1,South,Under_Construction
181931,181932,Karnataka,Bangalore,Central,Villa,5,2615,119.55,0.05,2020,Furnished,10,17,5,7,6,South,Ready_to_Move
181974,181975,Karnataka,Bangalore,East,Apartment,4,526,180.77,0.34,2021,Semi-furnished,5,2,4,8,3,North,Under_Construction
181987,181988,Karnataka,Bangalore,South,Apartment,4,2489,492.64,0.2,2021,Furnished,5,2,4,8,4,South,Ready_to_Move
182049,182050,Karnataka,Bangalore,West,Independent House,4,4971,152.55,0.03,1990,Unfurnished,30,10,35,3,5,West,Ready_to_Move
182149,182150,Karnataka,Bangalore,North,Apartment,2,2752,284.47,0.1,2001,Furnished,1,12,24,3,6,South,Under_Construction
182285,182286,Karnataka,Bangalore,North,Apartment,2,1421,231.5,0.16,1996,Semi-furnished,10,27,29,1,10,North,Ready_to_Move
182371,182372,Karnataka,Bangalore,Central,Villa,2,3630,115.81,0.03,2021,Furnished,27,25,4,8,7,East,Under_Construction
182400,182401,Karnataka,Bangalore,West,Apartment,3,1850,412.01,0.22,2017,Furnished,1,28,8,8,3,East,Under_Construction
182476,182477,Karnataka,Bangalore,South-West,Villa,3,2030,481.2,0.24,2016,Semi-furnished,10,2,9,9,3,West,Under_Construction
182516,182517,Karnataka,Bangalore,East,Apartment,4,2377,137.38,0.06,2018,Semi-furnished,25,8,7,10,5,West,Ready_to_Move
182614,182615,Karnataka,Bangalore,East,Villa,4,1352,192.77,0.14,2008,Furnished,24,13,17,10,8,West,Under_Construction
182769,182770,Karnataka,Bangalore,South-West,Apartment,1,1907,350.88,0.18,2013,Furnished,28,28,12,8,5,North,Ready_to_Move
182915,182916,Karnataka,Bangalore,Central,Villa,4,3918,114.75,0.03,2011,Furnished,3,20,14,9,3,East,Under_Construction
182934,182935,Karnataka,Bangalore,South-East,Independent House,1,2833,201.01,0.07,2005,Semi-furnished,19,1,20,10,4,North,Ready_to_Move
182964,182965,Karnataka,Bangalore,North-East,Independent House,4,4774,382.38,0.08,2007,Unfurnished,25,6,18,10,7,East,Under_Construction
183139,183140,Karnataka,Bangalore,North-East,Independent House,3,1806,302.16,0.17,2023,Semi-furnished,26,13,2,9,4,South,Under_Construction
183140,183141,Karnataka,Bangalore,South-East,Villa,4,2325,168.65,0.07,2013,Unfurnished,7,17,12,8,4,South,Ready_to_Move
183191,183192,Karnataka,Bangalore,South-West,Independent House,3,3183,253.13,0.08,2016,Unfurnished,5,12,9,6,2,West,Ready_to_Move
183192,183193,Karnataka,Bangalore,Central,Villa,4,1599,253.75,0.16,2019,Furnished,14,29,6,3,10,North,Under_Construction
183378,183379,Karnataka,Bangalore,North,Independent House,4,2419,423.14,0.17,2014,Unfurnished,10,30,11,3,2,South,Ready_to_Move
183385,183386,Karnataka,Bangalore,South-West,Independent House,1,576,208.27,0.36,1999,Unfurnished,8,17,26,1,10,South,Ready_to_Move
183394,183395,Karnataka,Bangalore,South-West,Independent House,3,1106,319.63,0.29,2023,Unfurnished,9,23,2,5,4,South,Ready_to_Move
183421,183422,Karnataka,Bangalore,East,Independent House,2,4950,290.48,0.06,1997,Unfurnished,4,20,28,10,4,South,Ready_to_Move
183464,183465,Karnataka,Bangalore,East,Independent House,2,1353,482.07,0.36,2018,Unfurnished,30,1,7,10,4,East,Ready_to_Move
183488,183489,Karnataka,Bangalore,North,Independent House,4,4687,272.38,0.06,2004,Unfurnished,2,17,21,7,1,East,Ready_to_Move
183557,183558,Karnataka,Bangalore,North-East,Apartment,4,3835,308.98,0.08,2014,Semi-furnished,2,28,11,1,6,North,Under_Construction
183568,183569,Karnataka,Bangalore,Central,Apartment,3,3591,330.81,0.09,2010,Unfurnished,21,14,15,1,5,South,Under_Construction
183701,183702,Karnataka,Bangalore,Central,Villa,3,1274,128.91,0.1,1995,Unfurnished,1,14,30,3,8,South,Ready_to_Move
183723,183724,Karnataka,Bangalore,North-East,Apartment,1,1899,289.15,0.15,2012,Furnished,17,7,13,7,9,East,Under_Construction
183777,183778,Karnataka,Bangalore,East,Villa,1,4286,72.91,0.02,2005,Unfurnished,18,19,20,9,1,North,Ready_to_Move
183779,183780,Karnataka,Bangalore,West,Apartment,3,2422,400.98,0.17,2019,Furnished,6,3,6,7,8,East,Under_Construction
183906,183907,Karnataka,Bangalore,South-West,Apartment,1,1979,475.32,0.24,2002,Unfurnished,15,21,23,6,4,West,Under_Construction
184008,184009,Karnataka,Bangalore,North,Apartment,2,4900,445.55,0.09,1992,Semi-furnished,27,22,33,3,6,South,Ready_to_Move
184017,184018,Karnataka,Bangalore,Central,Villa,1,2231,176.58,0.08,1997,Semi-furnished,7,28,28,4,3,South,Ready_to_Move
184170,184171,Karnataka,Bangalore,North-East,Independent House,2,3761,285.43,0.08,1994,Semi-furnished,13,11,31,8,2,West,Ready_to_Move
184192,184193,Karnataka,Bangalore,North-East,Apartment,4,1169,297.13,0.25,1993,Furnished,19,18,32,1,6,South,Ready_to_Move
184302,184303,Karnataka,Bangalore,North,Villa,3,2957,20.86,0.01,2010,Unfurnished,3,9,15,3,10,South,Ready_to_Move
184358,184359,Karnataka,Bangalore,East,Independent House,4,2602,93.32,0.04,1997,Furnished,3,22,28,1,2,South,Ready_to_Move
184445,184446,Karnataka,Bangalore,South-West,Villa,2,862,473.04,0.55,2008,Furnished,29,11,17,9,1,East,Under_Construction
184455,184456,Karnataka,Bangalore,North,Apartment,4,2933,39.14,0.01,1998,Furnished,26,19,27,3,5,North,Ready_to_Move
184520,184521,Karnataka,Bangalore,East,Apartment,1,971,460.04,0.47,1999,Unfurnished,3,12,26,9,2,North,Under_Construction
184524,184525,Karnataka,Bangalore,North,Villa,2,3056,455.47,0.15,1998,Furnished,0,14,27,7,3,East,Under_Construction
184622,184623,Karnataka,Bangalore,Central,Independent House,4,3976,305.56,0.08,2001,Unfurnished,30,15,24,7,8,South,Ready_to_Move
184644,184645,Karnataka,Bangalore,South-East,Villa,1,4054,304.24,0.08,2014,Unfurnished,18,25,11,4,8,East,Under_Construction
184674,184675,Karnataka,Bangalore,North,Apartment,5,4985,83.7,0.02,1991,Unfurnished,10,12,34,3,2,North,Under_Construction
184803,184804,Karnataka,Bangalore,South-East,Villa,1,4445,193.55,0.04,2019,Unfurnished,23,26,6,4,9,South,Ready_to_Move
184937,184938,Karnataka,Bangalore,North-East,Independent House,5,2737,136.51,0.05,1990,Semi-furnished,25,5,35,6,8,West,Ready_to_Move
184945,184946,Karnataka,Bangalore,South-East,Villa,4,1231,136.51,0.11,1998,Furnished,3,29,27,7,5,South,Ready_to_Move
184966,184967,Karnataka,Bangalore,East,Independent House,5,4786,155.3,0.03,2001,Furnished,0,20,24,7,1,East,Ready_to_Move
184977,184978,Karnataka,Bangalore,Central,Apartment,4,2471,40.04,0.02,2008,Semi-furnished,14,22,17,6,1,South,Ready_to_Move
185397,185398,Karnataka,Bangalore,South-East,Apartment,3,3853,216.08,0.06,1995,Semi-furnished,15,10,30,10,7,West,Ready_to_Move
185441,185442,Karnataka,Bangalore,West,Independent House,3,2541,114.97,0.05,1990,Semi-furnished,7,3,35,1,2,East,Under_Construction
185468,185469,Karnataka,Bangalore,South-East,Apartment,5,3817,221.28,0.06,1993,Furnished,25,27,32,7,1,East,Ready_to_Move
185515,185516,Karnataka,Bangalore,Central,Independent House,4,724,421.3,0.58,1997,Unfurnished,10,21,28,1,9,East,Ready_to_Move
185538,185539,Karnataka,Bangalore,West,Apartment,4,4162,435.78,0.1,2004,Furnished,9,21,21,4,3,South,Under_Construction
185579,185580,Karnataka,Bangalore,North,Villa,5,1308,71.02,0.05,2005,Unfurnished,28,3,20,6,10,North,Ready_to_Move
185596,185597,Karnataka,Bangalore,East,Apartment,3,586,158.41,0.27,2013,Furnished,30,27,12,8,8,East,Ready_to_Move
185632,185633,Karnataka,Bangalore,North-East,Independent House,5,3101,105.41,0.03,2011,Semi-furnished,22,6,14,3,5,North,Ready_to_Move
185752,185753,Karnataka,Bangalore,North,Villa,2,1672,45.2,0.03,2015,Semi-furnished,10,24,10,5,1,North,Ready_to_Move
185810,185811,Karnataka,Bangalore,Central,Apartment,3,825,288.59,0.35,2000,Unfurnished,7,4,25,8,4,West,Ready_to_Move
185905,185906,Karnataka,Bangalore,North-East,Apartment,5,1394,191.87,0.14,1994,Semi-furnished,0,26,31,10,3,South,Ready_to_Move
186096,186097,Karnataka,Bangalore,Central,Apartment,4,2905,75.06,0.03,1996,Semi-furnished,6,11,29,2,5,West,Under_Construction
186130,186131,Karnataka,Bangalore,North,Apartment,5,3799,143.14,0.04,2007,Semi-furnished,28,23,18,7,9,South,Ready_to_Move
186344,186345,Karnataka,Bangalore,South-West,Villa,2,4544,384.16,0.08,2010,Unfurnished,15,30,15,9,6,East,Under_Construction
186365,186366,Karnataka,Bangalore,West,Apartment,3,2642,135.75,0.05,2023,Semi-furnished,21,20,2,1,9,West,Under_Construction
186435,186436,Karnataka,Bangalore,East,Villa,4,4899,466.17,0.1,1990,Unfurnished,7,18,35,5,7,West,Ready_to_Move
186444,186445,Karnataka,Bangalore,North-East,Apartment,4,3213,52.03,0.02,2018,Unfurnished,10,30,7,9,3,East,Under_Construction
186526,186527,Karnataka,Bangalore,South-West,Apartment,1,3834,466.07,0.12,2009,Semi-furnished,17,4,16,9,9,South,Under_Construction
186531,186532,Karnataka,Bangalore,East,Independent House,1,1637,486.37,0.3,2013,Semi-furnished,23,22,12,5,10,South,Ready_to_Move
186575,186576,Karnataka,Bangalore,South-West,Apartment,4,2877,447.13,0.16,2013,Unfurnished,6,11,12,5,1,South,Ready_to_Move
186608,186609,Karnataka,Bangalore,East,Villa,2,3322,334.37,0.1,2017,Unfurnished,25,28,8,9,4,East,Under_Construction
186618,186619,Karnataka,Bangalore,South-West,Apartment,5,2474,90.7,0.04,1998,Unfurnished,17,30,27,6,1,West,Ready_to_Move
186683,186684,Karnataka,Bangalore,East,Villa,4,2801,337.68,0.12,2019,Furnished,10,11,6,6,3,East,Under_Construction
186750,186751,Karnataka,Bangalore,North-East,Villa,2,632,125.91,0.2,2020,Semi-furnished,20,21,5,6,6,South,Ready_to_Move
186843,186844,Karnataka,Bangalore,Central,Apartment,2,3511,73.71,0.02,1996,Furnished,26,14,29,4,8,North,Ready_to_Move
186875,186876,Karnataka,Bangalore,North-East,Villa,2,4882,387.85,0.08,2013,Unfurnished,2,11,12,1,9,West,Ready_to_Move
186956,186957,Karnataka,Bangalore,Central,Apartment,2,739,233.61,0.32,1995,Unfurnished,25,3,30,4,9,West,Ready_to_Move
186971,186972,Karnataka,Bangalore,South-West,Villa,5,2451,146.62,0.06,2004,Unfurnished,3,14,21,3,8,South,Under_Construction
187008,187009,Karnataka,Bangalore,North,Villa,3,3472,176.68,0.05,2019,Furnished,15,17,6,2,6,East,Under_Construction
187083,187084,Karnataka,Bangalore,North-East,Apartment,1,2336,238.38,0.1,1997,Furnished,17,11,28,2,10,South,Under_Construction
187093,187094,Karnataka,Bangalore,North,Villa,4,3604,315.74,0.09,1996,Furnished,18,13,29,10,6,North,Under_Construction
187184,187185,Karnataka,Bangalore,West,Independent House,5,2670,19.96,0.01,2022,Semi-furnished,7,21,3,8,4,South,Under_Construction
187257,187258,Karnataka,Bangalore,South-East,Villa,1,3535,330.28,0.09,1994,Semi-furnished,1,28,31,4,6,South,Under_Construction
187275,187276,Karnataka,Bangalore,South-West,Independent House,4,1325,116.9,0.09,1996,Unfurnished,11,8,29,3,1,South,Ready_to_Move
187289,187290,Karnataka,Bangalore,South-East,Villa,1,521,26.78,0.05,2013,Unfurnished,23,29,12,9,10,East,Under_Construction
187341,187342,Karnataka,Bangalore,South,Villa,1,1266,374.03,0.3,2008,Furnished,27,9,17,7,3,West,Ready_to_Move
187368,187369,Karnataka,Bangalore,Central,Apartment,3,3990,319.44,0.08,1997,Unfurnished,12,27,28,1,10,West,Ready_to_Move
187613,187614,Karnataka,Bangalore,East,Villa,3,4488,232.95,0.05,2011,Semi-furnished,23,14,14,4,7,North,Under_Construction
187653,187654,Karnataka,Bangalore,West,Apartment,4,1063,55.35,0.05,2022,Unfurnished,6,11,3,10,4,East,Under_Construction
187708,187709,Karnataka,Bangalore,North,Villa,2,4372,313.29,0.07,1995,Unfurnished,15,4,30,5,3,East,Under_Construction
187811,187812,Karnataka,Bangalore,South-East,Apartment,5,1810,33.69,0.02,2012,Furnished,10,21,13,6,8,East,Under_Construction
187881,187882,Karnataka,Bangalore,North,Independent House,5,1464,68.73,0.05,2017,Furnished,28,11,8,5,7,North,Under_Construction
187898,187899,Karnataka,Bangalore,North-East,Independent House,3,1593,265.4,0.17,1997,Furnished,12,27,28,3,9,East,Under_Construction
187975,187976,Karnataka,Bangalore,South-West,Apartment,1,4666,268.2,0.06,2020,Semi-furnished,8,20,5,1,10,West,Ready_to_Move
188037,188038,Karnataka,Bangalore,North,Independent House,3,2155,382.36,0.18,2022,Unfurnished,16,23,3,4,8,East,Ready_to_Move
188044,188045,Karnataka,Bangalore,South-West,Apartment,5,759,42.17,0.06,2020,Furnished,27,21,5,8,4,South,Ready_to_Move
188056,188057,Karnataka,Bangalore,North,Villa,5,1062,499.46,0.47,1996,Unfurnished,2,7,29,5,7,West,Under_Construction
188302,188303,Karnataka,Bangalore,South-East,Villa,3,3016,327.18,0.11,2023,Furnished,26,1,2,10,4,North,Ready_to_Move
188355,188356,Karnataka,Bangalore,Central,Independent House,2,4296,482.53,0.11,2011,Unfurnished,30,6,14,1,8,West,Under_Construction
188364,188365,Karnataka,Bangalore,South-West,Independent House,4,4063,171.62,0.04,2015,Unfurnished,0,1,10,6,3,North,Under_Construction
188382,188383,Karnataka,Bangalore,Central,Apartment,1,722,213.76,0.3,1993,Furnished,0,13,32,2,1,North,Under_Construction
188401,188402,Karnataka,Bangalore,South-West,Independent House,5,3880,154.16,0.04,2018,Unfurnished,3,16,7,8,6,West,Ready_to_Move
188452,188453,Karnataka,Bangalore,South,Apartment,3,4589,247.77,0.05,2001,Unfurnished,24,28,24,1,7,South,Under_Construction
188461,188462,Karnataka,Bangalore,East,Villa,2,3454,233.78,0.07,2009,Furnished,5,3,16,3,3,East,Ready_to_Move
188596,188597,Karnataka,Bangalore,South-West,Apartment,4,904,421.54,0.47,1992,Unfurnished,22,13,33,8,3,North,Ready_to_Move
188612,188613,Karnataka,Bangalore,South-West,Apartment,3,2578,62.65,0.02,2021,Semi-furnished,17,19,4,4,10,East,Under_Construction
188627,188628,Karnataka,Bangalore,North-East,Villa,4,4150,67.76,0.02,2004,Semi-furnished,3,24,21,10,10,East,Ready_to_Move
188639,188640,Karnataka,Bangalore,South-West,Independent House,5,3514,325.38,0.09,2017,Semi-furnished,11,9,8,8,7,South,Under_Construction
188753,188754,Karnataka,Bangalore,South-East,Villa,1,4184,442.93,0.11,2016,Unfurnished,10,12,9,6,1,East,Ready_to_Move
188803,188804,Karnataka,Bangalore,Central,Independent House,2,4975,450.21,0.09,1998,Unfurnished,12,24,27,6,9,South,Ready_to_Move
188863,188864,Karnataka,Bangalore,Central,Villa,1,3891,187.56,0.05,2006,Semi-furnished,13,30,19,6,7,West,Under_Construction
188898,188899,Karnataka,Bangalore,Central,Independent House,3,4010,351.75,0.09,2009,Unfurnished,30,4,16,1,9,West,Ready_to_Move
188899,188900,Karnataka,Bangalore,South-East,Independent House,2,3722,253.43,0.07,1991,Unfurnished,23,25,34,9,3,West,Ready_to_Move
188948,188949,Karnataka,Bangalore,South-West,Independent House,2,1975,383.39,0.19,2001,Furnished,24,26,24,1,9,East,Ready_to_Move
188959,188960,Karnataka,Bangalore,South-West,Villa,5,2242,203.12,0.09,2020,Semi-furnished,25,1,5,5,4,East,Under_Construction
188980,188981,Karnataka,Bangalore,Central,Independent House,3,1870,367.0,0.2,2006,Unfurnished,22,6,19,9,4,West,Ready_to_Move
188988,188989,Karnataka,Bangalore,Central,Apartment,2,3285,96.83,0.03,2008,Unfurnished,0,26,17,10,2,North,Under_Construction
189085,189086,Karnataka,Bangalore,South-West,Independent House,3,3561,458.87,0.13,1997,Furnished,0,7,28,6,6,South,Under_Construction
189093,189094,Karnataka,Bangalore,South,Apartment,4,3865,163.0,0.04,2019,Unfurnished,2,18,6,2,4,South,Under_Construction
189202,189203,Karnataka,Bangalore,South-East,Independent House,5,2873,327.71,0.11,2011,Semi-furnished,11,13,14,6,1,West,Ready_to_Move
189232,189233,Karnataka,Bangalore,North,Independent House,2,3211,471.07,0.15,2013,Semi-furnished,10,15,12,1,1,West,Under_Construction
189297,189298,Karnataka,Bangalore,South,Apartment,1,1271,397.78,0.31,2015,Furnished,22,24,10,10,2,East,Ready_to_Move
189302,189303,Karnataka,Bangalore,West,Independent House,3,4010,318.67,0.08,2006,Furnished,12,25,19,6,4,West,Ready_to_Move
189333,189334,Karnataka,Bangalore,North-East,Apartment,3,1815,197.77,0.11,1991,Furnished,30,18,34,7,4,East,Ready_to_Move
189406,189407,Karnataka,Bangalore,North-East,Apartment,1,4522,420.71,0.09,2023,Unfurnished,21,8,2,7,2,North,Ready_to_Move
189448,189449,Karnataka,Bangalore,East,Apartment,3,3175,99.07,0.03,2015,Unfurnished,19,3,10,1,6,South,Under_Construction
189543,189544,Karnataka,Bangalore,Central,Apartment,5,1647,121.64,0.07,1997,Furnished,0,26,28,8,9,East,Ready_to_Move
189551,189552,Karnataka,Bangalore,West,Independent House,4,3751,353.19,0.09,2009,Semi-furnished,9,9,16,6,10,North,Under_Construction
189610,189611,Karnataka,Bangalore,North,Villa,2,4574,271.51,0.06,2003,Semi-furnished,4,20,22,2,8,North,Under_Construction
189639,189640,Karnataka,Bangalore,East,Independent House,4,1310,166.48,0.13,2018,Unfurnished,7,21,7,10,9,North,Under_Construction
190076,190077,Karnataka,Bangalore,South-East,Villa,4,1176,169.36,0.14,2012,Furnished,4,27,13,8,1,North,Under_Construction
190103,190104,Karnataka,Bangalore,North-East,Independent House,4,971,416.85,0.43,2005,Semi-furnished,18,30,20,1,9,West,Ready_to_Move
190199,190200,Karnataka,Bangalore,West,Independent House,2,4085,259.83,0.06,2003,Furnished,7,11,22,10,3,West,Ready_to_Move
190226,190227,Karnataka,Bangalore,South-West,Apartment,1,3233,47.11,0.01,1996,Furnished,20,26,29,10,7,West,Under_Construction
190306,190307,Karnataka,Bangalore,South-West,Independent House,1,3079,271.24,0.09,2010,Semi-furnished,9,1,15,1,10,West,Ready_to_Move
190414,190415,Karnataka,Bangalore,East,Villa,2,616,374.62,0.61,2022,Unfurnished,16,9,3,9,7,South,Under_Construction
190422,190423,Karnataka,Bangalore,South,Independent House,5,3311,225.96,0.07,2002,Unfurnished,0,27,23,9,2,North,Ready_to_Move
190429,190430,Karnataka,Bangalore,East,Independent House,3,3679,99.8,0.03,2016,Semi-furnished,16,27,9,3,6,East,Ready_to_Move
190475,190476,Karnataka,Bangalore,East,Villa,2,4012,201.66,0.05,2006,Unfurnished,17,11,19,8,4,South,Under_Construction
190534,190535,Karnataka,Bangalore,East,Independent House,2,3685,462.47,0.13,1993,Furnished,12,22,32,8,10,West,Under_Construction
190677,190678,Karnataka,Bangalore,Central,Apartment,3,3875,148.28,0.04,2019,Semi-furnished,4,10,6,2,9,North,Ready_to_Move
190688,190689,Karnataka,Bangalore,South-East,Independent House,1,2891,250.77,0.09,2021,Semi-furnished,11,12,4,7,5,North,Under_Construction
190745,190746,Karnataka,Bangalore,South,Independent House,1,1246,119.63,0.1,2023,Furnished,16,12,2,3,9,East,Ready_to_Move
190773,190774,Karnataka,Bangalore,North-East,Apartment,2,4401,459.59,0.1,2017,Furnished,30,27,8,10,4,West,Under_Construction
190855,190856,Karnataka,Bangalore,West,Apartment,5,1531,302.07,0.2,2006,Semi-furnished,14,22,19,4,8,West,Ready_to_Move
191075,191076,Karnataka,Bangalore,North-East,Villa,5,2132,251.9,0.12,1997,Unfurnished,2,11,28,9,5,North,Ready_to_Move
191121,191122,Karnataka,Bangalore,South-West,Villa,5,2232,288.12,0.13,1998,Furnished,3,13,27,10,8,East,Ready_to_Move
191319,191320,Karnataka,Bangalore,Central,Villa,3,4248,433.05,0.1,1998,Furnished,22,20,27,6,6,West,Under_Construction
191423,191424,Karnataka,Bangalore,West,Independent House,1,3101,487.36,0.16,2015,Unfurnished,26,24,10,7,3,South,Ready_to_Move
191430,191431,Karnataka,Bangalore,Central,Villa,1,2400,339.92,0.14,2016,Furnished,1,22,9,6,9,South,Ready_to_Move
191482,191483,Karnataka,Bangalore,South,Apartment,1,3518,109.26,0.03,2000,Unfurnished,30,19,25,5,4,North,Ready_to_Move
191537,191538,Karnataka,Bangalore,Central,Villa,4,3361,355.53,0.11,2002,Semi-furnished,23,26,23,5,4,East,Under_Construction
191557,191558,Karnataka,Bangalore,West,Independent House,5,2602,311.42,0.12,2021,Semi-furnished,0,10,4,7,10,West,Under_Construction
191589,191590,Karnataka,Bangalore,North,Villa,1,4303,430.62,0.1,1992,Semi-furnished,16,4,33,9,1,North,Ready_to_Move
191685,191686,Karnataka,Bangalore,North,Apartment,5,1888,221.21,0.12,2016,Unfurnished,2,20,9,3,4,West,Under_Construction
191690,191691,Karnataka,Bangalore,West,Villa,4,862,401.21,0.47,2012,Furnished,17,6,13,9,2,East,Ready_to_Move
191791,191792,Karnataka,Bangalore,North,Villa,5,2454,175.76,0.07,2013,Furnished,4,29,12,9,5,West,Ready_to_Move
191825,191826,Karnataka,Bangalore,South,Apartment,2,4033,417.53,0.1,2017,Semi-furnished,30,30,8,7,4,South,Under_Construction
191917,191918,Karnataka,Bangalore,South-West,Independent House,2,3956,132.58,0.03,2006,Unfurnished,16,30,19,10,10,South,Ready_to_Move
191929,191930,Karnataka,Bangalore,South-West,Villa,4,1675,38.98,0.02,1997,Furnished,19,11,28,6,5,North,Ready_to_Move
191970,191971,Karnataka,Bangalore,North-East,Independent House,1,4430,139.83,0.03,2019,Furnished,21,13,6,8,2,East,Under_Construction
191996,191997,Karnataka,Bangalore,West,Apartment,3,2098,308.65,0.15,2017,Semi-furnished,30,22,8,10,7,South,Under_Construction
192076,192077,Karnataka,Bangalore,North-East,Independent House,4,3965,232.09,0.06,2018,Furnished,18,25,7,6,9,South,Ready_to_Move
192235,192236,Karnataka,Bangalore,Central,Apartment,1,2645,301.02,0.11,1998,Unfurnished,25,25,27,7,7,West,Ready_to_Move
192283,192284,Karnataka,Bangalore,Central,Independent House,4,4877,33.65,0.01,2000,Semi-furnished,17,23,25,6,2,North,Ready_to_Move
192308,192309,Karnataka,Bangalore,Central,Apartment,1,3384,40.22,0.01,2009,Semi-furnished,22,17,16,4,10,North,Ready_to_Move
192365,192366,Karnataka,Bangalore,North,Independent House,4,1023,381.23,0.37,2011,Unfurnished,24,30,14,10,3,East,Ready_to_Move
192428,192429,Karnataka,Bangalore,East,Villa,1,3602,141.62,0.04,2000,Semi-furnished,9,6,25,5,7,East,Under_Construction
192607,192608,Karnataka,Bangalore,North,Apartment,1,3854,144.45,0.04,2012,Semi-furnished,12,29,13,7,3,South,Ready_to_Move
192613,192614,Karnataka,Bangalore,North-East,Villa,2,3337,357.93,0.11,2014,Unfurnished,20,3,11,8,5,East,Under_Construction
192614,192615,Karnataka,Bangalore,North,Independent House,4,2779,351.69,0.13,2009,Semi-furnished,27,24,16,1,7,East,Ready_to_Move
192782,192783,Karnataka,Bangalore,Central,Villa,1,3216,418.23,0.13,2013,Unfurnished,26,21,12,9,7,North,Ready_to_Move
192860,192861,Karnataka,Bangalore,West,Independent House,3,4548,299.51,0.07,2023,Unfurnished,29,18,2,6,9,East,Ready_to_Move
192888,192889,Karnataka,Bangalore,South,Villa,4,2410,45.01,0.02,2009,Semi-furnished,14,11,16,6,4,South,Under_Construction
192897,192898,Karnataka,Bangalore,North,Apartment,1,2357,327.02,0.14,2008,Furnished,4,26,17,1,1,West,Under_Construction
193002,193003,Karnataka,Bangalore,South-East,Villa,4,1395,237.73,0.17,1990,Furnished,29,20,35,1,5,East,Ready_to_Move
193424,193425,Karnataka,Bangalore,South,Independent House,3,3593,78.23,0.02,1990,Furnished,8,22,35,8,9,South,Under_Construction
193506,193507,Karnataka,Bangalore,South-West,Villa,3,3139,130.0,0.04,2008,Furnished,6,7,17,8,9,North,Ready_to_Move
193522,193523,Karnataka,Bangalore,Central,Independent House,5,1697,260.33,0.15,2005,Furnished,21,5,20,4,7,East,Ready_to_Move
193613,193614,Karnataka,Bangalore,Central,Villa,1,3295,295.75,0.09,2007,Unfurnished,25,30,18,1,8,West,Ready_to_Move
193616,193617,Karnataka,Bangalore,South,Apartment,2,1801,247.63,0.14,2022,Furnished,23,4,3,5,6,East,Ready_to_Move
193793,193794,Karnataka,Bangalore,North,Apartment,2,3792,349.52,0.09,2022,Furnished,10,17,3,1,8,South,Under_Construction
193885,193886,Karnataka,Bangalore,North,Villa,1,4899,295.59,0.06,2010,Furnished,22,8,15,1,1,East,Under_Construction
193896,193897,Karnataka,Bangalore,Central,Villa,3,4865,431.02,0.09,2009,Semi-furnished,21,27,16,3,4,West,Ready_to_Move
193903,193904,Karnataka,Bangalore,East,Apartment,1,1022,320.49,0.31,2008,Unfurnished,10,23,17,4,5,South,Under_Construction
193911,193912,Karnataka,Bangalore,West,Apartment,1,4183,436.09,0.1,2017,Semi-furnished,27,28,8,2,2,North,Ready_to_Move
193923,193924,Karnataka,Bangalore,West,Apartment,1,1204,240.13,0.2,2021,Furnished,3,29,4,10,4,South,Under_Construction
193973,193974,Karnataka,Bangalore,Central,Independent House,2,1923,253.67,0.13,1995,Semi-furnished,0,30,30,9,5,North,Under_Construction
193975,193976,Karnataka,Bangalore,South-West,Apartment,3,3742,186.1,0.05,2022,Unfurnished,16,24,3,5,5,North,Ready_to_Move
193995,193996,Karnataka,Bangalore,Central,Villa,1,905,469.45,0.52,2012,Semi-furnished,16,30,13,3,10,South,Under_Construction
194066,194067,Karnataka,Bangalore,South-East,Apartment,5,2506,255.42,0.1,1997,Semi-furnished,14,4,28,7,3,West,Ready_to_Move
194084,194085,Karnataka,Bangalore,North-East,Independent House,2,4170,412.35,0.1,2003,Furnished,8,11,22,8,1,South,Under_Construction
194095,194096,Karnataka,Bangalore,South-West,Independent House,1,2670,235.41,0.09,2018,Unfurnished,27,3,7,5,1,East,Under_Construction
194151,194152,Karnataka,Bangalore,East,Villa,1,1469,105.76,0.07,2000,Furnished,20,5,25,3,9,South,Under_Construction
194156,194157,Karnataka,Bangalore,Central,Villa,5,1217,268.33,0.22,2019,Unfurnished,27,6,6,1,4,North,Under_Construction
194197,194198,Karnataka,Bangalore,South-West,Independent House,3,4998,390.85,0.08,2013,Unfurnished,17,12,12,5,3,South,Under_Construction
194239,194240,Karnataka,Bangalore,South-West,Independent House,3,4531,422.8,0.09,2009,Semi-furnished,14,2,16,2,9,South,Ready_to_Move
194280,194281,Karnataka,Bangalore,East,Independent House,1,1796,418.88,0.23,2013,Unfurnished,11,16,12,5,5,South,Under_Construction
194299,194300,Karnataka,Bangalore,East,Villa,4,2945,62.15,0.02,2011,Semi-furnished,4,3,14,6,5,North,Under_Construction
194309,194310,Karnataka,Bangalore,Central,Independent House,1,1983,207.08,0.1,1992,Furnished,20,28,33,5,4,North,Under_Construction
194342,194343,Karnataka,Bangalore,South,Apartment,2,2507,158.15,0.06,2021,Furnished,7,14,4,8,5,North,Under_Construction
194419,194420,Karnataka,Bangalore,Central,Apartment,4,2370,197.98,0.08,2020,Unfurnished,8,23,5,1,10,West,Under_Construction
194431,194432,Karnataka,Bangalore,South-East,Apartment,5,3531,84.26,0.02,2018,Furnished,12,9,7,10,7,East,Under_Construction
194532,194533,Karnataka,Bangalore,West,Independent House,2,502,69.03,0.14,1992,Furnished,22,21,33,6,5,East,Ready_to_Move
194546,194547,Karnataka,Bangalore,Central,Apartment,3,4934,479.7,0.1,2009,Unfurnished,9,30,16,2,10,South,Ready_to_Move
194625,194626,Karnataka,Bangalore,South-East,Independent House,5,3454,436.92,0.13,2002,Unfurnished,24,2,23,3,3,North,Under_Construction
194713,194714,Karnataka,Bangalore,East,Apartment,5,3232,321.29,0.1,2000,Unfurnished,12,17,25,6,2,West,Ready_to_Move
194721,194722,Karnataka,Bangalore,East,Independent House,3,4198,220.51,0.05,2016,Unfurnished,28,13,9,3,4,South,Ready_to_Move
194798,194799,Karnataka,Bangalore,Central,Independent House,4,4043,493.78,0.12,2018,Unfurnished,15,7,7,6,3,East,Ready_to_Move
194862,194863,Karnataka,Bangalore,North,Independent House,1,4238,269.9,0.06,2019,Semi-furnished,27,29,6,2,7,South,Under_Construction
194990,194991,Karnataka,Bangalore,South-West,Apartment,4,3392,386.73,0.11,2008,Semi-furnished,6,28,17,9,7,East,Under_Construction
195040,195041,Karnataka,Bangalore,North-East,Independent House,5,4003,458.7,0.11,2009,Unfurnished,14,19,16,3,5,East,Ready_to_Move
195215,195216,Karnataka,Bangalore,East,Apartment,5,4223,147.62,0.03,2019,Furnished,1,13,6,7,6,East,Ready_to_Move
195271,195272,Karnataka,Bangalore,North,Apartment,5,3277,66.52,0.02,1994,Furnished,15,17,31,6,3,North,Ready_to_Move
195287,195288,Karnataka,Bangalore,South-East,Villa,1,1272,216.01,0.17,2015,Unfurnished,13,21,10,3,7,East,Ready_to_Move
195330,195331,Karnataka,Bangalore,East,Villa,5,1729,371.72,0.21,1992,Semi-furnished,28,9,33,8,5,East,Ready_to_Move
195384,195385,Karnataka,Bangalore,East,Villa,1,3915,472.13,0.12,2003,Unfurnished,12,28,22,6,1,South,Under_Construction
195420,195421,Karnataka,Bangalore,North,Apartment,1,2218,367.98,0.17,1992,Furnished,6,19,33,9,4,South,Under_Construction
195452,195453,Karnataka,Bangalore,North-East,Apartment,5,874,132.89,0.15,1991,Semi-furnished,6,7,34,5,9,South,Under_Construction
195519,195520,Karnataka,Bangalore,Central,Apartment,5,3656,405.48,0.11,1994,Unfurnished,10,18,31,6,9,East,Ready_to_Move
195525,195526,Karnataka,Bangalore,Central,Villa,5,2968,51.2,0.02,2010,Furnished,25,15,15,4,3,West,Under_Construction
195588,195589,Karnataka,Bangalore,North-East,Villa,4,1805,77.73,0.04,2007,Unfurnished,10,29,18,2,9,North,Under_Construction
195617,195618,Karnataka,Bangalore,North-East,Villa,5,4649,335.53,0.07,1997,Furnished,24,12,28,10,9,West,Under_Construction
195788,195789,Karnataka,Bangalore,North-East,Independent House,3,4820,336.64,0.07,2002,Furnished,21,1,23,4,8,West,Ready_to_Move
195821,195822,Karnataka,Bangalore,South,Apartment,5,4157,215.06,0.05,1995,Semi-furnished,11,9,30,7,5,North,Under_Construction
195895,195896,Karnataka,Bangalore,North-East,Villa,1,1216,443.98,0.37,1995,Unfurnished,24,10,30,3,10,West,Ready_to_Move
195936,195937,Karnataka,Bangalore,South-East,Apartment,2,1870,78.86,0.04,2008,Furnished,3,7,17,2,7,East,Ready_to_Move
195950,195951,Karnataka,Bangalore,South-West,Independent House,2,1800,486.09,0.27,2002,Furnished,26,25,23,10,9,South,Under_Construction
196400,196401,Karnataka,Bangalore,North-East,Villa,4,671,230.5,0.34,2010,Semi-furnished,19,27,15,9,5,West,Ready_to_Move
196494,196495,Karnataka,Bangalore,East,Apartment,3,4278,286.06,0.07,2015,Furnished,11,21,10,8,4,East,Under_Construction
196590,196591,Karnataka,Bangalore,North-East,Independent House,1,2674,123.16,0.05,2006,Unfurnished,23,5,19,2,7,North,Ready_to_Move
196609,196610,Karnataka,Bangalore,Central,Apartment,4,3633,421.94,0.12,2001,Semi-furnished,0,4,24,6,10,South,Under_Construction
196679,196680,Karnataka,Bangalore,West,Independent House,2,4833,367.87,0.08,2016,Semi-furnished,6,5,9,4,2,South,Under_Construction
196767,196768,Karnataka,Bangalore,South-East,Apartment,1,3404,463.31,0.14,2018,Semi-furnished,13,12,7,1,4,South,Ready_to_Move
196811,196812,Karnataka,Bangalore,Central,Villa,5,509,158.85,0.31,1996,Unfurnished,25,16,29,10,7,North,Under_Construction
196816,196817,Karnataka,Bangalore,South-East,Apartment,5,4590,23.46,0.01,2007,Unfurnished,3,23,18,8,2,West,Ready_to_Move
196954,196955,Karnataka,Bangalore,East,Independent House,3,3362,89.79,0.03,2001,Semi-furnished,22,26,24,2,2,South,Ready_to_Move
197041,197042,Karnataka,Bangalore,North-East,Apartment,2,3872,446.66,0.12,1992,Semi-furnished,15,23,33,5,8,North,Under_Construction
197144,197145,Karnataka,Bangalore,South-West,Villa,2,3593,392.36,0.11,2022,Semi-furnished,26,13,3,5,4,South,Under_Construction
197207,197208,Karnataka,Bangalore,South-East,Independent House,5,1209,146.3,0.12,2002,Semi-furnished,20,21,23,5,7,West,Under_Construction
197223,197224,Karnataka,Bangalore,South,Apartment,3,3478,334.24,0.1,2010,Unfurnished,20,11,15,2,4,North,Ready_to_Move
197245,197246,Karnataka,Bangalore,South,Villa,4,1132,331.92,0.29,2022,Semi-furnished,15,20,3,2,1,South,Under_Construction
197272,197273,Karnataka,Bangalore,South,Villa,2,4845,291.73,0.06,2004,Unfurnished,4,16,21,5,10,South,Under_Construction
197284,197285,Karnataka,Bangalore,South-East,Apartment,5,3879,405.08,0.1,1999,Unfurnished,27,10,26,3,1,East,Under_Construction
197312,197313,Karnataka,Bangalore,South-East,Independent House,3,1902,105.41,0.06,2021,Semi-furnished,11,30,4,1,1,West,Under_Construction
197464,197465,Karnataka,Bangalore,North-East,Apartment,3,4591,278.42,0.06,1995,Furnished,17,28,30,7,9,South,Ready_to_Move
197481,197482,Karnataka,Bangalore,West,Villa,5,1666,194.63,0.12,2011,Unfurnished,29,17,14,4,10,West,Ready_to_Move
197512,197513,Karnataka,Bangalore,East,Independent House,5,1254,335.7,0.27,1998,Unfurnished,1,23,27,10,5,North,Ready_to_Move
197549,197550,Karnataka,Bangalore,South,Independent House,2,4224,50.08,0.01,1990,Unfurnished,23,30,35,1,4,North,Ready_to_Move
197691,197692,Karnataka,Bangalore,South,Independent House,2,4171,318.13,0.08,2017,Semi-furnished,26,23,8,3,6,North,Under_Construction
197699,197700,Karnataka,Bangalore,North,Independent House,1,2268,448.02,0.2,2016,Furnished,17,13,9,2,1,South,Ready_to_Move
197754,197755,Karnataka,Bangalore,West,Independent House,2,4135,118.91,0.03,2000,Unfurnished,16,16,25,10,8,South,Under_Construction
197835,197836,Karnataka,Bangalore,South-East,Apartment,2,1708,258.85,0.15,2017,Furnished,7,24,8,1,2,North,Under_Construction
197965,197966,Karnataka,Bangalore,South,Villa,3,2687,343.31,0.13,2015,Furnished,29,4,10,3,6,North,Under_Construction
198083,198084,Karnataka,Bangalore,West,Apartment,1,4433,480.4,0.11,2016,Semi-furnished,25,26,9,2,4,East,Under_Construction
198109,198110,Karnataka,Bangalore,South-East,Apartment,5,3285,52.35,0.02,2000,Furnished,8,16,25,10,5,South,Ready_to_Move
198132,198133,Karnataka,Bangalore,South,Independent House,4,883,445.19,0.5,1995,Unfurnished,28,23,30,2,10,North,Ready_to_Move
198166,198167,Karnataka,Bangalore,North,Apartment,5,1849,356.49,0.19,1994,Semi-furnished,23,21,31,1,1,North,Under_Construction
198181,198182,Karnataka,Bangalore,South-East,Independent House,5,561,215.29,0.38,2020,Unfurnished,18,22,5,7,7,South,Under_Construction
198182,198183,Karnataka,Bangalore,South-West,Villa,1,3236,146.68,0.05,2004,Furnished,6,3,21,3,6,West,Under_Construction
198183,198184,Karnataka,Bangalore,Central,Independent House,2,3657,235.76,0.06,1993,Semi-furnished,24,6,32,7,7,South,Under_Construction
198349,198350,Karnataka,Bangalore,South,Apartment,5,631,219.37,0.35,2002,Semi-furnished,9,18,23,3,7,North,Under_Construction
198536,198537,Karnataka,Bangalore,East,Independent House,1,4951,486.22,0.1,2023,Furnished,29,11,2,10,10,West,Ready_to_Move
198573,198574,Karnataka,Bangalore,South-West,Independent House,2,2773,129.77,0.05,2005,Furnished,0,26,20,3,1,North,Under_Construction
198592,198593,Karnataka,Bangalore,East,Villa,3,3768,400.66,0.11,2011,Furnished,30,17,14,6,10,South,Under_Construction
198596,198597,Karnataka,Bangalore,South-East,Apartment,5,4794,383.45,0.08,2004,Semi-furnished,20,23,21,6,4,South,Ready_to_Move
198599,198600,Karnataka,Bangalore,East,Villa,3,4722,175.04,0.04,2011,Furnished,15,30,14,5,1,North,Ready_to_Move
198634,198635,Karnataka,Bangalore,South-West,Villa,5,3052,127.89,0.04,1995,Unfurnished,30,29,30,9,7,North,Under_Construction
198704,198705,Karnataka,Bangalore,South,Apartment,3,4761,268.61,0.06,1992,Semi-furnished,27,4,33,3,6,North,Under_Construction
198711,198712,Karnataka,Bangalore,South,Villa,5,4406,123.11,0.03,2011,Semi-furnished,2,29,14,3,7,West,Ready_to_Move
198712,198713,Karnataka,Bangalore,South-East,Independent House,5,3440,46.29,0.01,2019,Semi-furnished,23,2,6,7,5,North,Under_Construction
198741,198742,Karnataka,Bangalore,South-East,Apartment,5,1544,116.76,0.08,2002,Semi-furnished,15,13,23,10,10,East,Under_Construction
198766,198767,Karnataka,Bangalore,South,Independent House,3,2886,348.09,0.12,2012,Furnished,12,27,13,9,5,West,Under_Construction
198836,198837,Karnataka,Bangalore,North-East,Independent House,1,847,452.91,0.53,1993,Unfurnished,30,12,32,4,4,North,Ready_to_Move
198876,198877,Karnataka,Bangalore,East,Independent House,4,639,19.33,0.03,2018,Unfurnished,7,24,7,10,1,North,Ready_to_Move
198918,198919,Karnataka,Bangalore,Central,Apartment,5,2589,486.24,0.19,2008,Unfurnished,11,1,17,2,7,South,Ready_to_Move
198967,198968,Karnataka,Bangalore,South-West,Independent House,3,4678,184.74,0.04,1999,Unfurnished,9,5,26,8,6,North,Under_Construction
199156,199157,Karnataka,Bangalore,South,Villa,5,3780,293.05,0.08,1996,Furnished,20,25,29,3,4,West,Ready_to_Move
199203,199204,Karnataka,Bangalore,South,Independent House,5,1916,470.99,0.25,2021,Unfurnished,5,28,4,5,2,East,Under_Construction
199225,199226,Karnataka,Bangalore,East,Independent House,5,2854,452.4,0.16,2017,Furnished,24,30,8,10,9,East,Ready_to_Move
199346,199347,Karnataka,Bangalore,East,Villa,3,2267,213.94,0.09,1996,Unfurnished,25,12,29,4,9,North,Ready_to_Move
199363,199364,Karnataka,Bangalore,Central,Apartment,4,2609,186.32,0.07,2023,Furnished,27,28,2,6,2,West,Under_Construction
199423,199424,Karnataka,Bangalore,East,Villa,1,3220,456.99,0.14,2007,Furnished,19,9,18,7,8,South,Under_Construction
199511,199512,Karnataka,Bangalore,South,Villa,4,2702,498.66,0.18,2020,Unfurnished,23,14,5,7,5,South,Ready_to_Move
199521,199522,Karnataka,Bangalore,Central,Independent House,1,4669,149.81,0.03,1992,Furnished,9,9,33,3,7,East,Ready_to_Move
199564,199565,Karnataka,Bangalore,West,Villa,1,4224,330.17,0.08,2016,Unfurnished,27,29,9,2,10,South,Ready_to_Move
199569,199570,Karnataka,Bangalore,East,Apartment,5,3556,109.91,0.03,2018,Unfurnished,9,13,7,4,6,North,Ready_to_Move
199621,199622,Karnataka,Bangalore,East,Apartment,1,4649,318.27,0.07,1994,Semi-furnished,29,1,31,9,10,West,Ready_to_Move
199662,199663,Karnataka,Bangalore,South-East,Apartment,1,1845,372.87,0.2,1991,Furnished,7,26,34,9,1,South,Ready_to_Move
199779,199780,Karnataka,Bangalore,South,Independent House,4,3389,299.29,0.09,2021,Unfurnished,29,16,4,7,7,South,Under_Construction
199847,199848,Karnataka,Bangalore,East,Apartment,2,3350,30.88,0.01,2003,Furnished,15,28,22,1,10,South,Under_Construction
199891,199892,Karnataka,Bangalore,South,Independent House,3,1226,236.37,0.19,2017,Furnished,0,14,8,10,7,North,Under_Construction
199939,199940,Karnataka,Bangalore,North-East,Apartment,5,1101,368.17,0.33,2013,Unfurnished,22,21,12,7,9,West,Under_Construction
200068,200069,Karnataka,Bangalore,South,Apartment,3,805,335.99,0.42,1992,Unfurnished,4,30,33,10,5,East,Ready_to_Move
200075,200076,Karnataka,Bangalore,South-West,Apartment,5,4825,148.64,0.03,2020,Furnished,5,28,5,8,7,West,Ready_to_Move
200079,200080,Karnataka,Bangalore,East,Independent House,4,2858,165.87,0.06,2021,Furnished,23,28,4,2,3,South,Ready_to_Move
200116,200117,Karnataka,Bangalore,North,Apartment,3,4009,46.97,0.01,1993,Semi-furnished,18,27,32,4,2,West,Under_Construction
200159,200160,Karnataka,Bangalore,South,Independent House,2,2011,258.13,0.13,2011,Furnished,10,6,14,9,8,West,Under_Construction
200246,200247,Karnataka,Bangalore,South,Independent House,2,515,101.91,0.2,1992,Furnished,17,25,33,7,2,South,Under_Construction
200250,200251,Karnataka,Bangalore,West,Villa,3,3063,402.45,0.13,2010,Semi-furnished,5,2,15,1,8,West,Under_Construction
200437,200438,Karnataka,Bangalore,North-East,Villa,4,4256,163.16,0.04,2006,Unfurnished,17,23,19,3,1,East,Under_Construction
200563,200564,Karnataka,Bangalore,West,Apartment,2,2500,368.2,0.15,2009,Furnished,21,21,16,4,1,North,Ready_to_Move
200568,200569,Karnataka,Bangalore,South,Independent House,4,3752,101.3,0.03,2003,Semi-furnished,21,25,22,9,1,South,Ready_to_Move
200653,200654,Karnataka,Bangalore,North,Villa,2,4005,249.49,0.06,1992,Semi-furnished,12,13,33,1,1,East,Under_Construction
200793,200794,Karnataka,Bangalore,South-East,Independent House,3,3474,342.77,0.1,2004,Unfurnished,14,18,21,10,2,South,Ready_to_Move
200806,200807,Karnataka,Bangalore,East,Apartment,1,4467,237.34,0.05,1993,Unfurnished,6,1,32,10,6,West,Ready_to_Move
200809,200810,Karnataka,Bangalore,Central,Independent House,5,4376,222.06,0.05,2008,Semi-furnished,24,12,17,7,7,South,Under_Construction
200860,200861,Karnataka,Bangalore,Central,Villa,4,4370,27.73,0.01,2018,Semi-furnished,22,24,7,4,1,South,Under_Construction
200923,200924,Karnataka,Bangalore,East,Independent House,5,2377,377.47,0.16,2004,Unfurnished,28,8,21,1,4,West,Under_Construction
200979,200980,Karnataka,Bangalore,Central,Independent House,3,3990,45.15,0.01,2015,Furnished,30,17,10,2,2,North,Under_Construction
201076,201077,Karnataka,Bangalore,South-West,Independent House,3,1264,103.51,0.08,1993,Unfurnished,2,19,32,10,10,South,Under_Construction
201088,201089,Karnataka,Bangalore,Central,Villa,2,2595,163.46,0.06,1990,Furnished,20,8,35,8,3,North,Ready_to_Move
201135,201136,Karnataka,Bangalore,South-West,Apartment,4,2241,80.73,0.04,2022,Semi-furnished,29,26,3,8,10,South,Under_Construction
201139,201140,Karnataka,Bangalore,North,Apartment,2,648,338.9,0.52,1991,Furnished,12,10,34,6,7,North,Ready_to_Move
201141,201142,Karnataka,Bangalore,East,Villa,4,4488,326.02,0.07,2020,Furnished,4,10,5,6,6,East,Under_Construction
201250,201251,Karnataka,Bangalore,South,Independent House,5,4859,228.82,0.05,2018,Unfurnished,14,19,7,5,2,West,Ready_to_Move
201289,201290,Karnataka,Bangalore,South-East,Villa,5,4874,431.28,0.09,1990,Furnished,16,18,35,4,9,West,Under_Construction
201324,201325,Karnataka,Bangalore,South,Apartment,5,4062,248.99,0.06,2017,Furnished,20,3,8,4,8,East,Under_Construction
201376,201377,Karnataka,Bangalore,South-West,Apartment,2,3057,287.26,0.09,2015,Unfurnished,12,5,10,2,9,East,Under_Construction
201434,201435,Karnataka,Bangalore,North-East,Independent House,4,1270,341.78,0.27,1997,Semi-furnished,4,25,28,4,8,West,Ready_to_Move
201470,201471,Karnataka,Bangalore,Central,Villa,1,3279,318.72,0.1,2020,Furnished,10,27,5,2,6,North,Ready_to_Move
201477,201478,Karnataka,Bangalore,South,Independent House,4,3373,264.96,0.08,2005,Furnished,30,16,20,5,4,East,Under_Construction
201525,201526,Karnataka,Bangalore,East,Villa,2,1046,138.19,0.13,2003,Semi-furnished,0,27,22,2,2,South,Ready_to_Move
201534,201535,Karnataka,Bangalore,East,Apartment,1,760,474.72,0.62,2021,Unfurnished,9,10,4,2,1,East,Ready_to_Move
201696,201697,Karnataka,Bangalore,West,Apartment,4,951,316.52,0.33,2022,Semi-furnished,22,18,3,3,9,West,Ready_to_Move
202007,202008,Karnataka,Bangalore,South-East,Independent House,4,3962,395.73,0.1,1996,Furnished,3,13,29,1,8,East,Under_Construction
202221,202222,Karnataka,Bangalore,South-East,Apartment,2,3790,491.95,0.13,2010,Unfurnished,0,14,15,5,9,North,Ready_to_Move
202228,202229,Karnataka,Bangalore,North,Independent House,2,2153,479.84,0.22,2015,Furnished,18,3,10,9,10,South,Under_Construction
202442,202443,Karnataka,Bangalore,East,Villa,5,1329,253.17,0.19,2021,Furnished,18,29,4,3,1,North,Ready_to_Move
202564,202565,Karnataka,Bangalore,South-West,Independent House,5,4172,313.81,0.08,2022,Furnished,9,10,3,6,8,East,Ready_to_Move
202676,202677,Karnataka,Bangalore,East,Apartment,3,2061,162.41,0.08,2011,Unfurnished,3,24,14,6,2,South,Under_Construction
202752,202753,Karnataka,Bangalore,East,Apartment,2,980,398.45,0.41,1992,Furnished,8,16,33,7,3,South,Ready_to_Move
202831,202832,Karnataka,Bangalore,East,Villa,5,4802,337.92,0.07,2018,Unfurnished,20,16,7,7,4,South,Ready_to_Move
202884,202885,Karnataka,Bangalore,South,Apartment,5,1347,104.48,0.08,2009,Unfurnished,18,7,16,2,1,West,Under_Construction
202963,202964,Karnataka,Bangalore,East,Villa,3,2239,53.73,0.02,2018,Unfurnished,10,27,7,10,5,West,Under_Construction
203061,203062,Karnataka,Bangalore,North-East,Independent House,2,3543,165.16,0.05,2016,Semi-furnished,19,18,9,3,1,North,Under_Construction
203085,203086,Karnataka,Bangalore,Central,Villa,4,573,368.04,0.64,2009,Semi-furnished,27,1,16,1,1,North,Under_Construction
203088,203089,Karnataka,Bangalore,South-West,Villa,3,1021,315.39,0.31,2022,Semi-furnished,15,2,3,7,8,West,Ready_to_Move
203089,203090,Karnataka,Bangalore,East,Apartment,5,625,132.07,0.21,2010,Unfurnished,22,12,15,7,1,East,Under_Construction
203104,203105,Karnataka,Bangalore,West,Apartment,2,2340,416.71,0.18,2020,Unfurnished,4,6,5,8,5,North,Ready_to_Move
203149,203150,Karnataka,Bangalore,South,Apartment,1,594,78.7,0.13,2011,Unfurnished,19,16,14,5,2,East,Ready_to_Move
203181,203182,Karnataka,Bangalore,South,Villa,4,950,89.92,0.09,1995,Unfurnished,5,5,30,8,7,North,Ready_to_Move
203250,203251,Karnataka,Bangalore,West,Apartment,4,1274,265.9,0.21,2003,Furnished,3,24,22,10,8,North,Under_Construction
203296,203297,Karnataka,Bangalore,North,Independent House,1,1464,111.02,0.08,2009,Furnished,26,4,16,1,8,West,Ready_to_Move
203368,203369,Karnataka,Bangalore,North,Apartment,3,2033,173.83,0.09,1993,Unfurnished,12,28,32,5,4,South,Ready_to_Move
203441,203442,Karnataka,Bangalore,South,Apartment,2,2300,247.12,0.11,2022,Unfurnished,7,17,3,5,6,North,Under_Construction
203493,203494,Karnataka,Bangalore,South,Independent House,2,4345,326.24,0.08,2012,Furnished,24,23,13,3,9,West,Ready_to_Move
203534,203535,Karnataka,Bangalore,South,Apartment,2,1912,482.37,0.25,2023,Semi-furnished,1,24,2,4,5,East,Under_Construction
203635,203636,Karnataka,Bangalore,Central,Apartment,3,4335,330.77,0.08,1994,Semi-furnished,25,11,31,3,3,North,Under_Construction
203674,203675,Karnataka,Bangalore,West,Apartment,3,3519,283.13,0.08,2003,Semi-furnished,16,18,22,7,1,East,Ready_to_Move
203687,203688,Karnataka,Bangalore,North-East,Villa,2,736,428.93,0.58,2010,Unfurnished,9,7,15,2,10,East,Ready_to_Move
203698,203699,Karnataka,Bangalore,Central,Independent House,3,1046,192.09,0.18,2012,Unfurnished,8,21,13,10,10,East,Ready_to_Move
203708,203709,Karnataka,Bangalore,West,Independent House,2,3220,57.99,0.02,2013,Unfurnished,3,3,12,9,10,West,Under_Construction
203731,203732,Karnataka,Bangalore,West,Independent House,3,2826,408.96,0.14,2022,Unfurnished,6,29,3,2,4,West,Ready_to_Move
203841,203842,Karnataka,Bangalore,North-East,Independent House,4,3543,339.36,0.1,1994,Semi-furnished,2,6,31,8,7,South,Under_Construction
203863,203864,Karnataka,Bangalore,South,Independent House,5,3894,200.06,0.05,1992,Furnished,2,16,33,9,2,North,Ready_to_Move
203928,203929,Karnataka,Bangalore,South,Apartment,5,1654,176.05,0.11,1998,Unfurnished,3,15,27,6,4,East,Ready_to_Move
203934,203935,Karnataka,Bangalore,West,Villa,4,977,50.43,0.05,1997,Unfurnished,10,4,28,6,3,West,Under_Construction
203954,203955,Karnataka,Bangalore,South,Villa,1,3307,161.28,0.05,2012,Unfurnished,1,18,13,6,5,South,Under_Construction
203966,203967,Karnataka,Bangalore,East,Independent House,2,4632,365.1,0.08,2009,Unfurnished,10,20,16,9,8,North,Under_Construction
204026,204027,Karnataka,Bangalore,North-East,Apartment,5,1526,264.82,0.17,2008,Unfurnished,23,15,17,9,3,West,Under_Construction
204067,204068,Karnataka,Bangalore,South,Independent House,1,2339,297.85,0.13,2012,Semi-furnished,22,29,13,6,3,North,Under_Construction
204077,204078,Karnataka,Bangalore,Central,Villa,3,1058,372.94,0.35,2000,Semi-furnished,24,5,25,6,8,North,Ready_to_Move
204118,204119,Karnataka,Bangalore,Central,Villa,4,4646,71.87,0.02,2022,Unfurnished,29,11,3,9,3,North,Ready_to_Move
204212,204213,Karnataka,Bangalore,West,Independent House,4,739,46.42,0.06,1998,Semi-furnished,17,16,27,7,2,South,Ready_to_Move
204267,204268,Karnataka,Bangalore,Central,Independent House,4,3049,42.86,0.01,1996,Furnished,9,2,29,7,6,East,Ready_to_Move
204273,204274,Karnataka,Bangalore,East,Villa,1,2586,356.5,0.14,2012,Furnished,20,24,13,5,4,North,Ready_to_Move
204424,204425,Karnataka,Bangalore,South,Villa,3,4029,346.38,0.09,2005,Furnished,9,20,20,10,6,South,Under_Construction
204426,204427,Karnataka,Bangalore,South-West,Villa,2,3528,420.78,0.12,2022,Semi-furnished,0,18,3,4,10,West,Under_Construction
204427,204428,Karnataka,Bangalore,South-East,Independent House,3,867,463.32,0.53,2011,Semi-furnished,1,12,14,1,1,East,Under_Construction
204492,204493,Karnataka,Bangalore,West,Villa,5,1939,385.82,0.2,2009,Unfurnished,9,2,16,6,1,West,Under_Construction
204496,204497,Karnataka,Bangalore,North-East,Villa,5,1886,245.54,0.13,1990,Unfurnished,13,6,35,8,2,East,Ready_to_Move
204519,204520,Karnataka,Bangalore,Central,Independent House,3,595,40.79,0.07,2002,Furnished,26,23,23,9,3,East,Ready_to_Move
204532,204533,Karnataka,Bangalore,South-East,Villa,5,4171,148.43,0.04,2017,Furnished,26,17,8,8,8,East,Ready_to_Move
204600,204601,Karnataka,Bangalore,North,Apartment,3,4052,356.06,0.09,2018,Furnished,27,12,7,10,3,North,Ready_to_Move
204804,204805,Karnataka,Bangalore,South-West,Villa,5,2253,175.06,0.08,2002,Semi-furnished,11,25,23,9,2,West,Ready_to_Move
204822,204823,Karnataka,Bangalore,North,Apartment,5,4833,461.83,0.1,2007,Semi-furnished,30,2,18,4,4,East,Ready_to_Move
204833,204834,Karnataka,Bangalore,East,Independent House,4,4500,384.48,0.09,2005,Furnished,17,21,20,10,1,South,Ready_to_Move
204867,204868,Karnataka,Bangalore,East,Independent House,2,2981,72.47,0.02,2003,Unfurnished,28,25,22,2,4,East,Under_Construction
204876,204877,Karnataka,Bangalore,South-East,Independent House,2,3165,388.57,0.12,2005,Furnished,21,12,20,5,1,East,Under_Construction
204918,204919,Karnataka,Bangalore,South-West,Villa,2,1424,185.37,0.13,1990,Furnished,27,26,35,3,8,West,Under_Construction
204975,204976,Karnataka,Bangalore,East,Villa,2,3445,461.42,0.13,2022,Unfurnished,9,8,3,9,6,South,Ready_to_Move
205012,205013,Karnataka,Bangalore,South-East,Apartment,3,503,208.79,0.42,2000,Unfurnished,24,18,25,6,2,South,Ready_to_Move
205029,205030,Karnataka,Bangalore,South,Independent House,3,961,373.74,0.39,2008,Semi-furnished,6,1,17,8,5,South,Under_Construction
205132,205133,Karnataka,Bangalore,North,Independent House,2,1512,66.72,0.04,1990,Unfurnished,13,26,35,9,4,South,Under_Construction
205135,205136,Karnataka,Bangalore,West,Independent House,4,2448,346.66,0.14,1992,Semi-furnished,21,30,33,10,7,East,Under_Construction
205163,205164,Karnataka,Bangalore,Central,Independent House,4,4344,366.1,0.08,2001,Furnished,30,26,24,10,4,South,Under_Construction
205297,205298,Karnataka,Bangalore,South-East,Independent House,2,3149,120.9,0.04,1994,Semi-furnished,24,6,31,9,5,South,Ready_to_Move
205379,205380,Karnataka,Bangalore,South-East,Villa,4,1256,460.91,0.37,2018,Unfurnished,21,21,7,7,4,West,Under_Construction
205426,205427,Karnataka,Bangalore,East,Apartment,1,2956,213.13,0.07,2019,Unfurnished,20,20,6,2,5,South,Under_Construction
205481,205482,Karnataka,Bangalore,South,Villa,4,1788,109.78,0.06,2022,Unfurnished,20,7,3,2,8,South,Ready_to_Move
205487,205488,Karnataka,Bangalore,North,Independent House,5,1997,74.99,0.04,2009,Unfurnished,2,7,16,4,4,North,Ready_to_Move
205653,205654,Karnataka,Bangalore,West,Villa,1,3211,240.45,0.07,2012,Semi-furnished,2,1,13,6,3,West,Ready_to_Move
205743,205744,Karnataka,Bangalore,South,Villa,1,4492,202.03,0.04,2009,Furnished,16,28,16,6,4,North,Under_Construction
205798,205799,Karnataka,Bangalore,North,Independent House,4,2988,237.12,0.08,2002,Unfurnished,10,6,23,7,6,East,Under_Construction
205849,205850,Karnataka,Bangalore,Central,Apartment,5,1671,379.01,0.23,1990,Furnished,12,21,35,4,9,West,Ready_to_Move
205882,205883,Karnataka,Bangalore,South,Independent House,5,3817,52.81,0.01,2021,Furnished,11,8,4,9,9,South,Ready_to_Move
205894,205895,Karnataka,Bangalore,Central,Villa,1,4296,427.3,0.1,2017,Unfurnished,6,8,8,8,3,North,Ready_to_Move
205921,205922,Karnataka,Bangalore,South-West,Apartment,1,1459,82.27,0.06,1998,Unfurnished,13,29,27,1,4,East,Ready_to_Move
206001,206002,Karnataka,Bangalore,West,Independent House,1,1986,347.48,0.17,2009,Semi-furnished,25,10,16,5,9,East,Under_Construction
206046,206047,Karnataka,Bangalore,East,Villa,5,954,465.05,0.49,2022,Furnished,29,5,3,10,3,South,Ready_to_Move
206062,206063,Karnataka,Bangalore,South,Apartment,2,2918,276.12,0.09,2001,Unfurnished,3,29,24,5,1,East,Ready_to_Move
206127,206128,Karnataka,Bangalore,North-East,Apartment,1,3021,18.56,0.01,1999,Semi-furnished,1,14,26,2,3,South,Under_Construction
206178,206179,Karnataka,Bangalore,South,Apartment,2,4990,442.99,0.09,2012,Furnished,13,23,13,3,7,West,Under_Construction
206234,206235,Karnataka,Bangalore,West,Independent House,5,576,340.53,0.59,1994,Semi-furnished,22,26,31,8,5,East,Under_Construction
206333,206334,Karnataka,Bangalore,South,Apartment,3,4375,90.33,0.02,2012,Furnished,4,10,13,4,2,West,Under_Construction
206434,206435,Karnataka,Bangalore,Central,Villa,3,656,445.11,0.68,2007,Unfurnished,30,7,18,8,9,South,Ready_to_Move
206437,206438,Karnataka,Bangalore,East,Villa,5,1617,286.72,0.18,2007,Unfurnished,28,16,18,2,9,South,Under_Construction
206488,206489,Karnataka,Bangalore,Central,Villa,5,1760,161.7,0.09,2020,Furnished,10,28,5,5,3,West,Under_Construction
206641,206642,Karnataka,Bangalore,West,Villa,2,3597,278.0,0.08,2020,Semi-furnished,11,10,5,4,6,West,Under_Construction
206646,206647,Karnataka,Bangalore,South-East,Independent House,4,1872,77.59,0.04,1998,Semi-furnished,24,8,27,2,10,East,Ready_to_Move
206733,206734,Karnataka,Bangalore,South-West,Apartment,3,781,223.11,0.29,2013,Unfurnished,3,16,12,2,7,East,Ready_to_Move
206921,206922,Karnataka,Bangalore,East,Villa,4,1302,411.36,0.32,2017,Unfurnished,16,20,8,2,7,West,Under_Construction
206962,206963,Karnataka,Bangalore,North-East,Independent House,3,3402,466.19,0.14,2017,Unfurnished,10,26,8,7,1,South,Under_Construction
206977,206978,Karnataka,Bangalore,South-West,Villa,1,2980,88.37,0.03,2019,Furnished,18,24,6,7,1,East,Ready_to_Move
206995,206996,Karnataka,Bangalore,South-West,Independent House,1,1766,330.76,0.19,1994,Semi-furnished,5,29,31,10,7,South,Ready_to_Move
207091,207092,Karnataka,Bangalore,South,Apartment,1,571,208.75,0.37,2023,Unfurnished,11,4,2,7,1,East,Ready_to_Move
207135,207136,Karnataka,Bangalore,West,Apartment,2,1832,238.23,0.13,1991,Furnished,18,12,34,9,10,South,Ready_to_Move
207138,207139,Karnataka,Bangalore,West,Villa,5,2350,176.99,0.08,1991,Semi-furnished,25,17,34,4,4,North,Ready_to_Move
207149,207150,Karnataka,Bangalore,South-West,Independent House,2,2114,445.67,0.21,2012,Unfurnished,2,18,13,9,1,West,Ready_to_Move
207388,207389,Karnataka,Bangalore,North,Independent House,1,4459,203.92,0.05,1991,Furnished,30,21,34,9,3,West,Under_Construction
207398,207399,Karnataka,Bangalore,North-East,Villa,3,3192,373.78,0.12,2019,Unfurnished,26,11,6,2,5,South,Under_Construction
207426,207427,Karnataka,Bangalore,West,Independent House,5,567,306.25,0.54,2013,Unfurnished,12,9,12,1,7,North,Under_Construction
207432,207433,Karnataka,Bangalore,West,Independent House,2,3568,365.66,0.1,2023,Semi-furnished,28,12,2,5,9,West,Under_Construction
207457,207458,Karnataka,Bangalore,Central,Villa,3,542,302.08,0.56,2017,Furnished,2,21,8,2,2,East,Ready_to_Move
207463,207464,Karnataka,Bangalore,North,Apartment,5,1212,265.45,0.22,2008,Semi-furnished,0,6,17,4,8,West,Under_Construction
207511,207512,Karnataka,Bangalore,North,Apartment,3,759,350.96,0.46,1996,Unfurnished,30,6,29,4,6,West,Ready_to_Move
207532,207533,Karnataka,Bangalore,Central,Independent House,4,1889,264.78,0.14,1991,Semi-furnished,4,11,34,5,9,West,Under_Construction
207550,207551,Karnataka,Bangalore,North-East,Independent House,2,3844,429.83,0.11,2015,Unfurnished,3,21,10,10,9,North,Under_Construction
207697,207698,Karnataka,Bangalore,North-East,Independent House,2,611,442.56,0.72,1991,Furnished,11,27,34,5,1,South,Ready_to_Move
207765,207766,Karnataka,Bangalore,Central,Apartment,1,4334,448.81,0.1,2008,Unfurnished,12,8,17,5,4,East,Ready_to_Move
207817,207818,Karnataka,Bangalore,East,Villa,5,4127,399.48,0.1,2017,Semi-furnished,14,10,8,10,7,East,Under_Construction
207845,207846,Karnataka,Bangalore,East,Villa,2,3434,247.72,0.07,1991,Semi-furnished,20,17,34,6,8,West,Under_Construction
207854,207855,Karnataka,Bangalore,South-East,Independent House,4,1163,481.5,0.41,2021,Semi-furnished,11,1,4,8,7,West,Under_Construction
207945,207946,Karnataka,Bangalore,South,Independent House,3,4999,118.55,0.02,2022,Semi-furnished,28,21,3,7,2,North,Ready_to_Move
208022,208023,Karnataka,Bangalore,West,Villa,3,3424,311.2,0.09,2013,Semi-furnished,19,10,12,1,5,North,Ready_to_Move
208238,208239,Karnataka,Bangalore,South-East,Independent House,5,4596,334.44,0.07,2004,Furnished,28,14,21,7,9,South,Under_Construction
208246,208247,Karnataka,Bangalore,South-East,Independent House,3,2080,363.1,0.17,2022,Semi-furnished,27,27,3,1,3,East,Ready_to_Move
208249,208250,Karnataka,Bangalore,East,Villa,3,834,231.97,0.28,2023,Unfurnished,18,9,2,4,8,North,Ready_to_Move
208379,208380,Karnataka,Bangalore,South,Independent House,2,3142,88.18,0.03,2000,Unfurnished,14,25,25,3,8,West,Ready_to_Move
208467,208468,Karnataka,Bangalore,West,Independent House,4,3471,60.33,0.02,2012,Unfurnished,21,17,13,2,4,East,Ready_to_Move
208498,208499,Karnataka,Bangalore,South,Independent House,2,3438,116.33,0.03,1999,Furnished,4,25,26,9,7,East,Ready_to_Move
208540,208541,Karnataka,Bangalore,North,Independent House,4,3728,145.45,0.04,2014,Furnished,8,19,11,9,9,North,Ready_to_Move
208609,208610,Karnataka,Bangalore,West,Independent House,3,2585,55.31,0.02,2002,Semi-furnished,17,6,23,10,7,West,Under_Construction
208633,208634,Karnataka,Bangalore,West,Apartment,2,4590,425.21,0.09,2009,Semi-furnished,20,23,16,4,4,East,Under_Construction
208677,208678,Karnataka,Bangalore,East,Independent House,3,2889,286.79,0.1,2015,Semi-furnished,29,14,10,3,1,North,Under_Construction
208714,208715,Karnataka,Bangalore,South,Independent House,1,3334,24.85,0.01,1997,Furnished,22,5,28,7,5,North,Ready_to_Move
208764,208765,Karnataka,Bangalore,Central,Apartment,4,4222,468.02,0.11,1999,Furnished,5,15,26,8,10,West,Under_Construction
208834,208835,Karnataka,Bangalore,West,Apartment,1,1797,424.48,0.24,1994,Semi-furnished,20,1,31,1,2,South,Ready_to_Move
208843,208844,Karnataka,Bangalore,South,Villa,2,1793,385.18,0.21,2022,Semi-furnished,29,7,3,9,10,West,Under_Construction
208850,208851,Karnataka,Bangalore,South-East,Villa,1,2815,83.04,0.03,2012,Furnished,18,27,13,7,1,North,Ready_to_Move
208894,208895,Karnataka,Bangalore,South-East,Apartment,5,908,195.97,0.22,2009,Semi-furnished,14,7,16,9,7,South,Under_Construction
208896,208897,Karnataka,Bangalore,Central,Independent House,5,599,167.23,0.28,1993,Semi-furnished,20,13,32,4,5,North,Ready_to_Move
208898,208899,Karnataka,Bangalore,North,Villa,1,3662,191.51,0.05,2001,Furnished,29,18,24,8,4,North,Ready_to_Move
208978,208979,Karnataka,Bangalore,East,Villa,4,1048,402.62,0.38,2012,Furnished,5,9,13,4,4,South,Under_Construction
209196,209197,Karnataka,Bangalore,Central,Apartment,3,3440,496.74,0.14,2005,Unfurnished,26,10,20,9,6,South,Ready_to_Move
209358,209359,Karnataka,Bangalore,West,Apartment,1,3742,70.77,0.02,1991,Unfurnished,24,12,34,7,9,West,Under_Construction
209385,209386,Karnataka,Bangalore,West,Independent House,1,3316,102.37,0.03,1993,Furnished,28,11,32,2,9,North,Ready_to_Move
209442,209443,Karnataka,Bangalore,South-West,Villa,3,4570,300.86,0.07,2010,Unfurnished,17,12,15,10,5,East,Under_Construction
209477,209478,Karnataka,Bangalore,Central,Villa,4,1205,428.41,0.36,2000,Unfurnished,0,28,25,3,6,South,Under_Construction
209498,209499,Karnataka,Bangalore,East,Villa,4,4587,339.11,0.07,1993,Semi-furnished,25,5,32,6,7,East,Under_Construction
209543,209544,Karnataka,Bangalore,North,Apartment,5,4096,343.04,0.08,1992,Semi-furnished,22,10,33,7,2,East,Under_Construction
209555,209556,Karnataka,Bangalore,East,Independent House,1,4136,191.82,0.05,1995,Furnished,12,25,30,9,4,East,Under_Construction
209588,209589,Karnataka,Bangalore,East,Villa,1,1338,250.05,0.19,1993,Furnished,7,1,32,2,6,West,Under_Construction
209594,209595,Karnataka,Bangalore,North,Independent House,5,2339,453.04,0.19,2013,Semi-furnished,2,2,12,5,10,East,Ready_to_Move
209628,209629,Karnataka,Bangalore,North,Apartment,2,1337,30.33,0.02,2000,Unfurnished,7,4,25,10,3,West,Under_Construction
209633,209634,Karnataka,Bangalore,South,Independent House,2,1908,192.16,0.1,2023,Unfurnished,17,2,2,2,4,North,Ready_to_Move
209712,209713,Karnataka,Bangalore,Central,Independent House,3,3769,80.83,0.02,2023,Furnished,3,19,2,4,4,East,Under_Construction
209735,209736,Karnataka,Bangalore,South-East,Villa,1,4942,110.67,0.02,2021,Unfurnished,30,20,4,2,3,East,Under_Construction
209769,209770,Karnataka,Bangalore,South-West,Apartment,3,4746,117.88,0.02,2009,Furnished,11,3,16,5,4,South,Ready_to_Move
209825,209826,Karnataka,Bangalore,North-East,Independent House,4,1593,65.14,0.04,2010,Semi-furnished,6,18,15,7,8,South,Ready_to_Move
209935,209936,Karnataka,Bangalore,South-West,Independent House,3,4756,369.06,0.08,2021,Semi-furnished,20,22,4,5,3,North,Ready_to_Move
210164,210165,Karnataka,Bangalore,East,Apartment,1,2742,457.37,0.17,2010,Unfurnished,9,11,15,2,6,North,Under_Construction
210264,210265,Karnataka,Bangalore,West,Villa,4,4491,33.58,0.01,2012,Furnished,17,29,13,9,4,West,Under_Construction
210499,210500,Karnataka,Bangalore,Central,Villa,4,2611,393.49,0.15,2023,Unfurnished,20,27,2,10,2,South,Under_Construction
210509,210510,Karnataka,Bangalore,South-West,Independent House,1,1493,442.89,0.3,2016,Unfurnished,20,7,9,4,5,South,Ready_to_Move
210536,210537,Karnataka,Bangalore,South,Villa,1,1996,276.06,0.14,2000,Unfurnished,4,2,25,6,9,North,Ready_to_Move
210541,210542,Karnataka,Bangalore,Central,Villa,1,1680,438.2,0.26,2012,Unfurnished,5,26,13,1,4,West,Under_Construction
210567,210568,Karnataka,Bangalore,North,Villa,1,2504,488.48,0.2,2009,Unfurnished,15,26,16,9,5,East,Ready_to_Move
210628,210629,Karnataka,Bangalore,East,Apartment,5,833,132.74,0.16,2022,Semi-furnished,13,17,3,9,10,North,Ready_to_Move
210734,210735,Karnataka,Bangalore,East,Villa,1,4261,372.07,0.09,2019,Unfurnished,5,5,6,8,6,East,Under_Construction
210832,210833,Karnataka,Bangalore,South,Apartment,5,927,129.11,0.14,2004,Furnished,28,14,21,4,10,South,Under_Construction
211139,211140,Karnataka,Bangalore,North-East,Independent House,4,2450,167.51,0.07,1996,Semi-furnished,8,29,29,10,3,East,Ready_to_Move
211257,211258,Karnataka,Bangalore,Central,Independent House,3,1578,56.16,0.04,2001,Unfurnished,5,20,24,1,3,West,Ready_to_Move
211284,211285,Karnataka,Bangalore,Central,Apartment,1,3883,136.19,0.04,2018,Furnished,17,23,7,7,1,North,Ready_to_Move
211502,211503,Karnataka,Bangalore,Central,Independent House,5,4415,193.61,0.04,2010,Unfurnished,25,26,15,9,6,East,Ready_to_Move
211504,211505,Karnataka,Bangalore,North,Apartment,2,2451,112.18,0.05,2021,Furnished,24,10,4,2,10,West,Under_Construction
211528,211529,Karnataka,Bangalore,Central,Apartment,2,2214,150.11,0.07,2003,Semi-furnished,7,26,22,3,10,West,Ready_to_Move
211589,211590,Karnataka,Bangalore,West,Villa,5,4493,137.77,0.03,2014,Semi-furnished,18,11,11,8,6,East,Under_Construction
211668,211669,Karnataka,Bangalore,East,Villa,5,1169,343.35,0.29,2010,Furnished,11,29,15,7,3,South,Ready_to_Move
211731,211732,Karnataka,Bangalore,South-East,Independent House,5,649,339.34,0.52,1994,Furnished,22,27,31,9,10,South,Ready_to_Move
211875,211876,Karnataka,Bangalore,North,Independent House,5,1439,134.81,0.09,2009,Semi-furnished,20,23,16,10,6,East,Under_Construction
211930,211931,Karnataka,Bangalore,South,Apartment,2,3352,10.25,0.0,2014,Unfurnished,29,2,11,5,5,East,Under_Construction
211949,211950,Karnataka,Bangalore,West,Villa,4,2784,424.3,0.15,2001,Unfurnished,18,7,24,7,2,East,Under_Construction
212033,212034,Karnataka,Bangalore,West,Villa,3,924,278.59,0.3,2002,Semi-furnished,25,29,23,7,4,North,Under_Construction
212049,212050,Karnataka,Bangalore,North,Independent House,3,3626,160.41,0.04,2006,Unfurnished,11,14,19,6,1,South,Under_Construction
212064,212065,Karnataka,Bangalore,North-East,Villa,5,1687,467.96,0.28,1996,Unfurnished,22,22,29,7,7,South,Ready_to_Move
212108,212109,Karnataka,Bangalore,South,Independent House,4,4262,24.65,0.01,1996,Semi-furnished,24,20,29,5,10,West,Ready_to_Move
212120,212121,Karnataka,Bangalore,North,Independent House,5,2018,474.74,0.24,1993,Furnished,23,2,32,7,9,North,Ready_to_Move
212142,212143,Karnataka,Bangalore,South-East,Independent House,5,2376,223.18,0.09,2001,Semi-furnished,10,25,24,4,3,East,Ready_to_Move
212194,212195,Karnataka,Bangalore,East,Independent House,5,1853,86.02,0.05,2007,Unfurnished,0,6,18,8,10,East,Under_Construction
212260,212261,Karnataka,Bangalore,South,Villa,3,4436,142.54,0.03,2006,Unfurnished,10,2,19,2,1,South,Under_Construction
212280,212281,Karnataka,Bangalore,West,Villa,3,2510,172.35,0.07,2011,Furnished,4,14,14,7,4,West,Under_Construction
212282,212283,Karnataka,Bangalore,West,Villa,1,3332,382.97,0.11,2006,Furnished,30,2,19,1,1,North,Under_Construction
212385,212386,Karnataka,Bangalore,South,Independent House,4,3396,405.45,0.12,2023,Furnished,14,24,2,7,8,West,Under_Construction
212393,212394,Karnataka,Bangalore,South-West,Villa,4,2227,302.68,0.14,1993,Semi-furnished,14,6,32,5,4,North,Under_Construction
212408,212409,Karnataka,Bangalore,Central,Apartment,5,3614,206.62,0.06,1994,Semi-furnished,13,30,31,7,4,West,Under_Construction
212437,212438,Karnataka,Bangalore,South,Apartment,3,2835,165.85,0.06,2006,Unfurnished,6,13,19,10,5,West,Ready_to_Move
212443,212444,Karnataka,Bangalore,North-East,Apartment,4,1168,17.91,0.02,2006,Semi-furnished,21,24,19,10,4,North,Ready_to_Move
212561,212562,Karnataka,Bangalore,South-East,Villa,5,3633,12.94,0.0,1994,Unfurnished,0,13,31,1,10,South,Ready_to_Move
212588,212589,Karnataka,Bangalore,Central,Villa,4,2807,31.56,0.01,2017,Furnished,29,28,8,7,7,South,Ready_to_Move
212634,212635,Karnataka,Bangalore,North,Independent House,4,4296,455.43,0.11,2021,Unfurnished,5,18,4,4,8,South,Under_Construction
212719,212720,Karnataka,Bangalore,North,Villa,1,4675,407.49,0.09,2000,Semi-furnished,6,5,25,6,8,East,Under_Construction
212756,212757,Karnataka,Bangalore,South,Villa,1,1253,213.18,0.17,2013,Furnished,8,2,12,9,5,North,Ready_to_Move
212764,212765,Karnataka,Bangalore,East,Villa,1,645,247.91,0.38,2001,Semi-furnished,3,27,24,8,2,East,Ready_to_Move
212992,212993,Karnataka,Bangalore,West,Independent House,5,2132,444.51,0.21,1998,Unfurnished,2,26,27,9,7,West,Under_Construction
213075,213076,Karnataka,Bangalore,Central,Villa,4,2585,159.33,0.06,2004,Semi-furnished,21,24,21,9,3,North,Ready_to_Move
213090,213091,Karnataka,Bangalore,North,Apartment,4,4116,459.72,0.11,2012,Furnished,7,1,13,10,9,North,Under_Construction
213169,213170,Karnataka,Bangalore,East,Villa,5,3878,144.77,0.04,2002,Semi-furnished,15,18,23,6,8,South,Ready_to_Move
213234,213235,Karnataka,Bangalore,East,Apartment,1,4647,434.55,0.09,2020,Semi-furnished,26,14,5,7,5,South,Under_Construction
213245,213246,Karnataka,Bangalore,South-West,Independent House,3,890,34.77,0.04,2003,Semi-furnished,28,8,22,9,6,South,Under_Construction
213351,213352,Karnataka,Bangalore,East,Independent House,1,1004,413.97,0.41,2007,Furnished,11,24,18,1,9,East,Ready_to_Move
213538,213539,Karnataka,Bangalore,North,Apartment,5,1681,227.14,0.14,2009,Unfurnished,24,19,16,3,6,East,Ready_to_Move
213580,213581,Karnataka,Bangalore,North,Villa,4,524,315.32,0.6,2004,Unfurnished,15,16,21,1,8,North,Under_Construction
213635,213636,Karnataka,Bangalore,South-West,Apartment,3,4882,171.96,0.04,2004,Semi-furnished,11,13,21,10,1,East,Under_Construction
213662,213663,Karnataka,Bangalore,South-East,Villa,3,3554,311.29,0.09,1999,Semi-furnished,29,23,26,6,1,East,Under_Construction
213696,213697,Karnataka,Bangalore,South-West,Apartment,2,4343,427.34,0.1,1990,Furnished,13,24,35,1,1,South,Ready_to_Move
213790,213791,Karnataka,Bangalore,South,Villa,3,785,427.9,0.55,2013,Unfurnished,5,19,12,5,4,East,Under_Construction
213821,213822,Karnataka,Bangalore,North-East,Villa,5,2587,10.11,0.0,2001,Semi-furnished,29,5,24,4,8,East,Under_Construction
213834,213835,Karnataka,Bangalore,West,Villa,5,1634,139.61,0.09,2006,Furnished,11,11,19,8,9,North,Under_Construction
213891,213892,Karnataka,Bangalore,South,Villa,4,4637,282.01,0.06,1995,Unfurnished,13,2,30,10,8,East,Ready_to_Move
213952,213953,Karnataka,Bangalore,North,Villa,4,3363,283.8,0.08,2007,Furnished,23,2,18,5,10,North,Ready_to_Move
213953,213954,Karnataka,Bangalore,West,Independent House,1,3642,140.37,0.04,1997,Furnished,28,3,28,3,3,South,Under_Construction
213960,213961,Karnataka,Bangalore,East,Independent House,5,2305,396.88,0.17,2018,Unfurnished,5,1,7,10,2,North,Ready_to_Move
213982,213983,Karnataka,Bangalore,North-East,Villa,5,623,310.12,0.5,2001,Semi-furnished,28,17,24,8,6,West,Under_Construction
214030,214031,Karnataka,Bangalore,East,Independent House,3,3796,57.82,0.02,1991,Furnished,21,18,34,2,4,West,Ready_to_Move
214088,214089,Karnataka,Bangalore,South-West,Apartment,3,4848,470.59,0.1,2015,Unfurnished,9,30,10,6,6,East,Under_Construction
214102,214103,Karnataka,Bangalore,South-East,Independent House,5,3261,234.13,0.07,2013,Unfurnished,14,28,12,7,4,East,Under_Construction
214124,214125,Karnataka,Bangalore,West,Apartment,1,3652,222.71,0.06,2012,Semi-furnished,10,28,13,1,5,East,Under_Construction
214153,214154,Karnataka,Bangalore,South-West,Independent House,5,3672,79.6,0.02,1999,Unfurnished,24,24,26,7,8,North,Under_Construction
214168,214169,Karnataka,Bangalore,North,Villa,4,3516,111.58,0.03,1999,Semi-furnished,19,10,26,4,8,South,Under_Construction
214223,214224,Karnataka,Bangalore,South-East,Apartment,2,3919,404.16,0.1,2004,Unfurnished,6,12,21,3,5,South,Under_Construction
214346,214347,Karnataka,Bangalore,South-West,Apartment,2,2042,288.45,0.14,2008,Unfurnished,11,1,17,3,5,West,Ready_to_Move
214369,214370,Karnataka,Bangalore,East,Villa,4,4439,310.87,0.07,2005,Unfurnished,28,27,20,4,1,West,Ready_to_Move
214535,214536,Karnataka,Bangalore,North,Independent House,1,2626,333.6,0.13,2005,Semi-furnished,12,21,20,9,1,West,Ready_to_Move
214589,214590,Karnataka,Bangalore,East,Independent House,5,4835,166.63,0.03,2001,Semi-furnished,12,14,24,2,4,East,Ready_to_Move
214590,214591,Karnataka,Bangalore,South-East,Apartment,4,2053,69.12,0.03,1992,Semi-furnished,1,15,33,4,5,South,Under_Construction
214722,214723,Karnataka,Bangalore,East,Independent House,4,2044,53.67,0.03,2018,Semi-furnished,23,10,7,8,6,South,Ready_to_Move
214723,214724,Karnataka,Bangalore,East,Apartment,3,2522,23.5,0.01,2015,Unfurnished,25,27,10,7,5,East,Under_Construction
214808,214809,Karnataka,Bangalore,Central,Apartment,4,1655,395.13,0.24,2012,Unfurnished,25,17,13,9,1,South,Ready_to_Move
214828,214829,Karnataka,Bangalore,Central,Apartment,2,3537,26.5,0.01,1996,Unfurnished,18,1,29,3,3,South,Under_Construction
215068,215069,Karnataka,Bangalore,South,Independent House,3,3053,379.91,0.12,2011,Unfurnished,28,29,14,10,7,South,Ready_to_Move
215091,215092,Karnataka,Bangalore,South-East,Villa,4,715,347.42,0.49,2009,Semi-furnished,7,24,16,10,3,West,Under_Construction
215179,215180,Karnataka,Bangalore,East,Apartment,3,3487,422.62,0.12,2020,Furnished,24,14,5,9,10,South,Under_Construction
215239,215240,Karnataka,Bangalore,South,Apartment,5,1797,42.96,0.02,2011,Unfurnished,21,7,14,10,6,West,Ready_to_Move
215245,215246,Karnataka,Bangalore,West,Independent House,3,1377,450.33,0.33,1996,Semi-furnished,24,30,29,10,6,South,Ready_to_Move
215277,215278,Karnataka,Bangalore,North,Apartment,1,2282,499.93,0.22,1998,Semi-furnished,5,30,27,1,1,South,Ready_to_Move
215302,215303,Karnataka,Bangalore,South,Independent House,5,3410,418.01,0.12,2019,Semi-furnished,20,7,6,9,6,North,Under_Construction
215309,215310,Karnataka,Bangalore,South-West,Villa,5,1559,385.75,0.25,2020,Semi-furnished,7,28,5,1,3,North,Under_Construction
215533,215534,Karnataka,Bangalore,West,Villa,4,2074,116.79,0.06,2010,Unfurnished,9,7,15,6,5,North,Under_Construction
215573,215574,Karnataka,Bangalore,South-East,Apartment,2,2684,66.53,0.02,2020,Furnished,12,25,5,2,1,South,Under_Construction
215595,215596,Karnataka,Bangalore,North-East,Villa,2,1426,441.29,0.31,1994,Unfurnished,5,5,31,4,7,North,Under_Construction
215612,215613,Karnataka,Bangalore,Central,Apartment,5,1434,132.47,0.09,1997,Unfurnished,21,28,28,1,5,South,Ready_to_Move
215795,215796,Karnataka,Bangalore,Central,Independent House,5,4188,104.28,0.02,2005,Semi-furnished,0,23,20,4,1,East,Under_Construction
215838,215839,Karnataka,Bangalore,Central,Independent House,1,3171,171.72,0.05,2007,Semi-furnished,16,11,18,8,2,South,Under_Construction
215871,215872,Karnataka,Bangalore,North,Villa,4,3486,218.73,0.06,2009,Furnished,18,9,16,5,1,West,Under_Construction
216054,216055,Karnataka,Bangalore,South-East,Villa,5,4065,79.41,0.02,2015,Unfurnished,28,7,10,6,3,South,Ready_to_Move
216184,216185,Karnataka,Bangalore,North,Apartment,1,2644,386.74,0.15,1991,Unfurnished,23,1,34,3,2,West,Ready_to_Move
216197,216198,Karnataka,Bangalore,South-West,Villa,4,3146,37.55,0.01,2021,Semi-furnished,18,13,4,5,4,North,Ready_to_Move
216211,216212,Karnataka,Bangalore,East,Independent House,5,2325,202.11,0.09,2014,Unfurnished,26,19,11,3,8,East,Under_Construction
216298,216299,Karnataka,Bangalore,East,Apartment,5,3629,39.5,0.01,1992,Furnished,3,7,33,3,3,East,Under_Construction
216380,216381,Karnataka,Bangalore,South,Villa,1,4115,160.84,0.04,2023,Unfurnished,20,15,2,4,6,East,Under_Construction
216494,216495,Karnataka,Bangalore,North,Independent House,3,4182,311.2,0.07,2001,Furnished,25,5,24,5,10,South,Ready_to_Move
216540,216541,Karnataka,Bangalore,West,Villa,1,1137,155.99,0.14,2004,Furnished,29,22,21,7,1,East,Under_Construction
216576,216577,Karnataka,Bangalore,West,Villa,5,1618,399.2,0.25,1992,Furnished,1,28,33,10,6,East,Ready_to_Move
216596,216597,Karnataka,Bangalore,Central,Independent House,5,4518,71.64,0.02,2008,Unfurnished,4,5,17,6,8,North,Under_Construction
216643,216644,Karnataka,Bangalore,South-West,Villa,4,4821,106.39,0.02,2003,Unfurnished,9,29,22,5,4,South,Under_Construction
216644,216645,Karnataka,Bangalore,North-East,Independent House,4,2396,388.96,0.16,2012,Unfurnished,21,15,13,10,6,North,Ready_to_Move
216853,216854,Karnataka,Bangalore,South-East,Independent House,5,1957,223.49,0.11,2022,Unfurnished,10,17,3,4,4,East,Ready_to_Move
216957,216958,Karnataka,Bangalore,West,Villa,1,3320,131.31,0.04,2018,Furnished,1,23,7,7,9,West,Ready_to_Move
216966,216967,Karnataka,Bangalore,North-East,Villa,2,1573,478.43,0.3,2001,Furnished,3,18,24,1,10,West,Ready_to_Move
216970,216971,Karnataka,Bangalore,West,Apartment,1,1061,417.65,0.39,2023,Semi-furnished,16,9,2,6,4,East,Under_Construction
216973,216974,Karnataka,Bangalore,South-East,Villa,4,4703,98.55,0.02,2016,Unfurnished,28,8,9,8,4,North,Under_Construction
217167,217168,Karnataka,Bangalore,North,Apartment,4,2871,248.12,0.09,2005,Unfurnished,13,28,20,9,3,South,Ready_to_Move
217218,217219,Karnataka,Bangalore,West,Independent House,2,1277,226.95,0.18,2005,Semi-furnished,18,23,20,8,5,South,Under_Construction
217245,217246,Karnataka,Bangalore,North-East,Villa,1,1650,76.22,0.05,2004,Semi-furnished,28,3,21,7,7,South,Ready_to_Move
217253,217254,Karnataka,Bangalore,West,Villa,2,4562,270.09,0.06,2011,Unfurnished,11,7,14,5,7,North,Under_Construction
217353,217354,Karnataka,Bangalore,South-West,Independent House,1,3577,471.42,0.13,2016,Unfurnished,8,3,9,5,10,East,Ready_to_Move
217479,217480,Karnataka,Bangalore,Central,Villa,4,800,439.22,0.55,2016,Unfurnished,14,15,9,8,2,East,Ready_to_Move
217588,217589,Karnataka,Bangalore,South-East,Villa,5,2782,174.3,0.06,2020,Semi-furnished,2,9,5,4,7,East,Under_Construction
217605,217606,Karnataka,Bangalore,South,Apartment,2,4090,19.94,0.0,2015,Furnished,19,1,10,4,7,South,Under_Construction
217609,217610,Karnataka,Bangalore,North-East,Villa,5,1804,163.18,0.09,2018,Unfurnished,22,23,7,5,8,West,Ready_to_Move
217648,217649,Karnataka,Bangalore,South,Independent House,3,3390,266.49,0.08,2018,Unfurnished,23,12,7,3,8,East,Under_Construction
217787,217788,Karnataka,Bangalore,East,Independent House,1,2090,215.91,0.1,2012,Unfurnished,16,1,13,7,9,East,Under_Construction
217824,217825,Karnataka,Bangalore,South-West,Apartment,1,1387,182.24,0.13,1998,Furnished,19,12,27,8,1,North,Under_Construction
217931,217932,Karnataka,Bangalore,South,Apartment,2,1538,274.27,0.18,2019,Semi-furnished,15,8,6,1,6,East,Ready_to_Move
218035,218036,Karnataka,Bangalore,South,Villa,4,1479,493.79,0.33,2009,Furnished,13,24,16,5,6,East,Under_Construction
218136,218137,Karnataka,Bangalore,North,Independent House,5,2818,218.56,0.08,2017,Semi-furnished,4,8,8,8,5,North,Under_Construction
218137,218138,Karnataka,Bangalore,South,Independent House,3,3474,20.47,0.01,2004,Semi-furnished,8,5,21,2,9,East,Under_Construction
218301,218302,Karnataka,Bangalore,South-East,Independent House,4,625,414.01,0.66,1995,Semi-furnished,19,17,30,10,9,East,Ready_to_Move
218324,218325,Karnataka,Bangalore,East,Apartment,2,526,324.71,0.62,1993,Furnished,3,22,32,3,6,East,Ready_to_Move
218396,218397,Karnataka,Bangalore,Central,Villa,3,1072,252.82,0.24,2015,Semi-furnished,11,25,10,8,7,West,Ready_to_Move
218412,218413,Karnataka,Bangalore,Central,Apartment,1,1575,339.04,0.22,2000,Unfurnished,0,6,25,3,7,South,Ready_to_Move
218419,218420,Karnataka,Bangalore,North,Apartment,3,2724,359.6,0.13,2016,Unfurnished,4,24,9,9,5,South,Ready_to_Move
218421,218422,Karnataka,Bangalore,Central,Apartment,5,4610,335.17,0.07,1994,Unfurnished,0,16,31,5,7,South,Under_Construction
218436,218437,Karnataka,Bangalore,Central,Apartment,1,3562,170.06,0.05,2018,Unfurnished,9,1,7,6,9,North,Under_Construction
218813,218814,Karnataka,Bangalore,South-East,Independent House,2,2972,243.01,0.08,1994,Semi-furnished,6,29,31,6,7,South,Ready_to_Move
218824,218825,Karnataka,Bangalore,North,Apartment,1,3949,27.47,0.01,2013,Unfurnished,7,26,12,7,5,West,Under_Construction
218851,218852,Karnataka,Bangalore,North-East,Villa,2,1622,452.78,0.28,1991,Unfurnished,21,28,34,6,2,North,Under_Construction
218866,218867,Karnataka,Bangalore,East,Apartment,5,2988,404.46,0.14,2000,Furnished,23,13,25,1,10,South,Under_Construction
218955,218956,Karnataka,Bangalore,South,Independent House,5,4599,333.17,0.07,2009,Semi-furnished,24,12,16,8,5,South,Ready_to_Move
218995,218996,Karnataka,Bangalore,Central,Independent House,2,1631,414.87,0.25,2002,Unfurnished,0,1,23,1,9,North,Ready_to_Move
219045,219046,Karnataka,Bangalore,North-East,Independent House,1,2577,153.91,0.06,1994,Semi-furnished,3,2,31,4,1,East,Under_Construction
219069,219070,Karnataka,Bangalore,North-East,Independent House,3,3336,298.39,0.09,2015,Furnished,27,11,10,1,7,West,Under_Construction
219090,219091,Karnataka,Bangalore,North,Apartment,4,1821,268.79,0.15,2008,Unfurnished,24,8,17,8,8,East,Under_Construction
219115,219116,Karnataka,Bangalore,West,Apartment,1,1726,100.67,0.06,2007,Unfurnished,26,9,18,2,4,East,Ready_to_Move
219291,219292,Karnataka,Bangalore,East,Villa,2,1127,29.71,0.03,2002,Unfurnished,3,2,23,5,9,South,Ready_to_Move
219308,219309,Karnataka,Bangalore,North-East,Villa,3,3284,341.35,0.1,2023,Unfurnished,19,28,2,10,6,West,Under_Construction
219345,219346,Karnataka,Bangalore,South,Independent House,4,1367,244.25,0.18,2000,Unfurnished,6,2,25,9,9,North,Under_Construction
219358,219359,Karnataka,Bangalore,North,Villa,4,1854,340.47,0.18,2003,Furnished,22,27,22,10,1,South,Under_Construction
219474,219475,Karnataka,Bangalore,North,Independent House,4,1256,227.04,0.18,2004,Unfurnished,15,9,21,3,3,West,Ready_to_Move
219508,219509,Karnataka,Bangalore,North,Independent House,1,2053,296.06,0.14,2000,Furnished,14,15,25,7,10,North,Ready_to_Move
219654,219655,Karnataka,Bangalore,East,Apartment,1,3234,345.83,0.11,2015,Furnished,1,17,10,2,5,West,Under_Construction
219711,219712,Karnataka,Bangalore,North,Apartment,5,3211,306.84,0.1,1997,Furnished,7,27,28,6,4,East,Ready_to_Move
219889,219890,Karnataka,Bangalore,North-East,Apartment,4,3744,158.25,0.04,2019,Furnished,26,2,6,10,4,South,Under_Construction
219927,219928,Karnataka,Bangalore,East,Independent House,2,2152,453.55,0.21,1993,Unfurnished,24,29,32,2,9,North,Under_Construction
220014,220015,Karnataka,Bangalore,Central,Villa,1,3973,491.52,0.12,1999,Furnished,25,16,26,2,4,South,Under_Construction
220082,220083,Karnataka,Bangalore,South,Villa,4,2750,81.24,0.03,2011,Furnished,22,19,14,10,7,East,Ready_to_Move
220117,220118,Karnataka,Bangalore,West,Independent House,5,4381,280.22,0.06,2022,Semi-furnished,7,24,3,4,7,South,Under_Construction
220362,220363,Karnataka,Bangalore,North-East,Villa,2,2346,214.75,0.09,2001,Semi-furnished,30,10,24,9,6,East,Ready_to_Move
220421,220422,Karnataka,Bangalore,West,Independent House,2,3246,329.8,0.1,2010,Unfurnished,15,25,15,1,2,North,Ready_to_Move
220433,220434,Karnataka,Bangalore,West,Villa,5,814,119.33,0.15,2005,Semi-furnished,13,2,20,1,5,West,Ready_to_Move
220532,220533,Karnataka,Bangalore,South-East,Independent House,1,4211,332.97,0.08,2011,Furnished,18,9,14,8,1,South,Under_Construction
220570,220571,Karnataka,Bangalore,South-West,Villa,5,4086,285.8,0.07,1998,Semi-furnished,12,9,27,8,8,North,Ready_to_Move
220636,220637,Karnataka,Bangalore,South,Independent House,5,1961,46.69,0.02,2009,Unfurnished,21,24,16,5,1,North,Ready_to_Move
220718,220719,Karnataka,Bangalore,East,Independent House,5,1396,316.66,0.23,2010,Unfurnished,8,13,15,5,4,East,Under_Construction
220777,220778,Karnataka,Bangalore,South-West,Villa,5,2182,470.99,0.22,1993,Furnished,17,16,32,4,9,South,Under_Construction
220917,220918,Karnataka,Bangalore,North-East,Apartment,1,2580,126.0,0.05,2017,Semi-furnished,5,11,8,7,5,East,Ready_to_Move
221029,221030,Karnataka,Bangalore,East,Independent House,1,4683,141.04,0.03,1999,Unfurnished,27,18,26,4,10,North,Ready_to_Move
221090,221091,Karnataka,Bangalore,East,Villa,2,674,163.55,0.24,2007,Unfurnished,24,29,18,5,2,East,Ready_to_Move
221205,221206,Karnataka,Bangalore,South-West,Independent House,2,2490,407.31,0.16,2006,Furnished,22,5,19,5,4,South,Under_Construction
221267,221268,Karnataka,Bangalore,North-East,Villa,4,3213,50.01,0.02,1990,Furnished,28,11,35,3,2,West,Ready_to_Move
221275,221276,Karnataka,Bangalore,South-West,Apartment,5,2105,469.55,0.22,2009,Furnished,30,7,16,3,3,East,Under_Construction
221333,221334,Karnataka,Bangalore,North,Apartment,4,2343,118.42,0.05,2022,Furnished,1,24,3,6,7,West,Under_Construction
221361,221362,Karnataka,Bangalore,West,Apartment,5,3141,106.85,0.03,2016,Unfurnished,2,6,9,8,3,West,Ready_to_Move
221396,221397,Karnataka,Bangalore,South-East,Villa,2,2005,344.49,0.17,2019,Furnished,21,2,6,7,5,North,Under_Construction
221423,221424,Karnataka,Bangalore,South-East,Apartment,5,4616,62.44,0.01,1994,Unfurnished,25,17,31,10,1,East,Ready_to_Move
221433,221434,Karnataka,Bangalore,Central,Villa,3,3423,255.73,0.07,2008,Semi-furnished,14,5,17,3,2,East,Under_Construction
221453,221454,Karnataka,Bangalore,North,Independent House,5,1606,14.23,0.01,1997,Furnished,26,27,28,6,9,North,Ready_to_Move
221468,221469,Karnataka,Bangalore,South,Villa,4,3497,458.47,0.13,2011,Unfurnished,0,3,14,8,10,North,Ready_to_Move
221517,221518,Karnataka,Bangalore,East,Villa,5,634,55.27,0.09,2010,Semi-furnished,7,22,15,7,4,East,Ready_to_Move
221644,221645,Karnataka,Bangalore,South,Apartment,3,4846,251.86,0.05,2002,Furnished,0,28,23,3,9,East,Under_Construction
221665,221666,Karnataka,Bangalore,East,Independent House,3,3160,197.22,0.06,2017,Semi-furnished,3,17,8,4,1,South,Ready_to_Move
221676,221677,Karnataka,Bangalore,North,Independent House,2,4346,293.35,0.07,1992,Unfurnished,18,8,33,3,10,South,Under_Construction
221768,221769,Karnataka,Bangalore,South-West,Independent House,3,3117,83.5,0.03,2000,Semi-furnished,18,2,25,7,8,West,Ready_to_Move
221826,221827,Karnataka,Bangalore,East,Apartment,1,2501,192.85,0.08,2021,Unfurnished,22,6,4,9,1,South,Ready_to_Move
221840,221841,Karnataka,Bangalore,North-East,Apartment,4,2952,88.56,0.03,2019,Furnished,1,23,6,3,8,East,Ready_to_Move
221859,221860,Karnataka,Bangalore,East,Independent House,2,2402,324.17,0.13,2023,Semi-furnished,7,13,2,4,10,North,Under_Construction
221892,221893,Karnataka,Bangalore,North-East,Apartment,4,4383,310.57,0.07,2012,Furnished,19,29,13,5,7,East,Under_Construction
221898,221899,Karnataka,Bangalore,Central,Villa,2,3271,376.34,0.12,2009,Unfurnished,16,8,16,3,9,West,Ready_to_Move
221920,221921,Karnataka,Bangalore,North-East,Apartment,3,4009,421.22,0.11,2013,Unfurnished,6,24,12,5,5,West,Under_Construction
221931,221932,Karnataka,Bangalore,South,Villa,2,897,310.01,0.35,1990,Unfurnished,16,10,35,2,4,West,Ready_to_Move
221974,221975,Karnataka,Bangalore,East,Apartment,2,3713,355.33,0.1,2008,Furnished,25,23,17,6,7,South,Ready_to_Move
222031,222032,Karnataka,Bangalore,West,Independent House,3,3615,215.24,0.06,1999,Furnished,0,22,26,7,8,West,Under_Construction
222054,222055,Karnataka,Bangalore,South,Villa,5,4779,29.95,0.01,2019,Semi-furnished,8,25,6,8,9,West,Under_Construction
222159,222160,Karnataka,Bangalore,North-East,Villa,5,4325,253.91,0.06,2012,Unfurnished,9,27,13,3,10,East,Ready_to_Move
222301,222302,Karnataka,Bangalore,South-West,Independent House,1,1411,300.28,0.21,2002,Semi-furnished,6,7,23,7,1,South,Ready_to_Move
222357,222358,Karnataka,Bangalore,South,Apartment,5,558,140.45,0.25,1993,Unfurnished,5,5,32,10,3,South,Ready_to_Move
222410,222411,Karnataka,Bangalore,East,Apartment,3,2984,86.63,0.03,1992,Semi-furnished,16,1,33,9,8,South,Ready_to_Move
222449,222450,Karnataka,Bangalore,North-East,Independent House,5,4399,134.2,0.03,2023,Unfurnished,16,9,2,8,3,West,Ready_to_Move
222519,222520,Karnataka,Bangalore,South,Independent House,2,4052,399.74,0.1,2022,Furnished,4,17,3,10,6,East,Under_Construction
222605,222606,Karnataka,Bangalore,South-East,Villa,3,1839,101.95,0.06,1994,Unfurnished,14,8,31,6,2,East,Ready_to_Move
222743,222744,Karnataka,Bangalore,South-East,Independent House,4,4842,274.82,0.06,2016,Furnished,14,26,9,3,5,West,Ready_to_Move
222758,222759,Karnataka,Bangalore,Central,Apartment,5,4977,111.15,0.02,2000,Unfurnished,27,9,25,6,2,West,Under_Construction
222817,222818,Karnataka,Bangalore,South-West,Apartment,1,4492,73.94,0.02,2003,Unfurnished,29,4,22,2,7,East,Ready_to_Move
222818,222819,Karnataka,Bangalore,South,Independent House,3,3148,126.48,0.04,1994,Semi-furnished,9,7,31,4,3,West,Ready_to_Move
222914,222915,Karnataka,Bangalore,North-East,Independent House,2,2134,482.06,0.23,2014,Unfurnished,3,25,11,2,1,East,Ready_to_Move
223019,223020,Karnataka,Bangalore,East,Villa,3,4215,73.49,0.02,1992,Unfurnished,25,30,33,8,8,North,Under_Construction
223233,223234,Karnataka,Bangalore,East,Apartment,4,2989,319.92,0.11,2001,Semi-furnished,23,21,24,8,8,North,Under_Construction
223242,223243,Karnataka,Bangalore,Central,Apartment,4,931,474.12,0.51,2022,Semi-furnished,6,21,3,8,2,South,Ready_to_Move
223244,223245,Karnataka,Bangalore,North-East,Apartment,2,4938,146.88,0.03,2013,Furnished,0,12,12,9,5,South,Ready_to_Move
223389,223390,Karnataka,Bangalore,East,Villa,1,4336,464.58,0.11,2021,Semi-furnished,4,19,4,1,1,West,Under_Construction
223492,223493,Karnataka,Bangalore,South-West,Independent House,1,848,139.23,0.16,2015,Semi-furnished,28,2,10,7,7,North,Under_Construction
223617,223618,Karnataka,Bangalore,North-East,Villa,2,1673,37.54,0.02,1991,Furnished,17,23,34,6,6,South,Ready_to_Move
223812,223813,Karnataka,Bangalore,West,Apartment,4,1354,290.29,0.21,2020,Semi-furnished,18,30,5,3,8,West,Ready_to_Move
223833,223834,Karnataka,Bangalore,South-East,Villa,5,2509,488.0,0.19,2011,Unfurnished,27,20,14,9,6,North,Ready_to_Move
223851,223852,Karnataka,Bangalore,North-East,Villa,3,4568,241.97,0.05,2006,Furnished,29,21,19,7,6,North,Ready_to_Move
223899,223900,Karnataka,Bangalore,East,Apartment,5,735,473.24,0.64,1994,Semi-furnished,26,13,31,2,5,East,Under_Construction
223931,223932,Karnataka,Bangalore,South,Independent House,4,2670,315.32,0.12,2014,Furnished,25,27,11,2,7,North,Ready_to_Move
223973,223974,Karnataka,Bangalore,South-East,Independent House,4,2942,212.03,0.07,2005,Semi-furnished,5,21,20,1,5,South,Ready_to_Move
224025,224026,Karnataka,Bangalore,South,Apartment,1,4074,428.51,0.11,2001,Semi-furnished,17,3,24,2,8,North,Ready_to_Move
224067,224068,Karnataka,Bangalore,North-East,Apartment,3,2661,168.53,0.06,1998,Furnished,9,4,27,6,6,North,Under_Construction
224143,224144,Karnataka,Bangalore,Central,Independent House,3,1227,315.67,0.26,2018,Unfurnished,17,21,7,2,2,West,Under_Construction
224197,224198,Karnataka,Bangalore,Central,Independent House,4,3115,224.51,0.07,1999,Semi-furnished,27,19,26,3,3,North,Under_Construction
224254,224255,Karnataka,Bangalore,West,Villa,4,1773,82.21,0.05,2004,Furnished,29,27,21,7,4,West,Ready_to_Move
224353,224354,Karnataka,Bangalore,South,Villa,2,1579,379.05,0.24,1998,Unfurnished,7,19,27,9,3,South,Ready_to_Move
224369,224370,Karnataka,Bangalore,East,Villa,1,4122,465.19,0.11,2017,Unfurnished,1,28,8,7,9,South,Under_Construction
224478,224479,Karnataka,Bangalore,South-West,Villa,5,2750,217.78,0.08,2000,Furnished,5,16,25,7,6,West,Ready_to_Move
224480,224481,Karnataka,Bangalore,South-East,Apartment,2,2517,170.49,0.07,1996,Semi-furnished,2,7,29,7,7,West,Under_Construction
224528,224529,Karnataka,Bangalore,West,Independent House,5,4226,54.54,0.01,2019,Semi-furnished,8,19,6,4,5,East,Under_Construction
224542,224543,Karnataka,Bangalore,South-East,Independent House,2,658,483.34,0.73,2017,Semi-furnished,20,26,8,9,3,South,Ready_to_Move
224841,224842,Karnataka,Bangalore,South-West,Apartment,1,804,10.62,0.01,2020,Furnished,20,4,5,10,1,North,Ready_to_Move
224870,224871,Karnataka,Bangalore,Central,Independent House,5,1337,435.84,0.33,1990,Semi-furnished,26,7,35,7,8,South,Under_Construction
224885,224886,Karnataka,Bangalore,North-East,Villa,2,1658,276.0,0.17,2015,Semi-furnished,15,13,10,7,5,West,Ready_to_Move
224927,224928,Karnataka,Bangalore,West,Independent House,4,3118,402.44,0.13,2017,Furnished,4,24,8,7,6,South,Ready_to_Move
224946,224947,Karnataka,Bangalore,North-East,Apartment,3,557,97.34,0.17,2021,Furnished,5,28,4,1,7,South,Under_Construction
225060,225061,Karnataka,Bangalore,South-East,Villa,1,1353,425.67,0.31,2003,Unfurnished,6,4,22,7,10,South,Ready_to_Move
225074,225075,Karnataka,Bangalore,North,Independent House,2,1625,16.95,0.01,2011,Unfurnished,10,12,14,5,7,West,Ready_to_Move
225214,225215,Karnataka,Bangalore,West,Villa,5,2502,486.53,0.19,2006,Semi-furnished,0,5,19,3,4,South,Ready_to_Move
225223,225224,Karnataka,Bangalore,North-East,Villa,4,1419,30.2,0.02,2004,Furnished,3,27,21,7,1,West,Under_Construction
225330,225331,Karnataka,Bangalore,East,Apartment,3,4148,138.15,0.03,1998,Semi-furnished,10,25,27,4,2,East,Under_Construction
225388,225389,Karnataka,Bangalore,West,Apartment,3,3016,444.42,0.15,1993,Unfurnished,14,28,32,9,10,West,Under_Construction
225405,225406,Karnataka,Bangalore,North-East,Apartment,5,1754,91.0,0.05,2017,Unfurnished,12,13,8,2,2,South,Ready_to_Move
225439,225440,Karnataka,Bangalore,Central,Apartment,5,1704,88.18,0.05,1997,Semi-furnished,20,12,28,9,7,South,Under_Construction
225455,225456,Karnataka,Bangalore,South,Villa,2,3488,391.71,0.11,2003,Furnished,29,23,22,5,9,South,Ready_to_Move
225491,225492,Karnataka,Bangalore,South-East,Villa,5,1827,81.15,0.04,2019,Semi-furnished,18,17,6,2,5,East,Ready_to_Move
225594,225595,Karnataka,Bangalore,East,Independent House,5,1664,340.45,0.2,2008,Furnished,6,30,17,10,6,North,Under_Construction
225652,225653,Karnataka,Bangalore,West,Independent House,4,1153,216.35,0.19,2015,Unfurnished,17,23,10,9,6,West,Under_Construction
225677,225678,Karnataka,Bangalore,South,Apartment,1,1557,218.35,0.14,1996,Furnished,13,3,29,5,2,South,Under_Construction
225682,225683,Karnataka,Bangalore,West,Apartment,4,4306,488.82,0.11,2007,Furnished,17,5,18,3,5,North,Under_Construction
225689,225690,Karnataka,Bangalore,South,Independent House,4,1988,206.92,0.1,2018,Furnished,8,16,7,6,2,West,Ready_to_Move
225694,225695,Karnataka,Bangalore,East,Villa,5,4339,142.48,0.03,2014,Furnished,16,27,11,5,1,North,Ready_to_Move
225794,225795,Karnataka,Bangalore,North-East,Independent House,2,3141,345.63,0.11,1992,Unfurnished,15,9,33,10,7,North,Under_Construction
225933,225934,Karnataka,Bangalore,South-West,Apartment,5,2685,396.46,0.15,2014,Furnished,29,21,11,5,10,South,Ready_to_Move
225974,225975,Karnataka,Bangalore,West,Apartment,3,1004,398.1,0.4,2022,Semi-furnished,19,7,3,1,2,North,Under_Construction
225981,225982,Karnataka,Bangalore,South-East,Villa,1,2194,186.04,0.08,2007,Semi-furnished,27,18,18,7,8,North,Ready_to_Move
226002,226003,Karnataka,Bangalore,East,Apartment,2,4314,85.71,0.02,2008,Unfurnished,23,3,17,9,5,South,Ready_to_Move
226067,226068,Karnataka,Bangalore,West,Villa,1,962,227.02,0.24,2001,Semi-furnished,19,3,24,3,5,East,Under_Construction
226100,226101,Karnataka,Bangalore,North,Villa,2,2911,114.84,0.04,1990,Semi-furnished,22,2,35,9,10,South,Ready_to_Move
226168,226169,Karnataka,Bangalore,North-East,Apartment,2,1656,406.26,0.25,2001,Unfurnished,20,26,24,2,4,West,Under_Construction
226186,226187,Karnataka,Bangalore,West,Independent House,3,4786,81.32,0.02,1994,Furnished,12,2,31,6,5,East,Ready_to_Move
226274,226275,Karnataka,Bangalore,East,Apartment,4,623,225.34,0.36,1992,Furnished,14,8,33,2,10,West,Ready_to_Move
226474,226475,Karnataka,Bangalore,North-East,Independent House,4,2501,314.74,0.13,2011,Furnished,9,26,14,10,4,East,Under_Construction
226505,226506,Karnataka,Bangalore,North,Villa,4,3087,298.52,0.1,1994,Unfurnished,26,21,31,1,8,West,Under_Construction
226722,226723,Karnataka,Bangalore,South,Villa,4,2935,325.35,0.11,2013,Unfurnished,15,30,12,3,1,North,Under_Construction
226839,226840,Karnataka,Bangalore,South,Villa,1,2328,219.11,0.09,2003,Unfurnished,18,18,22,4,3,South,Under_Construction
226917,226918,Karnataka,Bangalore,South,Villa,3,647,477.09,0.74,2008,Furnished,24,16,17,6,6,West,Under_Construction
227035,227036,Karnataka,Bangalore,North,Independent House,3,4144,181.86,0.04,2015,Semi-furnished,18,15,10,2,8,North,Under_Construction
227178,227179,Karnataka,Bangalore,North-East,Independent House,3,4317,39.61,0.01,2005,Unfurnished,4,27,20,8,4,South,Ready_to_Move
227212,227213,Karnataka,Bangalore,West,Independent House,1,3270,468.58,0.14,2017,Semi-furnished,11,14,8,4,9,East,Ready_to_Move
227318,227319,Karnataka,Bangalore,West,Villa,3,3326,268.63,0.08,2005,Semi-furnished,27,24,20,1,6,East,Under_Construction
227581,227582,Karnataka,Bangalore,West,Apartment,2,2907,48.57,0.02,2015,Unfurnished,30,20,10,5,10,North,Under_Construction
227603,227604,Karnataka,Bangalore,North-East,Apartment,1,847,191.49,0.23,2013,Semi-furnished,17,11,12,2,8,West,Under_Construction
227640,227641,Karnataka,Bangalore,South,Independent House,3,1220,27.14,0.02,2008,Furnished,28,14,17,10,3,East,Under_Construction
227650,227651,Karnataka,Bangalore,Central,Independent House,1,2166,257.42,0.12,2004,Unfurnished,22,27,21,2,1,South,Under_Construction
227679,227680,Karnataka,Bangalore,South-East,Apartment,1,4358,113.7,0.03,1998,Unfurnished,3,5,27,1,8,East,Ready_to_Move
227771,227772,Karnataka,Bangalore,Central,Independent House,1,1999,438.73,0.22,1997,Unfurnished,10,11,28,8,10,West,Ready_to_Move
227807,227808,Karnataka,Bangalore,South-West,Apartment,4,2567,148.25,0.06,2010,Unfurnished,10,20,15,4,4,West,Under_Construction
227829,227830,Karnataka,Bangalore,West,Apartment,5,1032,144.19,0.14,2010,Furnished,27,17,15,6,9,West,Ready_to_Move
227937,227938,Karnataka,Bangalore,East,Independent House,5,3955,67.24,0.02,2001,Semi-furnished,16,5,24,7,6,East,Under_Construction
227942,227943,Karnataka,Bangalore,South,Villa,5,2119,384.94,0.18,2011,Furnished,27,17,14,8,4,West,Under_Construction
228152,228153,Karnataka,Bangalore,South,Independent House,3,3259,256.9,0.08,1996,Unfurnished,30,21,29,4,5,North,Ready_to_Move
228203,228204,Karnataka,Bangalore,South-East,Independent House,2,2518,353.39,0.14,2007,Semi-furnished,8,23,18,7,5,South,Under_Construction
228215,228216,Karnataka,Bangalore,South-East,Villa,4,3707,126.73,0.03,1996,Semi-furnished,9,3,29,10,4,West,Ready_to_Move
228221,228222,Karnataka,Bangalore,South-East,Villa,5,2677,178.82,0.07,2004,Semi-furnished,2,2,21,4,10,West,Under_Construction
228246,228247,Karnataka,Bangalore,South-West,Independent House,1,2843,490.41,0.17,1995,Furnished,3,8,30,4,1,North,Ready_to_Move
228434,228435,Karnataka,Bangalore,East,Apartment,5,3928,21.72,0.01,2001,Semi-furnished,4,30,24,1,6,West,Ready_to_Move
228478,228479,Karnataka,Bangalore,Central,Apartment,4,1871,180.86,0.1,2017,Semi-furnished,28,8,8,2,9,West,Ready_to_Move
228497,228498,Karnataka,Bangalore,Central,Villa,3,4422,266.63,0.06,2009,Furnished,26,21,16,8,10,East,Under_Construction
228535,228536,Karnataka,Bangalore,South,Apartment,1,2131,405.73,0.19,2002,Semi-furnished,13,21,23,5,6,South,Ready_to_Move
228655,228656,Karnataka,Bangalore,South-West,Independent House,3,2184,467.5,0.21,1992,Semi-furnished,15,27,33,5,4,South,Under_Construction
228722,228723,Karnataka,Bangalore,West,Independent House,4,2609,147.58,0.06,1991,Semi-furnished,29,11,34,7,3,West,Ready_to_Move
228833,228834,Karnataka,Bangalore,South-West,Apartment,1,4788,477.06,0.1,2017,Unfurnished,10,10,8,2,7,South,Ready_to_Move
228837,228838,Karnataka,Bangalore,South-West,Apartment,2,4229,489.63,0.12,1993,Furnished,7,15,32,3,8,North,Under_Construction
228872,228873,Karnataka,Bangalore,East,Apartment,4,1085,470.82,0.43,1998,Semi-furnished,13,12,27,7,5,East,Under_Construction
228918,228919,Karnataka,Bangalore,South-East,Apartment,1,3335,347.31,0.1,2001,Semi-furnished,20,13,24,3,5,South,Ready_to_Move
228943,228944,Karnataka,Bangalore,Central,Apartment,2,2163,158.74,0.07,2005,Furnished,11,11,20,6,5,South,Ready_to_Move
229001,229002,Karnataka,Bangalore,North,Villa,5,1420,86.69,0.06,2000,Furnished,23,28,25,3,2,West,Ready_to_Move
229004,229005,Karnataka,Bangalore,North,Independent House,5,3178,453.32,0.14,1996,Semi-furnished,10,15,29,3,4,North,Ready_to_Move
229010,229011,Karnataka,Bangalore,South-East,Villa,5,3877,80.51,0.02,2003,Unfurnished,18,24,22,10,7,West,Under_Construction
229039,229040,Karnataka,Bangalore,South-East,Villa,3,4481,493.96,0.11,2011,Unfurnished,19,23,14,7,4,East,Ready_to_Move
229072,229073,Karnataka,Bangalore,South,Independent House,5,4366,41.61,0.01,1996,Furnished,21,19,29,9,1,North,Under_Construction
229078,229079,Karnataka,Bangalore,South-East,Apartment,2,4604,94.8,0.02,2008,Semi-furnished,1,15,17,4,3,East,Ready_to_Move
229093,229094,Karnataka,Bangalore,South-West,Villa,2,3241,186.03,0.06,2008,Unfurnished,12,27,17,10,5,South,Under_Construction
229136,229137,Karnataka,Bangalore,Central,Villa,4,4254,381.96,0.09,2014,Unfurnished,11,8,11,1,10,South,Ready_to_Move
229186,229187,Karnataka,Bangalore,Central,Villa,3,2185,74.04,0.03,2018,Furnished,7,21,7,4,5,East,Under_Construction
229233,229234,Karnataka,Bangalore,South-West,Apartment,4,2915,316.3,0.11,2012,Unfurnished,17,27,13,6,7,North,Under_Construction
229333,229334,Karnataka,Bangalore,South-West,Independent House,4,3582,281.83,0.08,2013,Unfurnished,22,19,12,5,5,South,Under_Construction
229440,229441,Karnataka,Bangalore,East,Apartment,2,1930,150.75,0.08,1991,Unfurnished,6,14,34,2,8,West,Under_Construction
229454,229455,Karnataka,Bangalore,North-East,Apartment,5,778,167.68,0.22,2016,Semi-furnished,27,9,9,2,10,North,Under_Construction
229486,229487,Karnataka,Bangalore,South,Villa,3,3391,314.67,0.09,2007,Semi-furnished,10,11,18,9,4,South,Under_Construction
229503,229504,Karnataka,Bangalore,South,Apartment,5,3444,396.04,0.11,2001,Semi-furnished,23,6,24,2,5,West,Under_Construction
229555,229556,Karnataka,Bangalore,North,Villa,3,2632,151.67,0.06,2018,Unfurnished,3,4,7,9,4,West,Ready_to_Move
229627,229628,Karnataka,Bangalore,North-East,Independent House,2,2860,101.33,0.04,1991,Furnished,9,11,34,5,5,East,Ready_to_Move
229696,229697,Karnataka,Bangalore,West,Villa,3,3087,212.36,0.07,2006,Unfurnished,18,11,19,7,6,East,Ready_to_Move
229709,229710,Karnataka,Bangalore,North,Villa,5,3093,205.15,0.07,2023,Furnished,13,18,2,6,3,East,Ready_to_Move
229746,229747,Karnataka,Bangalore,South,Apartment,1,3375,246.05,0.07,2011,Unfurnished,23,7,14,4,4,North,Under_Construction
229788,229789,Karnataka,Bangalore,East,Villa,2,1660,351.13,0.21,1997,Unfurnished,18,17,28,10,9,North,Ready_to_Move
229851,229852,Karnataka,Bangalore,North,Independent House,5,4526,161.78,0.04,2007,Semi-furnished,19,3,18,5,6,North,Under_Construction
229873,229874,Karnataka,Bangalore,Central,Apartment,2,4874,109.33,0.02,2021,Unfurnished,13,13,4,4,10,North,Ready_to_Move
229906,229907,Karnataka,Bangalore,West,Apartment,5,4989,312.79,0.06,2011,Unfurnished,15,11,14,3,2,South,Ready_to_Move
229920,229921,Karnataka,Bangalore,North-East,Apartment,4,4512,369.29,0.08,1998,Semi-furnished,14,20,27,7,10,North,Under_Construction
229967,229968,Karnataka,Bangalore,East,Villa,3,4639,116.6,0.03,1990,Furnished,24,7,35,3,4,North,Under_Construction
230154,230155,Karnataka,Bangalore,South-East,Villa,1,4639,428.86,0.09,2003,Furnished,27,14,22,10,6,South,Under_Construction
230210,230211,Karnataka,Bangalore,North-East,Independent House,3,4079,392.81,0.1,1997,Unfurnished,29,25,28,9,4,West,Ready_to_Move
230264,230265,Karnataka,Bangalore,West,Villa,1,1348,275.14,0.2,2006,Furnished,8,28,19,2,3,North,Under_Construction
230319,230320,Karnataka,Bangalore,North,Villa,5,861,308.2,0.36,1997,Semi-furnished,11,12,28,8,6,West,Under_Construction
230342,230343,Karnataka,Bangalore,South-East,Independent House,1,1213,79.23,0.07,1998,Unfurnished,27,24,27,1,2,West,Ready_to_Move
230414,230415,Karnataka,Bangalore,West,Villa,1,1618,495.02,0.31,2003,Unfurnished,22,25,22,8,7,South,Under_Construction
230444,230445,Karnataka,Bangalore,South,Independent House,1,1747,478.34,0.27,2000,Semi-furnished,28,26,25,7,10,East,Under_Construction
230663,230664,Karnataka,Bangalore,South,Villa,5,4952,339.49,0.07,2015,Unfurnished,19,11,10,3,3,West,Under_Construction
230681,230682,Karnataka,Bangalore,West,Villa,4,2652,46.9,0.02,2021,Furnished,12,27,4,5,8,South,Under_Construction
230702,230703,Karnataka,Bangalore,South-East,Villa,3,2117,141.74,0.07,2019,Furnished,21,7,6,3,1,East,Under_Construction
230870,230871,Karnataka,Bangalore,South-East,Apartment,4,2464,464.46,0.19,2007,Semi-furnished,4,16,18,8,10,East,Ready_to_Move
230872,230873,Karnataka,Bangalore,North-East,Villa,1,3241,400.35,0.12,2012,Unfurnished,28,10,13,3,10,North,Under_Construction
230936,230937,Karnataka,Bangalore,South,Villa,1,2767,441.2,0.16,2018,Furnished,22,23,7,10,4,West,Under_Construction
230970,230971,Karnataka,Bangalore,North,Villa,3,2772,460.81,0.17,2023,Semi-furnished,16,30,2,1,5,East,Under_Construction
231012,231013,Karnataka,Bangalore,East,Villa,2,4240,127.9,0.03,2000,Furnished,10,21,25,8,10,West,Under_Construction
231042,231043,Karnataka,Bangalore,North-East,Independent House,2,2343,87.49,0.04,2004,Semi-furnished,9,13,21,4,4,East,Ready_to_Move
231088,231089,Karnataka,Bangalore,North,Villa,3,2627,54.96,0.02,2009,Semi-furnished,24,22,16,9,7,West,Ready_to_Move
231131,231132,Karnataka,Bangalore,North,Apartment,2,3192,160.31,0.05,2008,Semi-furnished,13,17,17,7,3,North,Ready_to_Move
231155,231156,Karnataka,Bangalore,North,Apartment,5,1115,430.05,0.39,2007,Semi-furnished,14,28,18,10,6,West,Under_Construction
231300,231301,Karnataka,Bangalore,East,Independent House,5,2486,335.48,0.13,2008,Unfurnished,5,23,17,10,6,North,Under_Construction
231368,231369,Karnataka,Bangalore,North-East,Apartment,4,1445,92.69,0.06,1993,Furnished,6,8,32,9,9,South,Ready_to_Move
231422,231423,Karnataka,Bangalore,West,Independent House,5,4240,83.23,0.02,1992,Semi-furnished,3,2,33,4,5,East,Under_Construction
231471,231472,Karnataka,Bangalore,South,Independent House,1,4525,99.68,0.02,2020,Semi-furnished,25,14,5,4,9,West,Ready_to_Move
231498,231499,Karnataka,Bangalore,West,Apartment,1,1641,129.61,0.08,2014,Furnished,9,25,11,4,1,East,Ready_to_Move
231540,231541,Karnataka,Bangalore,West,Apartment,3,1055,387.58,0.37,1997,Semi-furnished,27,26,28,10,5,East,Ready_to_Move
231560,231561,Karnataka,Bangalore,Central,Independent House,3,767,148.77,0.19,2012,Furnished,1,11,13,6,7,South,Ready_to_Move
231716,231717,Karnataka,Bangalore,North,Villa,1,895,342.7,0.38,1997,Semi-furnished,8,10,28,3,4,North,Under_Construction
231733,231734,Karnataka,Bangalore,North-East,Apartment,4,1806,388.44,0.22,2016,Unfurnished,13,19,9,1,5,South,Ready_to_Move
231791,231792,Karnataka,Bangalore,South-East,Independent House,2,3199,448.61,0.14,2007,Semi-furnished,28,21,18,8,8,North,Under_Construction
231808,231809,Karnataka,Bangalore,East,Independent House,4,3229,305.63,0.09,2004,Unfurnished,2,15,21,2,8,West,Under_Construction
231854,231855,Karnataka,Bangalore,East,Villa,5,2234,220.18,0.1,2010,Semi-furnished,21,23,15,6,7,South,Under_Construction
231922,231923,Karnataka,Bangalore,East,Independent House,4,4616,241.25,0.05,2020,Furnished,7,16,5,4,6,North,Ready_to_Move
231982,231983,Karnataka,Bangalore,West,Independent House,4,1325,268.67,0.2,1994,Semi-furnished,29,13,31,10,3,West,Under_Construction
232076,232077,Karnataka,Bangalore,South,Independent House,5,4921,457.94,0.09,2002,Semi-furnished,4,4,23,6,8,South,Ready_to_Move
232131,232132,Karnataka,Bangalore,East,Apartment,1,731,191.06,0.26,2014,Semi-furnished,1,24,11,1,4,South,Under_Construction
232228,232229,Karnataka,Bangalore,South-West,Villa,1,4121,307.79,0.07,1990,Semi-furnished,20,7,35,6,10,West,Under_Construction
232245,232246,Karnataka,Bangalore,North,Villa,3,2850,396.74,0.14,1998,Semi-furnished,6,9,27,3,4,North,Under_Construction
232269,232270,Karnataka,Bangalore,North,Villa,5,1849,77.19,0.04,2013,Furnished,7,2,12,4,2,South,Under_Construction
232315,232316,Karnataka,Bangalore,Central,Apartment,4,4336,251.45,0.06,1999,Semi-furnished,29,6,26,1,9,East,Under_Construction
232320,232321,Karnataka,Bangalore,Central,Independent House,5,3311,65.68,0.02,2016,Furnished,27,13,9,1,10,East,Under_Construction
232364,232365,Karnataka,Bangalore,West,Villa,2,4265,282.82,0.07,2022,Furnished,19,17,3,4,4,West,Ready_to_Move
232396,232397,Karnataka,Bangalore,East,Apartment,4,2700,350.13,0.13,1996,Furnished,2,25,29,8,7,East,Ready_to_Move
232510,232511,Karnataka,Bangalore,West,Apartment,2,1336,135.43,0.1,2000,Furnished,2,22,25,8,10,South,Under_Construction
232539,232540,Karnataka,Bangalore,East,Villa,4,4792,329.77,0.07,2002,Furnished,29,1,23,9,10,East,Under_Construction
232576,232577,Karnataka,Bangalore,South,Villa,5,4242,476.0,0.11,1998,Unfurnished,15,30,27,7,7,North,Ready_to_Move
232660,232661,Karnataka,Bangalore,East,Apartment,1,4728,128.16,0.03,2001,Semi-furnished,24,28,24,7,1,East,Ready_to_Move
232694,232695,Karnataka,Bangalore,East,Apartment,3,3021,127.91,0.04,1998,Semi-furnished,23,4,27,9,10,South,Ready_to_Move
232733,232734,Karnataka,Bangalore,East,Apartment,1,1288,214.22,0.17,2018,Semi-furnished,24,3,7,3,5,North,Under_Construction
232908,232909,Karnataka,Bangalore,North,Villa,5,2777,18.89,0.01,1995,Unfurnished,7,18,30,5,9,East,Ready_to_Move
232988,232989,Karnataka,Bangalore,Central,Independent House,3,3818,48.63,0.01,2012,Semi-furnished,9,16,13,10,10,East,Under_Construction
233007,233008,Karnataka,Bangalore,East,Villa,4,2925,319.95,0.11,2010,Furnished,25,27,15,5,3,North,Under_Construction
233035,233036,Karnataka,Bangalore,North,Apartment,5,2222,41.07,0.02,2014,Unfurnished,19,3,11,9,3,West,Under_Construction
233066,233067,Karnataka,Bangalore,East,Apartment,4,1785,206.7,0.12,2015,Unfurnished,12,17,10,2,3,South,Ready_to_Move
233120,233121,Karnataka,Bangalore,North,Apartment,5,3105,495.93,0.16,2022,Semi-furnished,6,10,3,6,1,West,Ready_to_Move
233194,233195,Karnataka,Bangalore,East,Villa,4,4007,179.51,0.04,1997,Semi-furnished,30,23,28,6,6,West,Under_Construction
233298,233299,Karnataka,Bangalore,South-East,Villa,4,1551,315.86,0.2,2009,Unfurnished,22,17,16,2,6,North,Ready_to_Move
233337,233338,Karnataka,Bangalore,West,Independent House,5,3590,43.97,0.01,1996,Unfurnished,24,25,29,10,8,North,Ready_to_Move
233361,233362,Karnataka,Bangalore,Central,Apartment,2,1660,206.84,0.12,2004,Unfurnished,8,6,21,10,9,North,Ready_to_Move
233379,233380,Karnataka,Bangalore,West,Villa,2,2236,197.33,0.09,2003,Furnished,6,5,22,8,1,East,Ready_to_Move
233380,233381,Karnataka,Bangalore,Central,Independent House,5,3976,364.19,0.09,2009,Unfurnished,5,19,16,4,9,East,Under_Construction
233518,233519,Karnataka,Bangalore,West,Villa,3,4914,39.0,0.01,1998,Unfurnished,17,22,27,2,8,South,Ready_to_Move
233575,233576,Karnataka,Bangalore,West,Independent House,1,3605,119.95,0.03,2000,Furnished,3,1,25,9,6,East,Ready_to_Move
233641,233642,Karnataka,Bangalore,South,Independent House,1,1262,347.37,0.28,2001,Semi-furnished,15,14,24,4,5,South,Ready_to_Move
233652,233653,Karnataka,Bangalore,North,Apartment,1,3524,23.15,0.01,1999,Furnished,17,30,26,10,1,West,Under_Construction
233704,233705,Karnataka,Bangalore,South-East,Independent House,5,4044,21.28,0.01,2012,Unfurnished,9,5,13,10,1,South,Under_Construction
233819,233820,Karnataka,Bangalore,East,Independent House,1,1827,146.45,0.08,1995,Unfurnished,12,30,30,9,2,East,Ready_to_Move
233822,233823,Karnataka,Bangalore,North,Independent House,2,2838,401.0,0.14,2013,Furnished,8,30,12,3,5,West,Under_Construction
233869,233870,Karnataka,Bangalore,East,Villa,2,2419,171.9,0.07,2007,Furnished,0,17,18,9,8,West,Under_Construction
233982,233983,Karnataka,Bangalore,North,Independent House,3,2096,481.42,0.23,2009,Semi-furnished,22,10,16,1,3,South,Ready_to_Move
234049,234050,Karnataka,Bangalore,North-East,Independent House,4,4916,484.35,0.1,2020,Semi-furnished,17,20,5,6,2,East,Ready_to_Move
234076,234077,Karnataka,Bangalore,South-East,Independent House,1,3380,400.31,0.12,2008,Unfurnished,24,1,17,1,3,West,Ready_to_Move
234118,234119,Karnataka,Bangalore,South-East,Apartment,3,4145,389.16,0.09,1993,Furnished,1,27,32,7,3,North,Ready_to_Move
234178,234179,Karnataka,Bangalore,South-West,Independent House,5,3332,295.14,0.09,2015,Furnished,24,12,10,6,3,South,Under_Construction
234209,234210,Karnataka,Bangalore,West,Villa,3,2474,89.9,0.04,2008,Furnished,6,13,17,4,3,West,Under_Construction
234346,234347,Karnataka,Bangalore,South,Independent House,3,1566,110.28,0.07,2013,Furnished,8,4,12,9,8,East,Under_Construction
234448,234449,Karnataka,Bangalore,East,Villa,1,1191,79.03,0.07,1991,Semi-furnished,1,9,34,3,3,East,Under_Construction
234521,234522,Karnataka,Bangalore,South-West,Villa,2,3009,222.41,0.07,2017,Furnished,2,2,8,10,5,South,Ready_to_Move
234534,234535,Karnataka,Bangalore,North-East,Apartment,1,2566,407.36,0.16,2002,Unfurnished,19,3,23,5,9,South,Ready_to_Move
234606,234607,Karnataka,Bangalore,East,Independent House,4,1172,376.43,0.32,2011,Furnished,9,26,14,10,1,South,Under_Construction
234617,234618,Karnataka,Bangalore,North,Villa,1,2783,148.64,0.05,2015,Semi-furnished,28,8,10,4,1,West,Ready_to_Move
234626,234627,Karnataka,Bangalore,North-East,Apartment,4,1792,333.89,0.19,2007,Furnished,13,18,18,3,9,North,Under_Construction
234643,234644,Karnataka,Bangalore,North-East,Apartment,3,834,219.36,0.26,2000,Semi-furnished,26,19,25,4,3,East,Under_Construction
234797,234798,Karnataka,Bangalore,East,Villa,5,2960,66.25,0.02,2020,Semi-furnished,1,12,5,3,10,North,Under_Construction
234852,234853,Karnataka,Bangalore,Central,Apartment,4,568,499.56,0.88,2001,Semi-furnished,10,20,24,8,10,North,Ready_to_Move
234860,234861,Karnataka,Bangalore,South,Villa,5,1030,496.41,0.48,1995,Unfurnished,22,20,30,8,3,West,Ready_to_Move
235006,235007,Karnataka,Bangalore,South-East,Independent House,2,2070,436.9,0.21,2003,Furnished,0,17,22,10,6,West,Under_Construction
235027,235028,Karnataka,Bangalore,South-East,Villa,4,3088,393.39,0.13,2010,Semi-furnished,21,15,15,5,10,West,Under_Construction
235032,235033,Karnataka,Bangalore,North,Independent House,2,2952,457.79,0.16,2003,Furnished,18,14,22,4,5,South,Under_Construction
235059,235060,Karnataka,Bangalore,South-East,Apartment,2,4043,410.19,0.1,2013,Furnished,22,29,12,8,10,East,Under_Construction
235080,235081,Karnataka,Bangalore,West,Independent House,2,4744,11.37,0.0,2023,Furnished,30,11,2,3,2,North,Ready_to_Move
235104,235105,Karnataka,Bangalore,Central,Apartment,1,1484,402.16,0.27,2004,Furnished,18,13,21,10,10,West,Ready_to_Move
235126,235127,Karnataka,Bangalore,South,Independent House,5,1466,249.1,0.17,1993,Semi-furnished,10,23,32,6,6,North,Under_Construction
235273,235274,Karnataka,Bangalore,Central,Villa,5,3401,153.64,0.05,2016,Furnished,27,20,9,1,4,South,Ready_to_Move
235313,235314,Karnataka,Bangalore,South,Villa,3,2257,358.69,0.16,2016,Semi-furnished,22,23,9,4,6,North,Under_Construction
235383,235384,Karnataka,Bangalore,South-West,Independent House,3,1853,331.99,0.18,2011,Furnished,8,25,14,1,7,South,Under_Construction
235434,235435,Karnataka,Bangalore,North,Apartment,5,2410,387.16,0.16,1993,Furnished,21,22,32,5,1,East,Under_Construction
235476,235477,Karnataka,Bangalore,North,Villa,1,3528,351.03,0.1,1993,Unfurnished,24,21,32,3,6,East,Under_Construction
235546,235547,Karnataka,Bangalore,North,Villa,3,2133,31.38,0.01,2018,Semi-furnished,15,4,7,8,7,East,Under_Construction
235576,235577,Karnataka,Bangalore,Central,Villa,2,4908,139.25,0.03,2021,Unfurnished,18,25,4,1,3,South,Under_Construction
235616,235617,Karnataka,Bangalore,South-West,Independent House,1,2176,92.03,0.04,2007,Semi-furnished,10,9,18,1,7,South,Ready_to_Move
235743,235744,Karnataka,Bangalore,South-East,Villa,3,2144,268.6,0.13,2009,Semi-furnished,30,12,16,2,6,South,Ready_to_Move
235863,235864,Karnataka,Bangalore,West,Apartment,4,3127,285.58,0.09,2010,Semi-furnished,6,2,15,5,10,South,Under_Construction
235898,235899,Karnataka,Bangalore,Central,Independent House,1,3961,97.45,0.02,2006,Furnished,1,21,19,8,8,North,Ready_to_Move
236032,236033,Karnataka,Bangalore,South,Independent House,3,2203,474.97,0.22,2004,Furnished,16,3,21,8,8,South,Under_Construction
236116,236117,Karnataka,Bangalore,East,Villa,2,4284,411.02,0.1,2002,Furnished,18,28,23,9,1,East,Ready_to_Move
236198,236199,Karnataka,Bangalore,South,Independent House,1,674,171.42,0.25,2023,Semi-furnished,16,17,2,6,9,North,Ready_to_Move
236203,236204,Karnataka,Bangalore,South-West,Independent House,5,518,245.07,0.47,1992,Semi-furnished,25,14,33,9,3,East,Ready_to_Move
236267,236268,Karnataka,Bangalore,South-West,Independent House,5,4290,25.56,0.01,2005,Semi-furnished,8,25,20,5,5,West,Under_Construction
236270,236271,Karnataka,Bangalore,North,Villa,1,1119,267.86,0.24,2021,Semi-furnished,7,13,4,1,10,East,Ready_to_Move
236327,236328,Karnataka,Bangalore,South-West,Independent House,2,975,383.56,0.39,1990,Semi-furnished,7,27,35,8,4,East,Ready_to_Move
236334,236335,Karnataka,Bangalore,East,Villa,5,1550,356.16,0.23,2000,Semi-furnished,20,7,25,4,3,West,Under_Construction
236388,236389,Karnataka,Bangalore,South-West,Independent House,5,779,205.07,0.26,2016,Semi-furnished,1,28,9,9,3,East,Under_Construction
236414,236415,Karnataka,Bangalore,South,Apartment,1,931,416.2,0.45,2010,Furnished,8,21,15,7,6,North,Under_Construction
236431,236432,Karnataka,Bangalore,South,Villa,5,1164,341.17,0.29,2021,Furnished,30,7,4,1,5,North,Ready_to_Move
236433,236434,Karnataka,Bangalore,West,Independent House,4,2511,213.15,0.08,2013,Furnished,29,18,12,3,6,West,Under_Construction
236477,236478,Karnataka,Bangalore,South,Independent House,1,1532,351.74,0.23,1998,Furnished,23,16,27,9,3,West,Under_Construction
236513,236514,Karnataka,Bangalore,South-East,Villa,3,4748,292.71,0.06,2021,Semi-furnished,4,24,4,1,6,East,Ready_to_Move
236549,236550,Karnataka,Bangalore,North-East,Apartment,2,1868,132.6,0.07,2017,Furnished,16,22,8,9,6,West,Ready_to_Move
236577,236578,Karnataka,Bangalore,North,Apartment,4,2992,39.94,0.01,2020,Semi-furnished,0,9,5,7,5,East,Under_Construction
236610,236611,Karnataka,Bangalore,North,Apartment,2,981,56.18,0.06,2007,Semi-furnished,13,14,18,3,8,East,Under_Construction
236661,236662,Karnataka,Bangalore,Central,Villa,4,1384,159.27,0.12,2002,Furnished,19,20,23,5,1,West,Under_Construction
236772,236773,Karnataka,Bangalore,South-East,Villa,1,3054,319.1,0.1,2023,Semi-furnished,0,12,2,2,4,East,Ready_to_Move
236916,236917,Karnataka,Bangalore,South-West,Villa,4,1186,235.86,0.2,2009,Unfurnished,14,27,16,9,8,North,Under_Construction
237105,237106,Karnataka,Bangalore,North-East,Apartment,2,805,469.31,0.58,2016,Furnished,22,1,9,6,3,North,Ready_to_Move
237165,237166,Karnataka,Bangalore,East,Apartment,2,3745,93.28,0.02,2019,Unfurnished,28,16,6,2,7,North,Ready_to_Move
237168,237169,Karnataka,Bangalore,North-East,Villa,5,4426,139.59,0.03,1991,Semi-furnished,6,3,34,6,1,South,Ready_to_Move
237237,237238,Karnataka,Bangalore,South,Apartment,1,2499,155.35,0.06,2014,Furnished,6,6,11,7,5,South,Under_Construction
237326,237327,Karnataka,Bangalore,North,Independent House,1,2280,162.46,0.07,2010,Furnished,7,8,15,1,6,North,Under_Construction
237396,237397,Karnataka,Bangalore,South-East,Independent House,5,3030,78.99,0.03,1996,Semi-furnished,27,20,29,5,1,South,Under_Construction
237598,237599,Karnataka,Bangalore,East,Villa,4,4766,348.0,0.07,2015,Unfurnished,5,20,10,9,8,North,Under_Construction
237616,237617,Karnataka,Bangalore,South,Apartment,3,2366,264.05,0.11,2012,Semi-furnished,6,15,13,1,10,East,Under_Construction
237710,237711,Karnataka,Bangalore,North,Apartment,2,1950,397.11,0.2,2003,Furnished,20,19,22,7,5,West,Under_Construction
237735,237736,Karnataka,Bangalore,South,Villa,2,1820,103.46,0.06,2004,Unfurnished,5,19,21,10,4,North,Under_Construction
237743,237744,Karnataka,Bangalore,South-West,Villa,5,2733,138.14,0.05,2023,Unfurnished,30,23,2,2,10,West,Ready_to_Move
237752,237753,Karnataka,Bangalore,South,Apartment,2,1841,52.28,0.03,1990,Unfurnished,18,21,35,3,2,North,Under_Construction
237761,237762,Karnataka,Bangalore,Central,Apartment,1,1418,120.27,0.08,1997,Unfurnished,5,27,28,8,10,North,Under_Construction
237794,237795,Karnataka,Bangalore,South,Villa,1,3402,79.2,0.02,2017,Furnished,30,1,8,7,5,South,Under_Construction
237826,237827,Karnataka,Bangalore,Central,Independent House,3,1559,208.19,0.13,2017,Unfurnished,10,28,8,2,6,East,Ready_to_Move
237996,237997,Karnataka,Bangalore,South,Villa,1,2339,315.97,0.14,2000,Furnished,18,22,25,9,7,South,Under_Construction
238053,238054,Karnataka,Bangalore,North,Apartment,1,2669,89.3,0.03,2008,Furnished,25,4,17,7,9,North,Ready_to_Move
238073,238074,Karnataka,Bangalore,Central,Independent House,4,941,482.45,0.51,1997,Furnished,16,11,28,7,9,East,Under_Construction
238099,238100,Karnataka,Bangalore,South-East,Apartment,5,3772,430.88,0.11,1991,Furnished,5,29,34,2,5,North,Ready_to_Move
238128,238129,Karnataka,Bangalore,East,Independent House,4,2234,261.96,0.12,2006,Unfurnished,18,20,19,9,6,East,Ready_to_Move
238150,238151,Karnataka,Bangalore,South-West,Independent House,2,4566,459.21,0.1,2002,Furnished,5,15,23,4,10,West,Under_Construction
238160,238161,Karnataka,Bangalore,South,Independent House,4,1918,152.98,0.08,2023,Furnished,10,9,2,4,5,West,Ready_to_Move
238190,238191,Karnataka,Bangalore,South,Apartment,5,3456,55.8,0.02,2022,Furnished,15,15,3,1,1,North,Under_Construction
238195,238196,Karnataka,Bangalore,South-West,Apartment,2,1383,170.25,0.12,2001,Unfurnished,11,2,24,1,1,South,Ready_to_Move
238215,238216,Karnataka,Bangalore,North,Villa,5,1217,461.1,0.38,2001,Furnished,21,20,24,2,8,South,Under_Construction
238257,238258,Karnataka,Bangalore,East,Apartment,5,1458,16.45,0.01,2009,Semi-furnished,17,24,16,4,2,North,Under_Construction
238375,238376,Karnataka,Bangalore,East,Villa,5,790,410.53,0.52,2022,Semi-furnished,23,18,3,9,6,West,Ready_to_Move
238405,238406,Karnataka,Bangalore,North,Villa,3,4643,18.07,0.0,2004,Semi-furnished,14,29,21,5,10,South,Ready_to_Move
238456,238457,Karnataka,Bangalore,South-West,Villa,2,3754,480.68,0.13,2001,Unfurnished,18,30,24,9,1,North,Under_Construction
238463,238464,Karnataka,Bangalore,South-East,Villa,2,2118,229.92,0.11,2001,Semi-furnished,4,21,24,6,2,North,Ready_to_Move
238547,238548,Karnataka,Bangalore,Central,Apartment,3,4966,205.81,0.04,1990,Unfurnished,13,4,35,8,8,West,Ready_to_Move
238585,238586,Karnataka,Bangalore,North-East,Independent House,2,4841,65.78,0.01,1996,Unfurnished,10,21,29,7,2,East,Ready_to_Move
238606,238607,Karnataka,Bangalore,East,Independent House,2,1591,267.59,0.17,2008,Semi-furnished,23,12,17,3,7,South,Ready_to_Move
238702,238703,Karnataka,Bangalore,West,Independent House,5,1031,269.33,0.26,1992,Furnished,30,5,33,5,2,East,Under_Construction
238703,238704,Karnataka,Bangalore,East,Apartment,2,1937,124.91,0.06,2005,Semi-furnished,6,20,20,10,9,East,Under_Construction
238721,238722,Karnataka,Bangalore,South-West,Villa,1,3455,170.54,0.05,2010,Unfurnished,1,5,15,7,10,East,Ready_to_Move
238738,238739,Karnataka,Bangalore,South-East,Apartment,2,3611,171.7,0.05,2023,Furnished,1,22,2,9,1,East,Under_Construction
238851,238852,Karnataka,Bangalore,South-East,Villa,3,4808,317.56,0.07,1997,Semi-furnished,2,9,28,5,8,North,Ready_to_Move
238903,238904,Karnataka,Bangalore,East,Independent House,1,907,151.6,0.17,2017,Semi-furnished,26,3,8,2,10,South,Ready_to_Move
238969,238970,Karnataka,Bangalore,South-East,Independent House,1,2676,236.78,0.09,2017,Semi-furnished,7,3,8,1,3,South,Under_Construction
239046,239047,Karnataka,Bangalore,South-East,Apartment,3,3934,130.34,0.03,1996,Unfurnished,16,4,29,2,5,East,Ready_to_Move
239059,239060,Karnataka,Bangalore,South-East,Villa,2,651,496.23,0.76,2007,Semi-furnished,7,26,18,5,10,North,Under_Construction
239082,239083,Karnataka,Bangalore,North-East,Independent House,3,3605,293.69,0.08,2003,Semi-furnished,12,23,22,3,4,South,Ready_to_Move
239201,239202,Karnataka,Bangalore,Central,Independent House,4,1843,86.56,0.05,2022,Furnished,10,10,3,4,8,West,Under_Construction
239230,239231,Karnataka,Bangalore,West,Villa,3,4228,396.71,0.09,1997,Semi-furnished,19,22,28,10,5,East,Ready_to_Move
239234,239235,Karnataka,Bangalore,East,Apartment,4,739,99.5,0.13,2015,Furnished,19,12,10,6,1,North,Under_Construction
239401,239402,Karnataka,Bangalore,North,Apartment,5,2136,358.77,0.17,1994,Unfurnished,25,5,31,8,6,South,Ready_to_Move
239489,239490,Karnataka,Bangalore,East,Villa,5,4809,90.91,0.02,2006,Furnished,15,16,19,5,3,North,Ready_to_Move
239535,239536,Karnataka,Bangalore,South-West,Apartment,3,3583,335.76,0.09,2007,Furnished,25,2,18,8,2,North,Under_Construction
239723,239724,Karnataka,Bangalore,South-East,Independent House,4,2383,11.87,0.0,2023,Unfurnished,17,3,2,4,3,South,Ready_to_Move
239774,239775,Karnataka,Bangalore,North-East,Apartment,5,2498,201.73,0.08,2021,Unfurnished,10,25,4,5,10,East,Ready_to_Move
239778,239779,Karnataka,Bangalore,South,Villa,2,3934,228.45,0.06,1991,Furnished,17,16,34,9,6,East,Under_Construction
239833,239834,Karnataka,Bangalore,North-East,Apartment,3,4833,348.92,0.07,2010,Semi-furnished,23,22,15,8,3,South,Ready_to_Move
239853,239854,Karnataka,Bangalore,North-East,Independent House,2,3595,303.27,0.08,2002,Furnished,29,4,23,6,5,East,Under_Construction
239919,239920,Karnataka,Bangalore,North,Independent House,2,2920,108.57,0.04,2004,Semi-furnished,21,28,21,7,6,North,Ready_to_Move
239989,239990,Karnataka,Bangalore,West,Independent House,1,2237,204.68,0.09,2015,Unfurnished,6,13,10,5,8,North,Ready_to_Move
240094,240095,Karnataka,Bangalore,South,Villa,2,4114,496.85,0.12,2021,Unfurnished,21,9,4,10,7,West,Ready_to_Move
240098,240099,Karnataka,Bangalore,Central,Villa,1,4840,465.63,0.1,2019,Unfurnished,12,6,6,8,7,North,Ready_to_Move
240150,240151,Karnataka,Bangalore,North,Independent House,3,2577,419.47,0.16,2006,Furnished,11,12,19,10,1,North,Ready_to_Move
240158,240159,Karnataka,Bangalore,South-East,Villa,5,2927,243.95,0.08,2003,Semi-furnished,20,7,22,7,3,North,Under_Construction
240183,240184,Karnataka,Bangalore,West,Independent House,4,4154,22.34,0.01,2022,Semi-furnished,16,4,3,3,2,South,Ready_to_Move
240205,240206,Karnataka,Bangalore,East,Independent House,4,727,109.81,0.15,1996,Semi-furnished,12,7,29,1,4,West,Under_Construction
240208,240209,Karnataka,Bangalore,South-East,Apartment,5,3342,108.05,0.03,2013,Furnished,14,27,12,4,1,North,Ready_to_Move
240307,240308,Karnataka,Bangalore,South-West,Independent House,1,3904,184.49,0.05,2022,Furnished,18,29,3,9,4,North,Ready_to_Move
240326,240327,Karnataka,Bangalore,Central,Independent House,3,629,181.6,0.29,2022,Furnished,17,21,3,2,6,South,Ready_to_Move
240350,240351,Karnataka,Bangalore,Central,Villa,5,4184,306.95,0.07,2018,Furnished,9,6,7,10,7,North,Under_Construction
240410,240411,Karnataka,Bangalore,Central,Villa,4,3374,209.78,0.06,2013,Unfurnished,28,8,12,2,8,East,Under_Construction
240436,240437,Karnataka,Bangalore,Central,Villa,3,1451,111.62,0.08,2003,Unfurnished,8,9,22,9,2,North,Ready_to_Move
240444,240445,Karnataka,Bangalore,East,Independent House,4,1854,484.43,0.26,2007,Unfurnished,7,26,18,8,4,South,Under_Construction
240519,240520,Karnataka,Bangalore,North-East,Independent House,2,1271,45.19,0.04,2013,Unfurnished,29,6,12,10,8,West,Ready_to_Move
240551,240552,Karnataka,Bangalore,West,Apartment,1,4300,201.76,0.05,2018,Unfurnished,25,13,7,8,4,West,Under_Construction
240663,240664,Karnataka,Bangalore,West,Villa,4,3487,452.07,0.13,2018,Furnished,14,18,7,4,7,West,Ready_to_Move
240701,240702,Karnataka,Bangalore,North,Independent House,2,1991,343.15,0.17,2016,Semi-furnished,2,30,9,3,5,North,Under_Construction
240804,240805,Karnataka,Bangalore,South-West,Independent House,2,4195,264.2,0.06,1994,Furnished,17,9,31,2,6,North,Ready_to_Move
240823,240824,Karnataka,Bangalore,North-East,Villa,3,2292,487.6,0.21,2005,Semi-furnished,23,17,20,9,9,South,Ready_to_Move
240831,240832,Karnataka,Bangalore,East,Independent House,4,3867,272.68,0.07,2007,Unfurnished,15,28,18,6,5,South,Ready_to_Move
240939,240940,Karnataka,Bangalore,North-East,Independent House,5,3549,482.57,0.14,2002,Furnished,1,3,23,8,8,North,Ready_to_Move
241004,241005,Karnataka,Bangalore,West,Independent House,1,1387,164.45,0.12,2005,Unfurnished,9,27,20,4,6,East,Ready_to_Move
241074,241075,Karnataka,Bangalore,North,Apartment,2,3829,473.62,0.12,2001,Unfurnished,21,25,24,10,7,West,Ready_to_Move
241095,241096,Karnataka,Bangalore,East,Villa,2,3855,175.78,0.05,2019,Semi-furnished,26,24,6,5,6,East,Ready_to_Move
241144,241145,Karnataka,Bangalore,North,Apartment,2,1334,301.11,0.23,2016,Semi-furnished,7,23,9,8,2,North,Ready_to_Move
241170,241171,Karnataka,Bangalore,Central,Independent House,4,2866,304.33,0.11,1992,Semi-furnished,1,30,33,4,3,South,Under_Construction
241177,241178,Karnataka,Bangalore,Central,Independent House,3,1515,118.92,0.08,1995,Furnished,5,30,30,4,7,South,Ready_to_Move
241212,241213,Karnataka,Bangalore,South,Independent House,1,1596,319.86,0.2,2013,Semi-furnished,25,30,12,7,6,South,Under_Construction
241283,241284,Karnataka,Bangalore,South,Apartment,5,2582,82.79,0.03,1995,Unfurnished,7,30,30,7,7,West,Ready_to_Move
241298,241299,Karnataka,Bangalore,North-East,Apartment,1,558,258.58,0.46,2016,Semi-furnished,6,23,9,7,6,West,Under_Construction
241515,241516,Karnataka,Bangalore,South-East,Apartment,4,1671,363.2,0.22,1995,Furnished,18,15,30,8,10,East,Under_Construction
241555,241556,Karnataka,Bangalore,South-East,Independent House,5,1701,250.37,0.15,2011,Unfurnished,26,20,14,3,3,North,Ready_to_Move
241629,241630,Karnataka,Bangalore,Central,Villa,5,1111,444.7,0.4,2011,Furnished,18,22,14,1,5,West,Under_Construction
241636,241637,Karnataka,Bangalore,South-West,Apartment,4,1579,79.75,0.05,2023,Furnished,11,6,2,1,3,South,Under_Construction
241814,241815,Karnataka,Bangalore,East,Independent House,4,3180,185.65,0.06,2017,Unfurnished,15,30,8,4,6,South,Ready_to_Move
241855,241856,Karnataka,Bangalore,South-East,Villa,5,1938,259.9,0.13,1992,Unfurnished,12,13,33,4,6,South,Ready_to_Move
241905,241906,Karnataka,Bangalore,South-East,Villa,3,3178,480.0,0.15,2000,Semi-furnished,1,11,25,6,4,South,Ready_to_Move
242092,242093,Karnataka,Bangalore,South,Villa,3,4819,346.22,0.07,1994,Furnished,23,17,31,6,6,West,Ready_to_Move
242095,242096,Karnataka,Bangalore,North,Apartment,1,1752,393.29,0.22,2015,Furnished,4,19,10,10,9,West,Under_Construction
242097,242098,Karnataka,Bangalore,South-West,Apartment,1,2065,241.85,0.12,2016,Semi-furnished,10,22,9,1,7,West,Under_Construction
242240,242241,Karnataka,Bangalore,East,Independent House,5,3321,245.28,0.07,2021,Unfurnished,24,6,4,5,7,North,Under_Construction
242280,242281,Karnataka,Bangalore,Central,Villa,5,2159,335.47,0.16,2004,Semi-furnished,17,10,21,10,7,South,Under_Construction
242299,242300,Karnataka,Bangalore,North-East,Apartment,2,2105,495.73,0.24,2023,Semi-furnished,18,26,2,2,2,West,Under_Construction
242358,242359,Karnataka,Bangalore,North-East,Villa,4,1308,348.42,0.27,2014,Furnished,17,18,11,8,10,East,Under_Construction
242375,242376,Karnataka,Bangalore,East,Villa,4,2492,431.33,0.17,2011,Unfurnished,24,11,14,5,1,East,Under_Construction
242414,242415,Karnataka,Bangalore,South-East,Independent House,3,2823,333.61,0.12,1996,Furnished,13,8,29,3,2,West,Under_Construction
242465,242466,Karnataka,Bangalore,Central,Apartment,5,1720,361.63,0.21,2010,Semi-furnished,5,8,15,3,1,West,Under_Construction
242569,242570,Karnataka,Bangalore,North-East,Villa,2,648,154.33,0.24,2000,Unfurnished,8,16,25,6,5,West,Under_Construction
242619,242620,Karnataka,Bangalore,South-East,Villa,3,3419,42.64,0.01,2018,Unfurnished,2,10,7,8,8,North,Under_Construction
242645,242646,Karnataka,Bangalore,South-West,Independent House,2,3027,350.32,0.12,2017,Furnished,25,16,8,5,1,East,Ready_to_Move
242651,242652,Karnataka,Bangalore,Central,Independent House,3,3152,252.12,0.08,2022,Semi-furnished,14,25,3,10,1,North,Under_Construction
242667,242668,Karnataka,Bangalore,North-East,Apartment,2,2932,124.86,0.04,1999,Furnished,6,25,26,4,10,North,Under_Construction
242669,242670,Karnataka,Bangalore,South-East,Independent House,4,977,147.65,0.15,2011,Semi-furnished,12,4,14,2,1,South,Under_Construction
242872,242873,Karnataka,Bangalore,South-West,Villa,4,3697,330.61,0.09,1999,Semi-furnished,20,12,26,6,1,East,Ready_to_Move
242890,242891,Karnataka,Bangalore,East,Independent House,5,740,452.6,0.61,2001,Furnished,18,29,24,1,10,North,Ready_to_Move
242924,242925,Karnataka,Bangalore,Central,Apartment,3,3511,487.9,0.14,2008,Unfurnished,23,14,17,6,9,North,Under_Construction
243054,243055,Karnataka,Bangalore,Central,Independent House,4,3126,121.52,0.04,2001,Unfurnished,23,27,24,2,10,West,Ready_to_Move
243125,243126,Karnataka,Bangalore,West,Villa,3,3961,342.43,0.09,2020,Semi-furnished,16,18,5,5,7,North,Under_Construction
243233,243234,Karnataka,Bangalore,South-West,Independent House,2,3415,319.79,0.09,2020,Semi-furnished,23,24,5,6,1,South,Ready_to_Move
243287,243288,Karnataka,Bangalore,North-East,Villa,2,665,172.65,0.26,2003,Furnished,24,2,22,2,5,South,Under_Construction
243311,243312,Karnataka,Bangalore,South-West,Villa,2,2455,475.24,0.19,2006,Semi-furnished,17,21,19,4,7,East,Under_Construction
243325,243326,Karnataka,Bangalore,South-East,Independent House,2,1885,448.28,0.24,2019,Unfurnished,20,24,6,10,5,East,Ready_to_Move
243401,243402,Karnataka,Bangalore,North,Apartment,1,1225,84.3,0.07,2001,Unfurnished,9,3,24,7,2,West,Under_Construction
243430,243431,Karnataka,Bangalore,South-West,Villa,1,3804,205.49,0.05,2005,Furnished,14,24,20,1,6,North,Ready_to_Move
243464,243465,Karnataka,Bangalore,South-East,Independent House,5,4809,190.04,0.04,2014,Furnished,26,1,11,10,7,South,Ready_to_Move
243608,243609,Karnataka,Bangalore,Central,Villa,3,872,156.94,0.18,1994,Semi-furnished,5,14,31,3,5,West,Ready_to_Move
243640,243641,Karnataka,Bangalore,South-East,Apartment,2,3789,356.56,0.09,2004,Semi-furnished,2,13,21,3,10,South,Under_Construction
243646,243647,Karnataka,Bangalore,South-East,Apartment,4,1267,207.67,0.16,2020,Semi-furnished,3,23,5,5,10,West,Under_Construction
243693,243694,Karnataka,Bangalore,South-East,Apartment,1,1988,59.23,0.03,2005,Unfurnished,1,8,20,9,9,North,Under_Construction
243791,243792,Karnataka,Bangalore,North-East,Apartment,4,4922,191.42,0.04,2001,Furnished,5,7,24,4,4,West,Ready_to_Move
243894,243895,Karnataka,Bangalore,North-East,Villa,1,3195,111.13,0.03,1994,Unfurnished,9,24,31,3,6,East,Under_Construction
243951,243952,Karnataka,Bangalore,Central,Apartment,3,4596,327.65,0.07,1990,Semi-furnished,9,13,35,1,8,North,Ready_to_Move
244299,244300,Karnataka,Bangalore,Central,Villa,2,3651,332.15,0.09,2022,Semi-furnished,7,3,3,10,3,North,Under_Construction
244319,244320,Karnataka,Bangalore,South-East,Apartment,4,3583,209.85,0.06,2023,Unfurnished,25,3,2,6,6,South,Under_Construction
244416,244417,Karnataka,Bangalore,South-West,Apartment,2,1580,100.22,0.06,2004,Semi-furnished,29,18,21,1,3,East,Ready_to_Move
244419,244420,Karnataka,Bangalore,South,Apartment,1,2713,234.42,0.09,2023,Furnished,15,6,2,3,1,West,Under_Construction
244450,244451,Karnataka,Bangalore,North,Independent House,1,991,498.38,0.5,2023,Semi-furnished,14,2,2,8,1,South,Under_Construction
244463,244464,Karnataka,Bangalore,South-West,Villa,5,1850,12.14,0.01,2008,Semi-furnished,0,5,17,1,3,South,Ready_to_Move
244467,244468,Karnataka,Bangalore,West,Independent House,3,3284,321.55,0.1,2008,Semi-furnished,26,6,17,3,3,South,Under_Construction
244509,244510,Karnataka,Bangalore,North-East,Villa,5,2577,310.65,0.12,1996,Semi-furnished,14,30,29,2,8,West,Under_Construction
244512,244513,Karnataka,Bangalore,Central,Apartment,4,4420,481.13,0.11,1991,Unfurnished,0,22,34,8,6,East,Under_Construction
244664,244665,Karnataka,Bangalore,South-West,Independent House,5,1181,283.41,0.24,2005,Furnished,0,29,20,1,2,North,Under_Construction
244739,244740,Karnataka,Bangalore,North-East,Independent House,5,4823,165.21,0.03,1995,Unfurnished,25,26,30,6,3,West,Under_Construction
244773,244774,Karnataka,Bangalore,Central,Villa,1,3031,496.27,0.16,2004,Unfurnished,16,3,21,5,2,South,Ready_to_Move
244847,244848,Karnataka,Bangalore,West,Villa,5,4487,423.28,0.09,2011,Unfurnished,8,2,14,1,6,North,Ready_to_Move
244877,244878,Karnataka,Bangalore,East,Villa,3,1146,95.49,0.08,1996,Semi-furnished,0,23,29,4,2,North,Under_Construction
244884,244885,Karnataka,Bangalore,North-East,Apartment,5,4288,170.41,0.04,1996,Semi-furnished,10,16,29,6,9,South,Under_Construction
244915,244916,Karnataka,Bangalore,East,Villa,5,4566,278.47,0.06,1993,Unfurnished,29,30,32,4,8,South,Under_Construction
244916,244917,Karnataka,Bangalore,Central,Independent House,3,1524,316.39,0.21,1996,Semi-furnished,7,4,29,9,1,West,Ready_to_Move
244945,244946,Karnataka,Bangalore,North-East,Apartment,4,976,284.49,0.29,1992,Unfurnished,14,17,33,7,3,East,Ready_to_Move
244980,244981,Karnataka,Bangalore,South-West,Villa,2,4544,485.7,0.11,2014,Unfurnished,6,25,11,8,10,West,Ready_to_Move
245034,245035,Karnataka,Bangalore,South-East,Villa,5,4366,350.04,0.08,2000,Furnished,5,9,25,7,4,North,Under_Construction
245036,245037,Karnataka,Bangalore,Central,Villa,3,751,264.34,0.35,1998,Furnished,8,28,27,1,9,North,Under_Construction
245143,245144,Karnataka,Bangalore,South,Villa,3,3837,477.34,0.12,2000,Unfurnished,25,9,25,9,9,South,Ready_to_Move
245147,245148,Karnataka,Bangalore,North-East,Independent House,1,3287,136.4,0.04,2022,Unfurnished,4,16,3,6,8,South,Ready_to_Move
245264,245265,Karnataka,Bangalore,East,Apartment,2,4950,51.77,0.01,2020,Unfurnished,18,21,5,10,7,South,Under_Construction
245397,245398,Karnataka,Bangalore,North,Villa,3,1305,166.84,0.13,1997,Unfurnished,27,12,28,6,6,South,Ready_to_Move
245441,245442,Karnataka,Bangalore,South-West,Independent House,5,1135,396.25,0.35,2018,Unfurnished,14,15,7,6,8,East,Ready_to_Move
245494,245495,Karnataka,Bangalore,East,Independent House,4,3658,256.8,0.07,2017,Furnished,2,13,8,4,3,North,Ready_to_Move
245550,245551,Karnataka,Bangalore,North-East,Independent House,1,4899,87.3,0.02,1994,Furnished,1,10,31,9,2,East,Ready_to_Move
245582,245583,Karnataka,Bangalore,South,Apartment,2,4357,32.14,0.01,1997,Semi-furnished,15,30,28,10,7,North,Under_Construction
245640,245641,Karnataka,Bangalore,South-West,Apartment,5,3877,455.77,0.12,2003,Unfurnished,28,28,22,1,5,North,Ready_to_Move
245682,245683,Karnataka,Bangalore,North,Independent House,2,4591,317.93,0.07,2007,Unfurnished,19,28,18,8,5,East,Ready_to_Move
245693,245694,Karnataka,Bangalore,North-East,Villa,4,2374,77.07,0.03,2013,Semi-furnished,14,5,12,5,7,East,Ready_to_Move
245742,245743,Karnataka,Bangalore,East,Independent House,4,3937,140.17,0.04,2007,Semi-furnished,17,24,18,7,8,North,Ready_to_Move
245784,245785,Karnataka,Bangalore,East,Independent House,4,3227,367.89,0.11,2014,Unfurnished,26,7,11,6,10,West,Ready_to_Move
245818,245819,Karnataka,Bangalore,South-East,Independent House,4,1917,308.2,0.16,2010,Semi-furnished,21,2,15,4,8,East,Under_Construction
245856,245857,Karnataka,Bangalore,East,Independent House,3,4059,415.77,0.1,2011,Unfurnished,13,5,14,6,6,East,Under_Construction
245922,245923,Karnataka,Bangalore,South,Apartment,2,4354,118.01,0.03,2002,Unfurnished,24,13,23,5,6,West,Ready_to_Move
245954,245955,Karnataka,Bangalore,North-East,Apartment,5,1401,180.84,0.13,1993,Furnished,15,22,32,7,9,East,Under_Construction
245994,245995,Karnataka,Bangalore,South-East,Apartment,3,1300,136.92,0.11,2001,Unfurnished,3,12,24,9,5,East,Ready_to_Move
246005,246006,Karnataka,Bangalore,West,Villa,4,867,15.52,0.02,2008,Semi-furnished,17,20,17,1,5,East,Ready_to_Move
246067,246068,Karnataka,Bangalore,South-West,Apartment,1,2601,351.82,0.14,1990,Furnished,15,5,35,6,6,East,Ready_to_Move
246179,246180,Karnataka,Bangalore,South-East,Independent House,1,2960,432.02,0.15,2014,Unfurnished,5,22,11,5,1,West,Ready_to_Move
246226,246227,Karnataka,Bangalore,South,Independent House,2,956,154.99,0.16,2003,Unfurnished,26,12,22,7,6,North,Ready_to_Move
246262,246263,Karnataka,Bangalore,South-East,Apartment,4,535,281.81,0.53,2012,Semi-furnished,19,1,13,7,5,West,Ready_to_Move
246284,246285,Karnataka,Bangalore,South-East,Villa,4,4757,21.47,0.0,1997,Unfurnished,29,15,28,9,5,East,Under_Construction
246405,246406,Karnataka,Bangalore,South-East,Independent House,1,3461,401.19,0.12,1993,Semi-furnished,26,14,32,4,7,East,Under_Construction
246641,246642,Karnataka,Bangalore,North-East,Apartment,3,2198,124.85,0.06,2019,Unfurnished,28,30,6,5,8,East,Ready_to_Move
246811,246812,Karnataka,Bangalore,East,Independent House,1,2015,218.79,0.11,1998,Semi-furnished,12,23,27,8,6,North,Under_Construction
246837,246838,Karnataka,Bangalore,Central,Apartment,2,2775,453.5,0.16,2003,Unfurnished,16,5,22,5,1,East,Under_Construction
246928,246929,Karnataka,Bangalore,East,Apartment,3,2827,318.49,0.11,2020,Semi-furnished,28,1,5,1,9,East,Ready_to_Move
246936,246937,Karnataka,Bangalore,North-East,Independent House,2,2735,255.59,0.09,2022,Semi-furnished,11,15,3,3,9,West,Ready_to_Move
246965,246966,Karnataka,Bangalore,South,Independent House,4,2930,331.39,0.11,2011,Semi-furnished,20,23,14,10,10,West,Ready_to_Move
247002,247003,Karnataka,Bangalore,South-East,Villa,2,4072,166.58,0.04,2016,Unfurnished,27,27,9,1,4,North,Ready_to_Move
247010,247011,Karnataka,Bangalore,West,Independent House,2,3523,353.34,0.1,2023,Unfurnished,22,26,2,7,5,North,Ready_to_Move
247014,247015,Karnataka,Bangalore,North-East,Independent House,5,4239,209.03,0.05,1995,Semi-furnished,5,11,30,6,6,North,Ready_to_Move
247020,247021,Karnataka,Bangalore,Central,Villa,3,603,352.16,0.58,2003,Semi-furnished,1,19,22,5,9,West,Ready_to_Move
247109,247110,Karnataka,Bangalore,South-East,Apartment,4,1066,499.2,0.47,1991,Semi-furnished,15,17,34,6,5,West,Under_Construction
247358,247359,Karnataka,Bangalore,West,Apartment,1,2429,433.81,0.18,2018,Semi-furnished,17,2,7,9,5,West,Under_Construction
247381,247382,Karnataka,Bangalore,North,Independent House,2,3644,161.17,0.04,1990,Semi-furnished,8,23,35,1,3,East,Under_Construction
247587,247588,Karnataka,Bangalore,East,Apartment,1,3140,288.07,0.09,2010,Unfurnished,2,7,15,3,1,South,Under_Construction
247626,247627,Karnataka,Bangalore,South,Villa,3,3642,80.1,0.02,2007,Furnished,1,20,18,5,9,West,Under_Construction
247652,247653,Karnataka,Bangalore,South,Villa,3,1342,85.78,0.06,2005,Semi-furnished,6,18,20,4,2,East,Under_Construction
247721,247722,Karnataka,Bangalore,South,Villa,2,4678,497.78,0.11,1997,Semi-furnished,18,3,28,2,4,East,Under_Construction
247764,247765,Karnataka,Bangalore,North,Independent House,5,2688,345.21,0.13,2012,Unfurnished,20,29,13,2,3,West,Ready_to_Move
247882,247883,Karnataka,Bangalore,Central,Independent House,3,1053,52.48,0.05,2003,Semi-furnished,6,9,22,10,10,East,Under_Construction
247901,247902,Karnataka,Bangalore,South-West,Independent House,4,2096,423.84,0.2,2007,Furnished,25,26,18,3,6,North,Ready_to_Move
247956,247957,Karnataka,Bangalore,South-West,Independent House,4,1445,327.89,0.23,1998,Unfurnished,5,21,27,4,8,West,Ready_to_Move
247962,247963,Karnataka,Bangalore,West,Villa,4,2900,226.22,0.08,2010,Furnished,25,9,15,7,8,East,Under_Construction
248056,248057,Karnataka,Bangalore,Central,Independent House,4,754,177.43,0.24,1993,Furnished,23,26,32,10,3,North,Ready_to_Move
248061,248062,Karnataka,Bangalore,Central,Villa,3,1551,284.9,0.18,1997,Furnished,6,7,28,5,5,East,Ready_to_Move
248064,248065,Karnataka,Bangalore,South,Apartment,3,3174,109.91,0.03,2012,Unfurnished,4,10,13,2,5,West,Ready_to_Move
248066,248067,Karnataka,Bangalore,East,Independent House,1,3917,330.75,0.08,1995,Furnished,20,24,30,9,9,South,Under_Construction
248112,248113,Karnataka,Bangalore,South-East,Apartment,1,4126,66.41,0.02,2012,Unfurnished,26,28,13,10,4,North,Ready_to_Move
248265,248266,Karnataka,Bangalore,North-East,Villa,1,3092,179.73,0.06,1992,Semi-furnished,16,8,33,2,5,West,Ready_to_Move
248581,248582,Karnataka,Bangalore,North,Independent House,1,4611,161.72,0.04,1994,Unfurnished,8,29,31,7,3,East,Under_Construction
248585,248586,Karnataka,Bangalore,South-East,Apartment,5,3153,20.55,0.01,2005,Unfurnished,21,3,20,2,2,East,Ready_to_Move
248595,248596,Karnataka,Bangalore,South,Apartment,2,3210,458.22,0.14,2008,Furnished,7,30,17,10,2,South,Ready_to_Move
248638,248639,Karnataka,Bangalore,North,Villa,5,2368,286.35,0.12,1995,Furnished,8,16,30,6,10,South,Ready_to_Move
248663,248664,Karnataka,Bangalore,South,Villa,4,2727,21.34,0.01,2013,Semi-furnished,26,9,12,8,5,West,Under_Construction
248711,248712,Karnataka,Bangalore,Central,Villa,3,2004,293.26,0.15,2005,Unfurnished,7,10,20,7,6,South,Ready_to_Move
248769,248770,Karnataka,Bangalore,Central,Independent House,3,1688,485.16,0.29,2004,Semi-furnished,4,26,21,6,4,East,Ready_to_Move
248784,248785,Karnataka,Bangalore,West,Apartment,4,1028,339.19,0.33,2004,Unfurnished,6,5,21,2,9,North,Under_Construction
248786,248787,Karnataka,Bangalore,South,Apartment,1,4924,267.55,0.05,2014,Furnished,18,29,11,9,6,East,Ready_to_Move
248832,248833,Karnataka,Bangalore,South-West,Villa,4,2757,245.64,0.09,1996,Unfurnished,14,7,29,7,10,North,Under_Construction
248876,248877,Karnataka,Bangalore,Central,Villa,4,2466,275.07,0.11,2018,Unfurnished,23,1,7,8,4,West,Under_Construction
248943,248944,Karnataka,Bangalore,North,Independent House,5,2264,94.35,0.04,2006,Semi-furnished,20,21,19,2,5,South,Under_Construction
249060,249061,Karnataka,Bangalore,South-East,Apartment,3,2030,209.96,0.1,1993,Furnished,25,27,32,1,7,North,Ready_to_Move
249066,249067,Karnataka,Bangalore,East,Villa,3,2983,127.46,0.04,1994,Unfurnished,8,25,31,5,4,North,Ready_to_Move
249256,249257,Karnataka,Bangalore,North,Independent House,1,1334,139.69,0.1,2023,Furnished,19,28,2,2,8,East,Ready_to_Move
249408,249409,Karnataka,Bangalore,South-West,Independent House,5,2637,345.94,0.13,1993,Furnished,27,2,32,8,6,North,Ready_to_Move
249529,249530,Karnataka,Bangalore,North-East,Villa,5,4233,59.3,0.01,1993,Unfurnished,0,11,32,3,3,East,Ready_to_Move
249591,249592,Karnataka,Bangalore,South,Apartment,1,4342,127.86,0.03,2005,Semi-furnished,28,12,20,6,1,West,Under_Construction
249836,249837,Karnataka,Bangalore,South-West,Apartment,4,1382,44.25,0.03,2001,Semi-furnished,3,2,24,4,10,South,Under_Construction
249867,249868,Karnataka,Bangalore,South-West,Apartment,3,1300,48.29,0.04,2008,Unfurnished,2,11,17,5,4,East,Under_Construction
249882,249883,Karnataka,Bangalore,North-East,Villa,5,3545,388.54,0.11,2015,Semi-furnished,30,30,10,5,9,East,Ready_to_Move
249884,249885,Karnataka,Bangalore,South,Independent House,5,2450,23.69,0.01,1994,Unfurnished,29,26,31,9,3,North,Under_Construction
249889,249890,Karnataka,Bangalore,East,Independent House,2,4844,464.62,0.1,2003,Unfurnished,4,27,22,3,1,East,Ready_to_Move
249957,249958,Karnataka,Bangalore,South,Villa,4,1776,76.02,0.04,2013,Semi-furnished,3,2,12,3,7,South,Ready_to_Move
249981,249982,Karnataka,Bangalore,South-East,Villa,1,4571,429.42,0.09,2012,Furnished,30,11,13,10,2,South,Under_Construction
